{"type":"FeatureCollection","features":[{"type":"Feature","properties":{"scalerank":1,"featurecla":"Admin-0 country","LABELRANK":3,"SOVEREIGNT":"Afghanistan","SOV_A3":"AFG","ADM0_DIF":0,"LEVEL":2,"TYPE":"Sovereign country","ADMIN":"Afghanistan","ADM0_A3":"AFG","GEOU_DIF":0,"GEOUNIT":"Afghanistan","GU_A3":"AFG","SU_DIF":0,"SUBUNIT":"Afghanistan","SU_A3":"AFG","BRK_DIFF":0,"NAME":"Afghanistan","NAME_LONG":"Afghanistan","BRK_A3":"AFG","BRK_NAME":"Afghanistan","BRK_GROUP":null,"ABBREV":"Afg.","POSTAL":"AF","FORMAL_EN":"Islamic State of Afghanistan","FORMAL_FR":null,"NAME_CIAWF":"Afghanistan","NOTE_ADM0":null,"NOTE_BRK":null,"NAME_SORT":"Afghanistan","NAME_ALT":null,"MAPCOLOR7":5,"MAPCOLOR8":6,"MAPCOLOR9":8,"MAPCOLOR13":7,"POP_EST":34124811,"POP_RANK":15,"GDP_MD_EST":64080,"POP_YEAR":2017,"LASTCENSUS":1979,"GDP_YEAR":2016,"ECONOMY":"7. Least developed region","INCOME_GRP":"5. Low income","WIKIPEDIA":-99,"FIPS_10_":"AF","ISO_A2":"AF","ISO_A3":"AFG","ISO_A3_EH":"AFG","ISO_N3":"004","UN_A3":"004","WB_A2":"AF","WB_A3":"AFG","WOE_ID":23424739,"WOE_ID_EH":23424739,"WOE_NOTE":"Exact WOE match as country","ADM0_A3_IS":"AFG","ADM0_A3_US":"AFG","ADM0_A3_UN":-99,"ADM0_A3_WB":-99,"CONTINENT":"Asia","REGION_UN":"Asia","SUBREGION":"Southern Asia","REGION_WB":"South Asia","NAME_LEN":11,"LONG_LEN":11,"ABBREV_LEN":4,"TINY":-99,"HOMEPART":1,"MIN_ZOOM":0,"MIN_LABEL":3,"MAX_LABEL":7},"bbox":[60.52843,29.318572,75.158028,38.486282],"geometry":{"type":"Polygon","coordinates":[[[61.211,35.65],[62.231,35.271],[62.985,35.404],[63.194,35.857],[63.983,36.008],[64.546,36.312],[64.746,37.112],[65.589,37.305],[65.746,37.661],[66.217,37.394],[66.519,37.363],[67.076,37.356],[67.83,37.145],[68.136,37.023],[68.859,37.344],[69.196,37.151],[69.519,37.609],[70.117,37.588],[70.271,37.735],[70.376,38.138],[70.807,38.486],[71.348,38.259],[71.239,37.953],[71.542,37.906],[71.449,37.066],[71.845,36.738],[72.193,36.948],[72.637,37.048],[73.26,37.495],[73.949,37.422],[74.98,37.42],[75.158,37.133],[74.576,37.021],[74.068,36.836],[72.92,36.72],[71.846,36.51],[71.262,36.074],[71.499,35.651],[71.613,35.153],[71.115,34.733],[71.157,34.349],[70.882,33.989],[69.931,34.02],[70.324,33.359],[69.687,33.105],[69.263,32.502],[69.318,31.901],[68.927,31.62],[68.557,31.713],[67.793,31.583],[67.683,31.303],[66.939,31.305],[66.381,30.739],[66.346,29.888],[65.047,29.472],[64.35,29.56],[64.148,29.341],[63.55,29.468],[62.55,29.319],[60.874,29.829],[61.781,30.736],[61.699,31.38],[60.942,31.548],[60.864,32.183],[60.536,32.981],[60.964,33.529],[60.528,33.676],[60.803,34.404],[61.211,35.65]]]}},{"type":"Feature","properties":{"scalerank":1,"featurecla":"Admin-0 country","LABELRANK":3,"SOVEREIGNT":"Angola","SOV_A3":"AGO","ADM0_DIF":0,"LEVEL":2,"TYPE":"Sovereign country","ADMIN":"Angola","ADM0_A3":"AGO","GEOU_DIF":0,"GEOUNIT":"Angola","GU_A3":"AGO","SU_DIF":0,"SUBUNIT":"Angola","SU_A3":"AGO","BRK_DIFF":0,"NAME":"Angola","NAME_LONG":"Angola","BRK_A3":"AGO","BRK_NAME":"Angola","BRK_GROUP":null,"ABBREV":"Ang.","POSTAL":"AO","FORMAL_EN":"People's Republic of Angola","FORMAL_FR":null,"NAME_CIAWF":"Angola","NOTE_ADM0":null,"NOTE_BRK":null,"NAME_SORT":"Angola","NAME_ALT":null,"MAPCOLOR7":3,"MAPCOLOR8":2,"MAPCOLOR9":6,"MAPCOLOR13":1,"POP_EST":29310273,"POP_RANK":15,"GDP_MD_EST":189000,"POP_YEAR":2017,"LASTCENSUS":1970,"GDP_YEAR":2016,"ECONOMY":"7. Least developed region","INCOME_GRP":"3. Upper middle income","WIKIPEDIA":-99,"FIPS_10_":"AO","ISO_A2":"AO","ISO_A3":"AGO","ISO_A3_EH":"AGO","ISO_N3":"024","UN_A3":"024","WB_A2":"AO","WB_A3":"AGO","WOE_ID":23424745,"WOE_ID_EH":23424745,"WOE_NOTE":"Exact WOE match as country","ADM0_A3_IS":"AGO","ADM0_A3_US":"AGO","ADM0_A3_UN":-99,"ADM0_A3_WB":-99,"CONTINENT":"Africa","REGION_UN":"Africa","SUBREGION":"Middle Africa","REGION_WB":"Sub-Saharan Africa","NAME_LEN":6,"LONG_LEN":6,"ABBREV_LEN":4,"TINY":-99,"HOMEPART":1,"MIN_ZOOM":0,"MIN_LABEL":3,"MAX_LABEL":7},"bbox":[11.640096,-17.930636,24.079905,-4.438023],"geometry":{"type":"MultiPolygon","coordinates":[[[[23.904,-11.722],[24.08,-12.191],[23.931,-12.566],[24.016,-12.911],[21.934,-12.898],[21.888,-16.08],[22.562,-16.898],[23.215,-17.523],[21.377,-17.931],[18.956,-17.789],[18.263,-17.31],[14.21,-17.353],[14.059,-17.423],[13.462,-16.971],[12.814,-16.941],[12.215,-17.112],[11.734,-17.302],[11.64,-16.673],[11.779,-15.794],[12.124,-14.878],[12.176,-14.449],[12.5,-13.548],[12.738,-13.138],[13.313,-12.484],[13.634,-12.039],[13.739,-11.298],[13.686,-10.731],[13.387,-10.374],[13.121,-9.767],[12.875,-9.167],[12.929,-8.959],[13.236,-8.563],[12.933,-7.597],[12.728,-6.927],[12.227,-6.294],[12.322,-6.1],[12.735,-5.966],[13.025,-5.984],[13.376,-5.864],[16.327,-5.877],[16.573,-6.623],[16.86,-7.222],[17.09,-7.546],[17.473,-8.069],[18.134,-7.988],[18.464,-7.847],[19.017,-7.988],[19.167,-7.738],[19.418,-7.155],[20.038,-7.116],[20.092,-6.943],[20.602,-6.939],[20.515,-7.3],[21.728,-7.291],[21.746,-7.92],[21.949,-8.306],[21.802,-8.909],[21.875,-9.524],[22.209,-9.895],[22.155,-11.085],[22.403,-10.993],[22.837,-11.018],[23.457,-10.868],[23.912,-10.927],[24.018,-11.237],[23.904,-11.722]]],[[[12.182,-5.79],[11.915,-5.038],[12.319,-4.606],[12.621,-4.438],[12.996,-4.781],[12.632,-4.991],[12.468,-5.248],[12.437,-5.684],[12.182,-5.79]]]]}},{"type":"Feature","properties":{"scalerank":1,"featurecla":"Admin-0 country","LABELRANK":6,"SOVEREIGNT":"Albania","SOV_A3":"ALB","ADM0_DIF":0,"LEVEL":2,"TYPE":"Sovereign country","ADMIN":"Albania","ADM0_A3":"ALB","GEOU_DIF":0,"GEOUNIT":"Albania","GU_A3":"ALB","SU_DIF":0,"SUBUNIT":"Albania","SU_A3":"ALB","BRK_DIFF":0,"NAME":"Albania","NAME_LONG":"Albania","BRK_A3":"ALB","BRK_NAME":"Albania","BRK_GROUP":null,"ABBREV":"Alb.","POSTAL":"AL","FORMAL_EN":"Republic of Albania","FORMAL_FR":null,"NAME_CIAWF":"Albania","NOTE_ADM0":null,"NOTE_BRK":null,"NAME_SORT":"Albania","NAME_ALT":null,"MAPCOLOR7":1,"MAPCOLOR8":4,"MAPCOLOR9":1,"MAPCOLOR13":6,"POP_EST":3047987,"POP_RANK":12,"GDP_MD_EST":33900,"POP_YEAR":2017,"LASTCENSUS":2001,"GDP_YEAR":2016,"ECONOMY":"6. Developing region","INCOME_GRP":"4. Lower middle income","WIKIPEDIA":-99,"FIPS_10_":"AL","ISO_A2":"AL","ISO_A3":"ALB","ISO_A3_EH":"ALB","ISO_N3":"008","UN_A3":"008","WB_A2":"AL","WB_A3":"ALB","WOE_ID":23424742,"WOE_ID_EH":23424742,"WOE_NOTE":"Exact WOE match as country","ADM0_A3_IS":"ALB","ADM0_A3_US":"ALB","ADM0_A3_UN":-99,"ADM0_A3_WB":-99,"CONTINENT":"Europe","REGION_UN":"Europe","SUBREGION":"Southern Europe","REGION_WB":"Europe & Central Asia","NAME_LEN":7,"LONG_LEN":7,"ABBREV_LEN":4,"TINY":-99,"HOMEPART":1,"MIN_ZOOM":0,"MIN_LABEL":5,"MAX_LABEL":10},"bbox":[19.304486,39.624998,21.02004,42.688247],"geometry":{"type":"Polygon","coordinates":[[[21.02,40.843],[21,40.58],[20.675,40.435],[20.615,40.11],[20.15,39.625],[19.98,39.695],[19.96,39.915],[19.406,40.251],[19.319,40.727],[19.404,41.41],[19.54,41.72],[19.372,41.878],[19.372,41.878],[19.304,42.196],[19.738,42.688],[19.802,42.5],[20.071,42.589],[20.284,42.32],[20.523,42.218],[20.59,41.855],[20.59,41.855],[20.463,41.515],[20.605,41.086],[21.02,40.843]]]}},{"type":"Feature","properties":{"scalerank":1,"featurecla":"Admin-0 country","LABELRANK":4,"SOVEREIGNT":"United Arab Emirates","SOV_A3":"ARE","ADM0_DIF":0,"LEVEL":2,"TYPE":"Sovereign country","ADMIN":"United Arab Emirates","ADM0_A3":"ARE","GEOU_DIF":0,"GEOUNIT":"United Arab Emirates","GU_A3":"ARE","SU_DIF":0,"SUBUNIT":"United Arab Emirates","SU_A3":"ARE","BRK_DIFF":0,"NAME":"United Arab Emirates","NAME_LONG":"United Arab Emirates","BRK_A3":"ARE","BRK_NAME":"United Arab Emirates","BRK_GROUP":null,"ABBREV":"U.A.E.","POSTAL":"AE","FORMAL_EN":"United Arab Emirates","FORMAL_FR":null,"NAME_CIAWF":"United Arab Emirates","NOTE_ADM0":null,"NOTE_BRK":null,"NAME_SORT":"United Arab Emirates","NAME_ALT":null,"MAPCOLOR7":2,"MAPCOLOR8":1,"MAPCOLOR9":3,"MAPCOLOR13":3,"POP_EST":6072475,"POP_RANK":13,"GDP_MD_EST":667200,"POP_YEAR":2017,"LASTCENSUS":2010,"GDP_YEAR":2016,"ECONOMY":"6. Developing region","INCOME_GRP":"2. High income: nonOECD","WIKIPEDIA":-99,"FIPS_10_":"AE","ISO_A2":"AE","ISO_A3":"ARE","ISO_A3_EH":"ARE","ISO_N3":"784","UN_A3":"784","WB_A2":"AE","WB_A3":"ARE","WOE_ID":23424738,"WOE_ID_EH":23424738,"WOE_NOTE":"Exact WOE match as country","ADM0_A3_IS":"ARE","ADM0_A3_US":"ARE","ADM0_A3_UN":-99,"ADM0_A3_WB":-99,"CONTINENT":"Asia","REGION_UN":"Asia","SUBREGION":"Western Asia","REGION_WB":"Middle East & North Africa","NAME_LEN":20,"LONG_LEN":20,"ABBREV_LEN":6,"TINY":-99,"HOMEPART":1,"MIN_ZOOM":0,"MIN_LABEL":4,"MAX_LABEL":9},"bbox":[51.579519,22.496948,56.396847,26.055464],"geometry":{"type":"Polygon","coordinates":[[[51.58,24.245],[51.757,24.294],[51.794,24.02],[52.577,24.177],[53.404,24.151],[54.008,24.122],[54.693,24.798],[55.439,25.439],[56.071,26.055],[56.261,25.715],[56.397,24.925],[55.886,24.921],[55.804,24.27],[55.981,24.131],[55.529,23.934],[55.526,23.525],[55.234,23.111],[55.208,22.708],[55.007,22.497],[52.001,23.001],[51.618,24.014],[51.58,24.245]]]}},{"type":"Feature","properties":{"scalerank":1,"featurecla":"Admin-0 country","LABELRANK":2,"SOVEREIGNT":"Argentina","SOV_A3":"ARG","ADM0_DIF":0,"LEVEL":2,"TYPE":"Sovereign country","ADMIN":"Argentina","ADM0_A3":"ARG","GEOU_DIF":0,"GEOUNIT":"Argentina","GU_A3":"ARG","SU_DIF":0,"SUBUNIT":"Argentina","SU_A3":"ARG","BRK_DIFF":0,"NAME":"Argentina","NAME_LONG":"Argentina","BRK_A3":"ARG","BRK_NAME":"Argentina","BRK_GROUP":null,"ABBREV":"Arg.","POSTAL":"AR","FORMAL_EN":"Argentine Republic","FORMAL_FR":null,"NAME_CIAWF":"Argentina","NOTE_ADM0":null,"NOTE_BRK":null,"NAME_SORT":"Argentina","NAME_ALT":null,"MAPCOLOR7":3,"MAPCOLOR8":1,"MAPCOLOR9":3,"MAPCOLOR13":13,"POP_EST":44293293,"POP_RANK":15,"GDP_MD_EST":879400,"POP_YEAR":2017,"LASTCENSUS":2010,"GDP_YEAR":2016,"ECONOMY":"5. Emerging region: G20","INCOME_GRP":"3. Upper middle income","WIKIPEDIA":-99,"FIPS_10_":"AR","ISO_A2":"AR","ISO_A3":"ARG","ISO_A3_EH":"ARG","ISO_N3":"032","UN_A3":"032","WB_A2":"AR","WB_A3":"ARG","WOE_ID":23424747,"WOE_ID_EH":23424747,"WOE_NOTE":"Exact WOE match as country","ADM0_A3_IS":"ARG","ADM0_A3_US":"ARG","ADM0_A3_UN":-99,"ADM0_A3_WB":-99,"CONTINENT":"South America","REGION_UN":"Americas","SUBREGION":"South America","REGION_WB":"Latin America & Caribbean","NAME_LEN":9,"LONG_LEN":9,"ABBREV_LEN":4,"TINY":-99,"HOMEPART":1,"MIN_ZOOM":0,"MIN_LABEL":2,"MAX_LABEL":7},"bbox":[-73.415436,-55.25,-53.628349,-21.83231],"geometry":{"type":"MultiPolygon","coordinates":[[[[-66.96,-54.897],[-67.562,-54.87],[-68.633,-54.869],[-68.634,-52.636],[-68.25,-53.1],[-67.75,-53.85],[-66.45,-54.45],[-65.05,-54.7],[-65.5,-55.2],[-66.45,-55.25],[-66.96,-54.897]]],[[[-68.572,-52.299],[-69.498,-52.143],[-71.915,-52.009],[-72.329,-51.426],[-72.31,-50.677],[-72.976,-50.741],[-73.328,-50.379],[-73.415,-49.318],[-72.648,-48.879],[-72.331,-48.244],[-72.447,-47.739],[-71.917,-46.885],[-71.552,-45.561],[-71.659,-44.974],[-71.223,-44.784],[-71.33,-44.408],[-71.794,-44.207],[-71.464,-43.788],[-71.915,-43.409],[-72.149,-42.255],[-71.747,-42.051],[-71.916,-40.832],[-71.681,-39.808],[-71.414,-38.916],[-70.815,-38.553],[-71.119,-37.577],[-71.122,-36.658],[-70.365,-36.005],[-70.388,-35.17],[-69.817,-34.194],[-69.815,-33.274],[-70.074,-33.091],[-70.535,-31.365],[-69.919,-30.336],[-70.014,-29.368],[-69.656,-28.459],[-69.001,-27.521],[-68.296,-26.899],[-68.595,-26.507],[-68.386,-26.185],[-68.418,-24.519],[-67.328,-24.025],[-66.985,-22.986],[-67.107,-22.736],[-66.273,-21.832],[-64.965,-22.076],[-64.377,-22.798],[-63.987,-21.994],[-62.846,-22.035],[-62.685,-22.249],[-60.847,-23.881],[-60.029,-24.033],[-58.807,-24.771],[-57.777,-25.162],[-57.634,-25.604],[-58.618,-27.124],[-57.61,-27.396],[-56.487,-27.548],[-55.696,-27.388],[-54.789,-26.622],[-54.625,-25.739],[-54.13,-25.548],[-53.628,-26.125],[-53.649,-26.923],[-54.491,-27.475],[-55.162,-27.882],[-56.291,-28.853],[-57.625,-30.216],[-57.875,-31.017],[-58.142,-32.045],[-58.133,-33.041],[-58.35,-33.263],[-58.427,-33.909],[-58.495,-34.431],[-57.226,-35.288],[-57.362,-35.977],[-56.737,-36.413],[-56.788,-36.902],[-57.749,-38.184],[-59.232,-38.72],[-61.237,-38.928],[-62.336,-38.828],[-62.126,-39.424],[-62.331,-40.173],[-62.146,-40.677],[-62.746,-41.029],[-63.77,-41.167],[-64.732,-40.803],[-65.118,-41.064],[-64.979,-42.058],[-64.303,-42.359],[-63.756,-42.044],[-63.458,-42.563],[-64.379,-42.874],[-65.182,-43.495],[-65.329,-44.501],[-65.565,-45.037],[-66.51,-45.04],[-67.294,-45.552],[-67.581,-46.302],[-66.597,-47.034],[-65.641,-47.236],[-65.985,-48.133],[-67.166,-48.697],[-67.816,-49.87],[-68.729,-50.264],[-69.139,-50.733],[-68.816,-51.771],[-68.15,-52.35],[-68.572,-52.299]]]]}},{"type":"Feature","properties":{"scalerank":1,"featurecla":"Admin-0 country","LABELRANK":6,"SOVEREIGNT":"Armenia","SOV_A3":"ARM","ADM0_DIF":0,"LEVEL":2,"TYPE":"Sovereign country","ADMIN":"Armenia","ADM0_A3":"ARM","GEOU_DIF":0,"GEOUNIT":"Armenia","GU_A3":"ARM","SU_DIF":0,"SUBUNIT":"Armenia","SU_A3":"ARM","BRK_DIFF":0,"NAME":"Armenia","NAME_LONG":"Armenia","BRK_A3":"ARM","BRK_NAME":"Armenia","BRK_GROUP":null,"ABBREV":"Arm.","POSTAL":"ARM","FORMAL_EN":"Republic of Armenia","FORMAL_FR":null,"NAME_CIAWF":"Armenia","NOTE_ADM0":null,"NOTE_BRK":null,"NAME_SORT":"Armenia","NAME_ALT":null,"MAPCOLOR7":3,"MAPCOLOR8":1,"MAPCOLOR9":2,"MAPCOLOR13":10,"POP_EST":3045191,"POP_RANK":12,"GDP_MD_EST":26300,"POP_YEAR":2017,"LASTCENSUS":2001,"GDP_YEAR":2016,"ECONOMY":"6. Developing region","INCOME_GRP":"4. Lower middle income","WIKIPEDIA":-99,"FIPS_10_":"AM","ISO_A2":"AM","ISO_A3":"ARM","ISO_A3_EH":"ARM","ISO_N3":"051","UN_A3":"051","WB_A2":"AM","WB_A3":"ARM","WOE_ID":23424743,"WOE_ID_EH":23424743,"WOE_NOTE":"Exact WOE match as country","ADM0_A3_IS":"ARM","ADM0_A3_US":"ARM","ADM0_A3_UN":-99,"ADM0_A3_WB":-99,"CONTINENT":"Asia","REGION_UN":"Asia","SUBREGION":"Western Asia","REGION_WB":"Europe & Central Asia","NAME_LEN":7,"LONG_LEN":7,"ABBREV_LEN":4,"TINY":-99,"HOMEPART":1,"MIN_ZOOM":0,"MIN_LABEL":5,"MAX_LABEL":10},"bbox":[43.582746,38.741201,46.50572,41.248129],"geometry":{"type":"Polygon","coordinates":[[[43.583,41.092],[44.972,41.248],[45.179,40.985],[45.56,40.812],[45.359,40.562],[45.892,40.218],[45.61,39.9],[46.035,39.628],[46.483,39.464],[46.506,38.771],[46.144,38.741],[45.735,39.32],[45.74,39.474],[45.298,39.472],[45.002,39.74],[44.794,39.713],[44.4,40.005],[43.656,40.254],[43.753,40.74],[43.583,41.092]]]}},{"type":"Feature","properties":{"scalerank":1,"featurecla":"Admin-0 country","LABELRANK":4,"SOVEREIGNT":"Antarctica","SOV_A3":"ATA","ADM0_DIF":0,"LEVEL":2,"TYPE":"Indeterminate","ADMIN":"Antarctica","ADM0_A3":"ATA","GEOU_DIF":0,"GEOUNIT":"Antarctica","GU_A3":"ATA","SU_DIF":0,"SUBUNIT":"Antarctica","SU_A3":"ATA","BRK_DIFF":0,"NAME":"Antarctica","NAME_LONG":"Antarctica","BRK_A3":"ATA","BRK_NAME":"Antarctica","BRK_GROUP":null,"ABBREV":"Ant.","POSTAL":"AQ","FORMAL_EN":null,"FORMAL_FR":null,"NAME_CIAWF":null,"NOTE_ADM0":null,"NOTE_BRK":"Multiple claims held in abeyance","NAME_SORT":"Antarctica","NAME_ALT":null,"MAPCOLOR7":4,"MAPCOLOR8":5,"MAPCOLOR9":1,"MAPCOLOR13":-99,"POP_EST":4050,"POP_RANK":4,"GDP_MD_EST":810,"POP_YEAR":2013,"LASTCENSUS":-99,"GDP_YEAR":2013,"ECONOMY":"6. Developing region","INCOME_GRP":"2. High income: nonOECD","WIKIPEDIA":-99,"FIPS_10_":"AY","ISO_A2":"AQ","ISO_A3":"ATA","ISO_A3_EH":"ATA","ISO_N3":"010","UN_A3":"-099","WB_A2":"-99","WB_A3":"-99","WOE_ID":28289409,"WOE_ID_EH":28289409,"WOE_NOTE":"Exact WOE match as country","ADM0_A3_IS":"ATA","ADM0_A3_US":"ATA","ADM0_A3_UN":-99,"ADM0_A3_WB":-99,"CONTINENT":"Antarctica","REGION_UN":"Antarctica","SUBREGION":"Antarctica","REGION_WB":"Antarctica","NAME_LEN":10,"LONG_LEN":10,"ABBREV_LEN":4,"TINY":-99,"HOMEPART":1,"MIN_ZOOM":0,"MIN_LABEL":4,"MAX_LABEL":9},"bbox":[-180,-90,180,-63.27066],"geometry":{"type":"MultiPolygon","coordinates":[[[[-59.572,-80.04],[-59.866,-80.55],[-60.16,-81],[-62.255,-80.863],[-64.488,-80.922],[-65.742,-80.589],[-65.742,-80.55],[-66.29,-80.256],[-64.038,-80.295],[-61.883,-80.393],[-61.139,-79.981],[-60.61,-79.629],[-59.572,-80.04]]],[[[-159.208,-79.497],[-161.128,-79.634],[-162.44,-79.281],[-163.027,-78.929],[-163.067,-78.87],[-163.713,-78.596],[-163.713,-78.596],[-163.106,-78.223],[-161.245,-78.38],[-160.246,-78.694],[-159.482,-79.046],[-159.208,-79.497]]],[[[-45.155,-78.047],[-43.921,-78.478],[-43.49,-79.086],[-43.372,-79.517],[-43.333,-80.026],[-44.881,-80.34],[-46.506,-80.594],[-48.386,-80.829],[-50.482,-81.025],[-52.852,-80.967],[-54.164,-80.634],[-53.988,-80.222],[-51.853,-79.948],[-50.991,-79.615],[-50.365,-79.183],[-49.914,-78.811],[-49.307,-78.459],[-48.661,-78.047],[-48.661,-78.047],[-48.151,-78.047],[-46.663,-77.831],[-45.155,-78.047]]],[[[-121.212,-73.501],[-119.919,-73.658],[-118.724,-73.481],[-119.292,-73.834],[-120.232,-74.089],[-121.623,-74.01],[-122.622,-73.658],[-122.622,-73.658],[-122.406,-73.325],[-121.212,-73.501]]],[[[-125.56,-73.481],[-124.032,-73.873],[-124.619,-73.834],[-125.912,-73.736],[-127.283,-73.462],[-127.283,-73.462],[-126.558,-73.246],[-125.56,-73.481]]],[[[-98.982,-71.933],[-97.885,-72.071],[-96.788,-71.953],[-96.2,-72.521],[-96.984,-72.443],[-98.198,-72.482],[-99.432,-72.443],[-100.783,-72.502],[-101.802,-72.306],[-102.331,-71.894],[-102.331,-71.894],[-101.704,-71.718],[-100.431,-71.855],[-98.982,-71.933]]],[[[-68.451,-70.956],[-68.334,-71.406],[-68.51,-71.798],[-68.784,-72.171],[-69.959,-72.308],[-71.076,-72.504],[-72.388,-72.484],[-71.898,-72.092],[-73.074,-72.229],[-74.19,-72.367],[-74.954,-72.073],[-75.013,-71.661],[-73.916,-71.269],[-73.916,-71.269],[-73.23,-71.152],[-72.075,-71.191],[-71.781,-70.681],[-71.722,-70.309],[-71.742,-69.506],[-71.174,-69.035],[-70.253,-68.879],[-69.724,-69.251],[-69.489,-69.623],[-69.059,-70.074],[-68.726,-70.505],[-68.451,-70.956]]],[[[-58.614,-64.152],[-59.045,-64.368],[-59.789,-64.211],[-60.612,-64.309],[-61.297,-64.544],[-62.022,-64.799],[-62.512,-65.093],[-62.649,-65.485],[-62.59,-65.857],[-62.12,-66.19],[-62.806,-66.426],[-63.746,-66.504],[-64.294,-66.837],[-64.882,-67.15],[-65.508,-67.582],[-65.665,-67.954],[-65.313,-68.365],[-64.784,-68.679],[-63.961,-68.914],[-63.197,-69.228],[-62.786,-69.619],[-62.571,-69.992],[-62.277,-70.384],[-61.807,-70.717],[-61.513,-71.089],[-61.376,-72.01],[-61.082,-72.382],[-61.004,-72.774],[-60.69,-73.166],[-60.827,-73.695],[-61.376,-74.107],[-61.963,-74.44],[-63.295,-74.577],[-63.746,-74.93],[-64.353,-75.263],[-65.861,-75.635],[-67.193,-75.792],[-68.446,-76.007],[-69.798,-76.223],[-70.601,-76.634],[-72.207,-76.674],[-73.97,-76.634],[-75.556,-76.713],[-77.24,-76.713],[-76.927,-77.105],[-75.399,-77.281],[-74.283,-77.555],[-73.656,-77.908],[-74.773,-78.222],[-76.496,-78.124],[-77.926,-78.378],[-77.985,-78.79],[-78.024,-79.182],[-76.849,-79.515],[-76.633,-79.887],[-75.36,-80.26],[-73.245,-80.416],[-71.443,-80.691],[-70.013,-81.004],[-68.192,-81.318],[-65.704,-81.474],[-63.256,-81.749],[-61.552,-82.043],[-59.691,-82.376],[-58.712,-82.846],[-58.222,-83.218],[-57.008,-82.866],[-55.363,-82.572],[-53.62,-82.258],[-51.544,-82.004],[-49.761,-81.729],[-47.274,-81.71],[-44.826,-81.847],[-42.808,-82.082],[-42.162,-81.651],[-40.771,-81.357],[-38.245,-81.337],[-36.267,-81.122],[-34.386,-80.906],[-32.31,-80.769],[-30.097,-80.593],[-28.55,-80.338],[-29.255,-79.985],[-29.686,-79.633],[-29.686,-79.26],[-31.625,-79.299],[-33.681,-79.456],[-35.64,-79.456],[-35.914,-79.084],[-35.777,-78.339],[-35.327,-78.124],[-33.897,-77.889],[-32.212,-77.653],[-30.998,-77.36],[-29.784,-77.066],[-28.883,-76.674],[-27.512,-76.497],[-26.16,-76.36],[-25.475,-76.282],[-23.928,-76.243],[-22.459,-76.105],[-21.225,-75.909],[-20.01,-75.674],[-18.914,-75.439],[-17.523,-75.126],[-16.642,-74.793],[-15.701,-74.499],[-15.408,-74.107],[-16.465,-73.872],[-16.113,-73.46],[-15.447,-73.147],[-14.409,-72.951],[-13.312,-72.715],[-12.294,-72.402],[-11.51,-72.01],[-11.02,-71.54],[-10.296,-71.265],[-9.101,-71.324],[-8.611,-71.657],[-7.417,-71.697],[-7.377,-71.324],[-6.868,-70.932],[-5.791,-71.03],[-5.536,-71.403],[-4.342,-71.461],[-3.049,-71.285],[-1.795,-71.167],[-0.659,-71.226],[-0.229,-71.638],[0.868,-71.305],[1.887,-71.128],[3.023,-70.991],[4.139,-70.854],[5.158,-70.619],[6.274,-70.462],[7.136,-70.247],[7.743,-69.894],[8.487,-70.149],[9.525,-70.011],[10.25,-70.482],[10.818,-70.834],[11.954,-70.638],[12.404,-70.247],[13.423,-69.972],[14.735,-70.031],[15.127,-70.403],[15.949,-70.031],[17.027,-69.913],[18.202,-69.874],[19.259,-69.894],[20.376,-70.011],[21.453,-70.07],[21.923,-70.403],[22.569,-70.697],[23.666,-70.521],[24.841,-70.482],[25.977,-70.482],[27.094,-70.462],[28.093,-70.325],[29.15,-70.207],[30.032,-69.933],[30.972,-69.757],[31.99,-69.659],[32.754,-69.384],[33.302,-68.836],[33.87,-68.503],[34.908,-68.659],[35.3,-69.012],[36.162,-69.247],[37.2,-69.169],[37.905,-69.521],[38.649,-69.776],[39.668,-69.541],[40.02,-69.11],[40.921,-68.934],[41.959,-68.601],[42.939,-68.463],[44.114,-68.267],[44.897,-68.052],[45.72,-67.817],[46.503,-67.601],[47.443,-67.719],[48.344,-67.366],[48.991,-67.092],[49.931,-67.111],[50.753,-66.876],[50.949,-66.523],[51.792,-66.249],[52.614,-66.053],[53.613,-65.896],[54.534,-65.818],[55.415,-65.877],[56.355,-65.975],[57.158,-66.249],[57.256,-66.68],[58.137,-67.013],[58.745,-67.288],[59.939,-67.405],[60.605,-67.68],[61.428,-67.954],[62.387,-68.013],[63.19,-67.817],[64.052,-67.405],[64.992,-67.621],[65.972,-67.738],[66.912,-67.856],[67.891,-67.934],[68.89,-67.934],[69.713,-68.973],[69.673,-69.228],[69.556,-69.678],[68.596,-69.933],[67.813,-70.305],[67.95,-70.697],[69.066,-70.678],[68.929,-71.069],[68.42,-71.442],[67.95,-71.853],[68.714,-72.167],[69.869,-72.265],[71.025,-72.088],[71.573,-71.697],[71.906,-71.324],[72.455,-71.011],[73.081,-70.717],[73.336,-70.364],[73.865,-69.874],[74.492,-69.776],[75.628,-69.737],[76.626,-69.619],[77.645,-69.463],[78.135,-69.071],[78.428,-68.698],[79.114,-68.326],[80.093,-68.072],[80.935,-67.876],[81.484,-67.542],[82.052,-67.366],[82.776,-67.209],[83.775,-67.307],[84.676,-67.209],[85.656,-67.092],[86.752,-67.15],[87.477,-66.876],[87.986,-66.21],[88.358,-66.484],[88.828,-66.955],[89.671,-67.15],[90.63,-67.229],[91.59,-67.111],[92.609,-67.19],[93.549,-67.209],[94.175,-67.111],[95.018,-67.17],[95.781,-67.386],[96.682,-67.249],[97.76,-67.249],[98.68,-67.111],[99.718,-67.249],[100.384,-66.915],[100.893,-66.582],[101.579,-66.308],[102.832,-65.563],[103.479,-65.7],[104.243,-65.975],[104.908,-66.328],[106.182,-66.935],[107.161,-66.955],[108.081,-66.955],[109.159,-66.837],[110.236,-66.7],[111.058,-66.426],[111.744,-66.132],[112.86,-66.092],[113.605,-65.877],[114.388,-66.073],[114.897,-66.386],[115.602,-66.7],[116.699,-66.661],[117.385,-66.915],[118.579,-67.17],[119.833,-67.268],[120.871,-67.19],[121.654,-66.876],[122.32,-66.563],[123.221,-66.484],[124.122,-66.621],[125.16,-66.719],[126.1,-66.563],[127.001,-66.563],[127.883,-66.661],[128.803,-66.759],[129.704,-66.582],[130.781,-66.426],[131.8,-66.386],[132.936,-66.386],[133.856,-66.288],[134.757,-66.21],[135.032,-65.72],[135.071,-65.309],[135.697,-65.583],[135.874,-66.034],[136.207,-66.445],[136.618,-66.778],[137.46,-66.955],[138.596,-66.896],[139.908,-66.876],[140.809,-66.817],[142.122,-66.817],[143.062,-66.798],[144.374,-66.837],[145.49,-66.915],[146.196,-67.229],[146,-67.601],[146.646,-67.895],[147.723,-68.13],[148.84,-68.385],[150.132,-68.561],[151.484,-68.718],[152.502,-68.875],[153.638,-68.895],[154.285,-68.561],[155.166,-68.836],[155.93,-69.149],[156.811,-69.384],[158.026,-69.482],[159.181,-69.6],[159.671,-69.992],[160.807,-70.227],[161.57,-70.58],[162.687,-70.736],[163.842,-70.717],[164.92,-70.776],[166.114,-70.756],[167.309,-70.834],[168.426,-70.971],[169.464,-71.207],[170.502,-71.403],[171.207,-71.697],[171.089,-72.088],[170.56,-72.441],[170.11,-72.892],[169.757,-73.245],[169.287,-73.656],[167.975,-73.813],[167.387,-74.165],[166.095,-74.381],[165.644,-74.773],[164.959,-75.145],[164.234,-75.459],[163.823,-75.87],[163.568,-76.243],[163.47,-76.693],[163.49,-77.066],[164.058,-77.457],[164.273,-77.83],[164.743,-78.183],[166.604,-78.32],[166.996,-78.751],[165.194,-78.907],[163.666,-79.123],[161.766,-79.162],[160.924,-79.73],[160.748,-80.201],[160.317,-80.573],[159.788,-80.945],[161.12,-81.279],[161.629,-81.69],[162.491,-82.062],[163.705,-82.395],[165.096,-82.709],[166.604,-83.022],[168.896,-83.336],[169.405,-83.826],[172.284,-84.041],[172.477,-84.118],[173.224,-84.414],[175.986,-84.159],[178.277,-84.473],[180,-84.713],[180,-90],[-180,-90],[-180,-84.713],[-179.942,-84.721],[-179.059,-84.139],[-177.257,-84.453],[-177.141,-84.418],[-176.085,-84.099],[-175.947,-84.11],[-175.83,-84.118],[-174.383,-84.534],[-173.117,-84.118],[-172.889,-84.061],[-169.951,-83.885],[-169,-84.118],[-168.53,-84.237],[-167.022,-84.57],[-164.182,-84.825],[-161.93,-85.139],[-158.071,-85.374],[-155.192,-85.1],[-150.942,-85.296],[-148.533,-85.609],[-145.889,-85.315],[-143.108,-85.041],[-142.892,-84.57],[-146.829,-84.531],[-150.061,-84.296],[-150.903,-83.904],[-153.586,-83.689],[-153.41,-83.238],[-153.038,-82.827],[-152.666,-82.454],[-152.862,-82.043],[-154.526,-81.768],[-155.29,-81.416],[-156.837,-81.102],[-154.409,-81.161],[-152.098,-81.004],[-150.648,-81.337],[-148.866,-81.043],[-147.221,-80.671],[-146.418,-80.338],[-146.77,-79.926],[-148.063,-79.652],[-149.532,-79.358],[-151.588,-79.299],[-153.39,-79.162],[-155.329,-79.064],[-155.976,-78.692],[-157.268,-78.378],[-158.052,-78.026],[-158.365,-76.889],[-157.875,-76.987],[-156.975,-77.301],[-155.329,-77.203],[-153.743,-77.066],[-152.92,-77.497],[-151.334,-77.399],[-150.002,-77.183],[-148.748,-76.909],[-147.612,-76.576],[-146.104,-76.478],[-146.144,-76.105],[-146.496,-75.733],[-146.202,-75.38],[-144.91,-75.204],[-144.322,-75.537],[-142.794,-75.341],[-141.639,-75.086],[-140.209,-75.067],[-138.858,-74.969],[-137.506,-74.734],[-136.429,-74.518],[-135.215,-74.303],[-134.431,-74.361],[-133.746,-74.44],[-132.257,-74.303],[-130.925,-74.479],[-129.554,-74.459],[-128.242,-74.322],[-126.891,-74.42],[-125.402,-74.518],[-124.011,-74.479],[-122.562,-74.499],[-121.074,-74.518],[-119.703,-74.479],[-118.684,-74.185],[-117.47,-74.028],[-116.216,-74.244],[-115.022,-74.068],[-113.944,-73.715],[-113.298,-74.028],[-112.945,-74.381],[-112.299,-74.714],[-111.261,-74.42],[-110.066,-74.793],[-108.715,-74.91],[-107.559,-75.184],[-106.149,-75.126],[-104.876,-74.949],[-103.368,-74.988],[-102.017,-75.126],[-100.646,-75.302],[-100.117,-74.871],[-100.763,-74.538],[-101.253,-74.185],[-102.545,-74.107],[-103.113,-73.734],[-103.329,-73.362],[-103.681,-72.618],[-102.917,-72.755],[-101.605,-72.813],[-100.313,-72.755],[-99.137,-72.911],[-98.119,-73.205],[-97.688,-73.558],[-96.337,-73.617],[-95.044,-73.48],[-93.673,-73.284],[-92.439,-73.166],[-91.421,-73.401],[-90.089,-73.323],[-89.227,-72.559],[-88.424,-73.009],[-87.268,-73.186],[-86.015,-73.088],[-85.192,-73.48],[-83.88,-73.519],[-82.666,-73.636],[-81.471,-73.852],[-80.687,-73.48],[-80.296,-73.127],[-79.297,-73.519],[-77.926,-73.421],[-76.907,-73.636],[-76.222,-73.97],[-74.89,-73.872],[-73.852,-73.656],[-72.834,-73.401],[-71.619,-73.264],[-70.209,-73.147],[-68.936,-73.009],[-67.957,-72.794],[-67.369,-72.48],[-67.134,-72.049],[-67.252,-71.638],[-67.565,-71.246],[-67.917,-70.854],[-68.231,-70.462],[-68.485,-70.109],[-68.544,-69.717],[-68.446,-69.326],[-67.976,-68.953],[-67.584,-68.542],[-67.428,-68.15],[-67.624,-67.719],[-67.741,-67.327],[-67.252,-66.876],[-66.703,-66.582],[-66.057,-66.21],[-65.371,-65.896],[-64.568,-65.603],[-64.177,-65.171],[-63.628,-64.897],[-63.001,-64.642],[-62.042,-64.584],[-61.415,-64.27],[-60.71,-64.074],[-59.887,-63.957],[-59.163,-63.702],[-58.595,-63.388],[-57.811,-63.271],[-57.224,-63.525],[-57.596,-63.859],[-58.614,-64.152]]]]}},{"type":"Feature","properties":{"scalerank":3,"featurecla":"Admin-0 country","LABELRANK":6,"SOVEREIGNT":"France","SOV_A3":"FR1","ADM0_DIF":1,"LEVEL":2,"TYPE":"Dependency","ADMIN":"French Southern and Antarctic Lands","ADM0_A3":"ATF","GEOU_DIF":0,"GEOUNIT":"French Southern and Antarctic Lands","GU_A3":"ATF","SU_DIF":0,"SUBUNIT":"French Southern and Antarctic Lands","SU_A3":"ATF","BRK_DIFF":0,"NAME":"Fr. S. Antarctic Lands","NAME_LONG":"French Southern and Antarctic Lands","BRK_A3":"ATF","BRK_NAME":"Fr. S. and Antarctic Lands","BRK_GROUP":null,"ABBREV":"Fr. S.A.L.","POSTAL":"TF","FORMAL_EN":"Territory of the French Southern and Antarctic Lands","FORMAL_FR":null,"NAME_CIAWF":null,"NOTE_ADM0":"Fr.","NOTE_BRK":null,"NAME_SORT":"French Southern and Antarctic Lands","NAME_ALT":null,"MAPCOLOR7":7,"MAPCOLOR8":5,"MAPCOLOR9":9,"MAPCOLOR13":11,"POP_EST":140,"POP_RANK":1,"GDP_MD_EST":16,"POP_YEAR":2017,"LASTCENSUS":-99,"GDP_YEAR":2016,"ECONOMY":"6. Developing region","INCOME_GRP":"2. High income: nonOECD","WIKIPEDIA":-99,"FIPS_10_":"FS","ISO_A2":"TF","ISO_A3":"ATF","ISO_A3_EH":"ATF","ISO_N3":"260","UN_A3":"-099","WB_A2":"-99","WB_A3":"-99","WOE_ID":28289406,"WOE_ID_EH":28289406,"WOE_NOTE":"Exact WOE match as country","ADM0_A3_IS":"ATF","ADM0_A3_US":"ATF","ADM0_A3_UN":-99,"ADM0_A3_WB":-99,"CONTINENT":"Seven seas (open ocean)","REGION_UN":"Seven seas (open ocean)","SUBREGION":"Seven seas (open ocean)","REGION_WB":"Sub-Saharan Africa","NAME_LEN":22,"LONG_LEN":35,"ABBREV_LEN":10,"TINY":2,"HOMEPART":-99,"MIN_ZOOM":0,"MIN_LABEL":4,"MAX_LABEL":9},"bbox":[68.72,-49.775,70.56,-48.625],"geometry":{"type":"Polygon","coordinates":[[[68.935,-48.625],[69.58,-48.94],[70.525,-49.065],[70.56,-49.255],[70.28,-49.71],[68.745,-49.775],[68.72,-49.242],[68.868,-48.83],[68.935,-48.625]]]}},{"type":"Feature","properties":{"scalerank":1,"featurecla":"Admin-0 country","LABELRANK":2,"SOVEREIGNT":"Australia","SOV_A3":"AU1","ADM0_DIF":1,"LEVEL":2,"TYPE":"Country","ADMIN":"Australia","ADM0_A3":"AUS","GEOU_DIF":0,"GEOUNIT":"Australia","GU_A3":"AUS","SU_DIF":0,"SUBUNIT":"Australia","SU_A3":"AUS","BRK_DIFF":0,"NAME":"Australia","NAME_LONG":"Australia","BRK_A3":"AUS","BRK_NAME":"Australia","BRK_GROUP":null,"ABBREV":"Auz.","POSTAL":"AU","FORMAL_EN":"Commonwealth of Australia","FORMAL_FR":null,"NAME_CIAWF":"Australia","NOTE_ADM0":null,"NOTE_BRK":null,"NAME_SORT":"Australia","NAME_ALT":null,"MAPCOLOR7":1,"MAPCOLOR8":2,"MAPCOLOR9":2,"MAPCOLOR13":7,"POP_EST":23232413,"POP_RANK":15,"GDP_MD_EST":1189000,"POP_YEAR":2017,"LASTCENSUS":2006,"GDP_YEAR":2016,"ECONOMY":"2. Developed region: nonG7","INCOME_GRP":"1. High income: OECD","WIKIPEDIA":-99,"FIPS_10_":"AS","ISO_A2":"AU","ISO_A3":"AUS","ISO_A3_EH":"AUS","ISO_N3":"036","UN_A3":"036","WB_A2":"AU","WB_A3":"AUS","WOE_ID":-90,"WOE_ID_EH":23424748,"WOE_NOTE":"Includes Ashmore and Cartier Islands (23424749) and Coral Sea Islands (23424790).","ADM0_A3_IS":"AUS","ADM0_A3_US":"AUS","ADM0_A3_UN":-99,"ADM0_A3_WB":-99,"CONTINENT":"Oceania","REGION_UN":"Oceania","SUBREGION":"Australia and New Zealand","REGION_WB":"East Asia & Pacific","NAME_LEN":9,"LONG_LEN":9,"ABBREV_LEN":4,"TINY":-99,"HOMEPART":1,"MIN_ZOOM":0,"MIN_LABEL":1.7,"MAX_LABEL":5.7},"bbox":[113.338953,-43.634597,153.569469,-10.668186],"geometry":{"type":"MultiPolygon","coordinates":[[[[145.398,-40.793],[146.364,-41.138],[146.909,-41.001],[147.689,-40.808],[148.289,-40.875],[148.36,-42.062],[148.017,-42.407],[147.914,-43.212],[147.565,-42.938],[146.87,-43.635],[146.663,-43.581],[146.048,-43.55],[145.432,-42.694],[145.295,-42.034],[144.718,-41.163],[144.744,-40.704],[145.398,-40.793]]],[[[143.562,-13.764],[143.922,-14.548],[144.564,-14.171],[144.895,-14.594],[145.375,-14.985],[145.272,-15.428],[145.485,-16.286],[145.637,-16.785],[145.889,-16.907],[146.16,-17.762],[146.064,-18.28],[146.387,-18.958],[147.471,-19.481],[148.178,-19.956],[148.848,-20.391],[148.717,-20.633],[149.289,-21.261],[149.678,-22.343],[150.077,-22.123],[150.483,-22.556],[150.727,-22.402],[150.9,-23.462],[151.609,-24.076],[152.074,-24.458],[152.855,-25.268],[153.136,-26.071],[153.162,-26.641],[153.093,-27.26],[153.569,-28.11],[153.512,-28.995],[153.339,-29.458],[153.069,-30.35],[153.09,-30.924],[152.892,-31.64],[152.45,-32.55],[151.709,-33.041],[151.344,-33.816],[151.011,-34.31],[150.714,-35.173],[150.328,-35.672],[150.075,-36.42],[149.946,-37.109],[149.997,-37.425],[149.424,-37.773],[148.305,-37.809],[147.382,-38.219],[146.922,-38.607],[146.318,-39.036],[145.49,-38.594],[144.877,-38.417],[145.032,-37.896],[144.486,-38.085],[143.61,-38.809],[142.745,-38.538],[142.178,-38.38],[141.607,-38.309],[140.639,-38.019],[139.992,-37.403],[139.807,-36.644],[139.574,-36.138],[139.083,-35.733],[138.121,-35.612],[138.449,-35.127],[138.208,-34.385],[137.719,-35.077],[136.829,-35.261],[137.352,-34.707],[137.504,-34.13],[137.89,-33.64],[137.81,-32.9],[136.997,-33.753],[136.372,-34.095],[135.989,-34.89],[135.208,-34.479],[135.239,-33.948],[134.613,-33.223],[134.086,-32.848],[134.274,-32.617],[132.991,-32.011],[132.288,-31.983],[131.326,-31.496],[129.536,-31.59],[128.241,-31.948],[127.103,-32.282],[126.149,-32.216],[125.089,-32.729],[124.222,-32.959],[124.029,-33.484],[123.66,-33.89],[122.811,-33.914],[122.183,-34.003],[121.299,-33.821],[120.58,-33.93],[119.894,-33.976],[119.299,-34.509],[119.007,-34.464],[118.506,-34.747],[118.025,-35.065],[117.296,-35.025],[116.625,-35.025],[115.564,-34.386],[115.027,-34.197],[115.049,-33.623],[115.545,-33.487],[115.715,-33.26],[115.679,-32.9],[115.802,-32.205],[115.69,-31.612],[115.161,-30.602],[114.997,-30.031],[115.04,-29.461],[114.642,-28.81],[114.616,-28.516],[114.174,-28.118],[114.049,-27.335],[113.477,-26.543],[113.339,-26.117],[113.778,-26.549],[113.441,-25.621],[113.937,-25.911],[114.233,-26.298],[114.216,-25.786],[113.721,-24.999],[113.625,-24.684],[113.394,-24.385],[113.502,-23.806],[113.707,-23.56],[113.843,-23.06],[113.737,-22.475],[114.15,-21.756],[114.225,-22.517],[114.648,-21.83],[115.46,-21.495],[115.947,-21.069],[116.712,-20.702],[117.166,-20.624],[117.442,-20.747],[118.23,-20.374],[118.836,-20.263],[118.988,-20.044],[119.252,-19.953],[119.805,-19.977],[120.856,-19.684],[121.4,-19.24],[121.655,-18.705],[122.242,-18.198],[122.287,-17.799],[122.313,-17.255],[123.013,-16.405],[123.434,-17.269],[123.859,-17.069],[123.503,-16.597],[123.817,-16.111],[124.258,-16.328],[124.38,-15.567],[124.926,-15.075],[125.167,-14.68],[125.67,-14.51],[125.686,-14.231],[126.125,-14.347],[126.143,-14.096],[126.583,-13.953],[127.066,-13.818],[127.805,-14.277],[128.36,-14.869],[128.986,-14.876],[129.621,-14.97],[129.41,-14.421],[129.889,-13.619],[130.339,-13.357],[130.184,-13.108],[130.618,-12.536],[131.223,-12.184],[131.735,-12.302],[132.575,-12.114],[132.557,-11.603],[131.825,-11.274],[132.357,-11.129],[133.02,-11.376],[133.551,-11.787],[134.393,-12.042],[134.679,-11.941],[135.298,-12.249],[135.883,-11.962],[136.258,-12.049],[136.492,-11.857],[136.952,-12.352],[136.685,-12.887],[136.305,-13.291],[135.962,-13.325],[136.078,-13.724],[135.784,-14.224],[135.429,-14.715],[135.5,-14.998],[136.295,-15.55],[137.065,-15.871],[137.58,-16.215],[138.303,-16.808],[138.585,-16.807],[139.109,-17.063],[139.261,-17.372],[140.215,-17.711],[140.875,-17.369],[141.071,-16.832],[141.274,-16.389],[141.398,-15.841],[141.702,-15.045],[141.563,-14.561],[141.636,-14.27],[141.52,-13.698],[141.651,-12.945],[141.843,-12.742],[141.687,-12.408],[141.929,-11.877],[142.118,-11.328],[142.144,-11.043],[142.515,-10.668],[142.797,-11.157],[142.867,-11.785],[143.116,-11.906],[143.159,-12.326],[143.522,-12.834],[143.597,-13.4],[143.562,-13.764]]]]}},{"type":"Feature","properties":{"scalerank":1,"featurecla":"Admin-0 country","LABELRANK":4,"SOVEREIGNT":"Austria","SOV_A3":"AUT","ADM0_DIF":0,"LEVEL":2,"TYPE":"Sovereign country","ADMIN":"Austria","ADM0_A3":"AUT","GEOU_DIF":0,"GEOUNIT":"Austria","GU_A3":"AUT","SU_DIF":0,"SUBUNIT":"Austria","SU_A3":"AUT","BRK_DIFF":0,"NAME":"Austria","NAME_LONG":"Austria","BRK_A3":"AUT","BRK_NAME":"Austria","BRK_GROUP":null,"ABBREV":"Aust.","POSTAL":"A","FORMAL_EN":"Republic of Austria","FORMAL_FR":null,"NAME_CIAWF":"Austria","NOTE_ADM0":null,"NOTE_BRK":null,"NAME_SORT":"Austria","NAME_ALT":null,"MAPCOLOR7":3,"MAPCOLOR8":1,"MAPCOLOR9":3,"MAPCOLOR13":4,"POP_EST":8754413,"POP_RANK":13,"GDP_MD_EST":416600,"POP_YEAR":2017,"LASTCENSUS":2011,"GDP_YEAR":2016,"ECONOMY":"2. Developed region: nonG7","INCOME_GRP":"1. High income: OECD","WIKIPEDIA":-99,"FIPS_10_":"AU","ISO_A2":"AT","ISO_A3":"AUT","ISO_A3_EH":"AUT","ISO_N3":"040","UN_A3":"040","WB_A2":"AT","WB_A3":"AUT","WOE_ID":23424750,"WOE_ID_EH":23424750,"WOE_NOTE":"Exact WOE match as country","ADM0_A3_IS":"AUT","ADM0_A3_US":"AUT","ADM0_A3_UN":-99,"ADM0_A3_WB":-99,"CONTINENT":"Europe","REGION_UN":"Europe","SUBREGION":"Western Europe","REGION_WB":"Europe & Central Asia","NAME_LEN":7,"LONG_LEN":7,"ABBREV_LEN":5,"TINY":-99,"HOMEPART":1,"MIN_ZOOM":0,"MIN_LABEL":3,"MAX_LABEL":8},"bbox":[9.47997,46.431817,16.979667,49.039074],"geometry":{"type":"Polygon","coordinates":[[[16.98,48.123],[16.904,47.715],[16.341,47.713],[16.534,47.496],[16.202,46.852],[16.012,46.684],[15.137,46.659],[14.632,46.432],[13.806,46.509],[12.376,46.768],[12.153,47.115],[11.165,46.942],[11.049,46.751],[10.443,46.894],[9.932,46.921],[9.48,47.103],[9.633,47.348],[9.594,47.525],[9.896,47.58],[10.402,47.302],[10.545,47.566],[11.426,47.524],[12.141,47.703],[12.621,47.672],[12.933,47.468],[13.026,47.638],[12.884,48.289],[13.243,48.416],[13.596,48.877],[14.339,48.555],[14.901,48.964],[15.253,49.039],[16.03,48.734],[16.499,48.786],[16.96,48.597],[16.88,48.47],[16.98,48.123]]]}},{"type":"Feature","properties":{"scalerank":1,"featurecla":"Admin-0 country","LABELRANK":5,"SOVEREIGNT":"Azerbaijan","SOV_A3":"AZE","ADM0_DIF":0,"LEVEL":2,"TYPE":"Sovereign country","ADMIN":"Azerbaijan","ADM0_A3":"AZE","GEOU_DIF":0,"GEOUNIT":"Azerbaijan","GU_A3":"AZE","SU_DIF":0,"SUBUNIT":"Azerbaijan","SU_A3":"AZE","BRK_DIFF":0,"NAME":"Azerbaijan","NAME_LONG":"Azerbaijan","BRK_A3":"AZE","BRK_NAME":"Azerbaijan","BRK_GROUP":null,"ABBREV":"Aze.","POSTAL":"AZ","FORMAL_EN":"Republic of Azerbaijan","FORMAL_FR":null,"NAME_CIAWF":"Azerbaijan","NOTE_ADM0":null,"NOTE_BRK":null,"NAME_SORT":"Azerbaijan","NAME_ALT":null,"MAPCOLOR7":1,"MAPCOLOR8":6,"MAPCOLOR9":5,"MAPCOLOR13":8,"POP_EST":9961396,"POP_RANK":13,"GDP_MD_EST":167900,"POP_YEAR":2017,"LASTCENSUS":2009,"GDP_YEAR":2016,"ECONOMY":"6. Developing region","INCOME_GRP":"3. Upper middle income","WIKIPEDIA":-99,"FIPS_10_":"AJ","ISO_A2":"AZ","ISO_A3":"AZE","ISO_A3_EH":"AZE","ISO_N3":"031","UN_A3":"031","WB_A2":"AZ","WB_A3":"AZE","WOE_ID":23424741,"WOE_ID_EH":23424741,"WOE_NOTE":"Exact WOE match as country","ADM0_A3_IS":"AZE","ADM0_A3_US":"AZE","ADM0_A3_UN":-99,"ADM0_A3_WB":-99,"CONTINENT":"Asia","REGION_UN":"Asia","SUBREGION":"Western Asia","REGION_WB":"Europe & Central Asia","NAME_LEN":10,"LONG_LEN":10,"ABBREV_LEN":4,"TINY":-99,"HOMEPART":1,"MIN_ZOOM":0,"MIN_LABEL":4,"MAX_LABEL":9},"bbox":[44.79399,38.270378,50.392821,41.860675],"geometry":{"type":"MultiPolygon","coordinates":[[[[46.506,38.771],[46.483,39.464],[46.035,39.628],[45.61,39.9],[45.892,40.218],[45.359,40.562],[45.56,40.812],[45.179,40.985],[44.972,41.248],[45.217,41.411],[45.963,41.124],[46.502,41.064],[46.638,41.182],[46.145,41.723],[46.405,41.861],[46.686,41.827],[47.373,41.22],[47.816,41.151],[47.987,41.406],[48.584,41.809],[49.11,41.282],[49.619,40.573],[50.085,40.526],[50.393,40.257],[49.569,40.176],[49.395,39.399],[49.223,39.049],[48.857,38.815],[48.883,38.32],[48.634,38.27],[48.011,38.794],[48.356,39.289],[48.06,39.582],[47.685,39.508],[46.506,38.771]]],[[[44.794,39.713],[45.002,39.74],[45.298,39.472],[45.74,39.474],[45.735,39.32],[46.144,38.741],[45.458,38.874],[44.953,39.336],[44.794,39.713]]]]}},{"type":"Feature","properties":{"scalerank":1,"featurecla":"Admin-0 country","LABELRANK":6,"SOVEREIGNT":"Burundi","SOV_A3":"BDI","ADM0_DIF":0,"LEVEL":2,"TYPE":"Sovereign country","ADMIN":"Burundi","ADM0_A3":"BDI","GEOU_DIF":0,"GEOUNIT":"Burundi","GU_A3":"BDI","SU_DIF":0,"SUBUNIT":"Burundi","SU_A3":"BDI","BRK_DIFF":0,"NAME":"Burundi","NAME_LONG":"Burundi","BRK_A3":"BDI","BRK_NAME":"Burundi","BRK_GROUP":null,"ABBREV":"Bur.","POSTAL":"BI","FORMAL_EN":"Republic of Burundi","FORMAL_FR":null,"NAME_CIAWF":"Burundi","NOTE_ADM0":null,"NOTE_BRK":null,"NAME_SORT":"Burundi","NAME_ALT":null,"MAPCOLOR7":2,"MAPCOLOR8":2,"MAPCOLOR9":5,"MAPCOLOR13":8,"POP_EST":11466756,"POP_RANK":14,"GDP_MD_EST":7892,"POP_YEAR":2017,"LASTCENSUS":2008,"GDP_YEAR":2016,"ECONOMY":"7. Least developed region","INCOME_GRP":"5. Low income","WIKIPEDIA":-99,"FIPS_10_":"BY","ISO_A2":"BI","ISO_A3":"BDI","ISO_A3_EH":"BDI","ISO_N3":"108","UN_A3":"108","WB_A2":"BI","WB_A3":"BDI","WOE_ID":23424774,"WOE_ID_EH":23424774,"WOE_NOTE":"Exact WOE match as country","ADM0_A3_IS":"BDI","ADM0_A3_US":"BDI","ADM0_A3_UN":-99,"ADM0_A3_WB":-99,"CONTINENT":"Africa","REGION_UN":"Africa","SUBREGION":"Eastern Africa","REGION_WB":"Sub-Saharan Africa","NAME_LEN":7,"LONG_LEN":7,"ABBREV_LEN":4,"TINY":-99,"HOMEPART":1,"MIN_ZOOM":0,"MIN_LABEL":4,"MAX_LABEL":9},"bbox":[29.024926,-4.499983,30.75224,-2.348487],"geometry":{"type":"Polygon","coordinates":[[[29.34,-4.5],[29.276,-3.294],[29.025,-2.839],[29.632,-2.918],[29.938,-2.348],[30.47,-2.414],[30.528,-2.808],[30.743,-3.034],[30.752,-3.359],[30.506,-3.569],[30.116,-4.09],[29.754,-4.452],[29.34,-4.5]]]}},{"type":"Feature","properties":{"scalerank":1,"featurecla":"Admin-0 country","LABELRANK":2,"SOVEREIGNT":"Belgium","SOV_A3":"BEL","ADM0_DIF":0,"LEVEL":2,"TYPE":"Sovereign country","ADMIN":"Belgium","ADM0_A3":"BEL","GEOU_DIF":0,"GEOUNIT":"Belgium","GU_A3":"BEL","SU_DIF":0,"SUBUNIT":"Belgium","SU_A3":"BEL","BRK_DIFF":0,"NAME":"Belgium","NAME_LONG":"Belgium","BRK_A3":"BEL","BRK_NAME":"Belgium","BRK_GROUP":null,"ABBREV":"Belg.","POSTAL":"B","FORMAL_EN":"Kingdom of Belgium","FORMAL_FR":null,"NAME_CIAWF":"Belgium","NOTE_ADM0":null,"NOTE_BRK":null,"NAME_SORT":"Belgium","NAME_ALT":null,"MAPCOLOR7":3,"MAPCOLOR8":2,"MAPCOLOR9":1,"MAPCOLOR13":8,"POP_EST":11491346,"POP_RANK":14,"GDP_MD_EST":508600,"POP_YEAR":2017,"LASTCENSUS":2011,"GDP_YEAR":2016,"ECONOMY":"2. Developed region: nonG7","INCOME_GRP":"1. High income: OECD","WIKIPEDIA":-99,"FIPS_10_":"BE","ISO_A2":"BE","ISO_A3":"BEL","ISO_A3_EH":"BEL","ISO_N3":"056","UN_A3":"056","WB_A2":"BE","WB_A3":"BEL","WOE_ID":23424757,"WOE_ID_EH":23424757,"WOE_NOTE":"Exact WOE match as country","ADM0_A3_IS":"BEL","ADM0_A3_US":"BEL","ADM0_A3_UN":-99,"ADM0_A3_WB":-99,"CONTINENT":"Europe","REGION_UN":"Europe","SUBREGION":"Western Europe","REGION_WB":"Europe & Central Asia","NAME_LEN":7,"LONG_LEN":7,"ABBREV_LEN":5,"TINY":-99,"HOMEPART":1,"MIN_ZOOM":0,"MIN_LABEL":4,"MAX_LABEL":9},"bbox":[2.513573,49.529484,6.156658,51.475024],"geometry":{"type":"Polygon","coordinates":[[[4.047,51.267],[4.974,51.475],[5.607,51.037],[6.157,50.804],[6.043,50.128],[5.782,50.09],[5.674,49.529],[4.799,49.985],[4.286,49.907],[3.588,50.379],[3.123,50.78],[2.658,50.797],[2.514,51.149],[3.315,51.346],[3.315,51.346],[3.315,51.346],[4.047,51.267]]]}},{"type":"Feature","properties":{"scalerank":1,"featurecla":"Admin-0 country","LABELRANK":5,"SOVEREIGNT":"Benin","SOV_A3":"BEN","ADM0_DIF":0,"LEVEL":2,"TYPE":"Sovereign country","ADMIN":"Benin","ADM0_A3":"BEN","GEOU_DIF":0,"GEOUNIT":"Benin","GU_A3":"BEN","SU_DIF":0,"SUBUNIT":"Benin","SU_A3":"BEN","BRK_DIFF":0,"NAME":"Benin","NAME_LONG":"Benin","BRK_A3":"BEN","BRK_NAME":"Benin","BRK_GROUP":null,"ABBREV":"Benin","POSTAL":"BJ","FORMAL_EN":"Republic of Benin","FORMAL_FR":null,"NAME_CIAWF":"Benin","NOTE_ADM0":null,"NOTE_BRK":null,"NAME_SORT":"Benin","NAME_ALT":null,"MAPCOLOR7":1,"MAPCOLOR8":2,"MAPCOLOR9":2,"MAPCOLOR13":12,"POP_EST":11038805,"POP_RANK":14,"GDP_MD_EST":24310,"POP_YEAR":2017,"LASTCENSUS":2002,"GDP_YEAR":2016,"ECONOMY":"7. Least developed region","INCOME_GRP":"5. Low income","WIKIPEDIA":-99,"FIPS_10_":"BN","ISO_A2":"BJ","ISO_A3":"BEN","ISO_A3_EH":"BEN","ISO_N3":"204","UN_A3":"204","WB_A2":"BJ","WB_A3":"BEN","WOE_ID":23424764,"WOE_ID_EH":23424764,"WOE_NOTE":"Exact WOE match as country","ADM0_A3_IS":"BEN","ADM0_A3_US":"BEN","ADM0_A3_UN":-99,"ADM0_A3_WB":-99,"CONTINENT":"Africa","REGION_UN":"Africa","SUBREGION":"Western Africa","REGION_WB":"Sub-Saharan Africa","NAME_LEN":5,"LONG_LEN":5,"ABBREV_LEN":5,"TINY":-99,"HOMEPART":1,"MIN_ZOOM":0,"MIN_LABEL":4,"MAX_LABEL":9},"bbox":[0.772336,6.142158,3.797112,12.235636],"geometry":{"type":"Polygon","coordinates":[[[2.692,6.259],[1.865,6.142],[1.619,6.832],[1.664,9.129],[1.463,9.335],[1.425,9.825],[1.078,10.176],[0.772,10.471],[0.9,10.997],[1.243,11.111],[1.447,11.548],[1.936,11.641],[2.154,11.94],[2.49,12.233],[2.849,12.236],[3.611,11.66],[3.572,11.328],[3.797,10.735],[3.6,10.332],[3.705,10.063],[3.22,9.444],[2.912,9.138],[2.724,8.507],[2.749,7.871],[2.692,6.259]]]}},{"type":"Feature","properties":{"scalerank":1,"featurecla":"Admin-0 country","LABELRANK":3,"SOVEREIGNT":"Burkina Faso","SOV_A3":"BFA","ADM0_DIF":0,"LEVEL":2,"TYPE":"Sovereign country","ADMIN":"Burkina Faso","ADM0_A3":"BFA","GEOU_DIF":0,"GEOUNIT":"Burkina Faso","GU_A3":"BFA","SU_DIF":0,"SUBUNIT":"Burkina Faso","SU_A3":"BFA","BRK_DIFF":0,"NAME":"Burkina Faso","NAME_LONG":"Burkina Faso","BRK_A3":"BFA","BRK_NAME":"Burkina Faso","BRK_GROUP":null,"ABBREV":"B.F.","POSTAL":"BF","FORMAL_EN":"Burkina Faso","FORMAL_FR":null,"NAME_CIAWF":"Burkina Faso","NOTE_ADM0":null,"NOTE_BRK":null,"NAME_SORT":"Burkina Faso","NAME_ALT":null,"MAPCOLOR7":2,"MAPCOLOR8":1,"MAPCOLOR9":5,"MAPCOLOR13":11,"POP_EST":20107509,"POP_RANK":15,"GDP_MD_EST":32990,"POP_YEAR":2017,"LASTCENSUS":2006,"GDP_YEAR":2016,"ECONOMY":"7. Least developed region","INCOME_GRP":"5. Low income","WIKIPEDIA":-99,"FIPS_10_":"UV","ISO_A2":"BF","ISO_A3":"BFA","ISO_A3_EH":"BFA","ISO_N3":"854","UN_A3":"854","WB_A2":"BF","WB_A3":"BFA","WOE_ID":23424978,"WOE_ID_EH":23424978,"WOE_NOTE":"Exact WOE match as country","ADM0_A3_IS":"BFA","ADM0_A3_US":"BFA","ADM0_A3_UN":-99,"ADM0_A3_WB":-99,"CONTINENT":"Africa","REGION_UN":"Africa","SUBREGION":"Western Africa","REGION_WB":"Sub-Saharan Africa","NAME_LEN":12,"LONG_LEN":12,"ABBREV_LEN":4,"TINY":-99,"HOMEPART":1,"MIN_ZOOM":0,"MIN_LABEL":3,"MAX_LABEL":8},"bbox":[-5.470565,9.610835,2.177108,15.116158],"geometry":{"type":"Polygon","coordinates":[[[2.154,11.94],[1.936,11.641],[1.447,11.548],[1.243,11.111],[0.9,10.997],[0.024,11.019],[-0.439,11.098],[-0.762,10.937],[-1.203,11.01],[-2.94,10.963],[-2.964,10.395],[-2.827,9.642],[-3.512,9.9],[-3.98,9.862],[-4.33,9.611],[-4.78,9.822],[-4.955,10.153],[-5.404,10.371],[-5.471,10.951],[-5.198,11.375],[-5.221,11.714],[-4.427,12.543],[-4.28,13.228],[-4.006,13.472],[-3.523,13.338],[-3.104,13.541],[-2.968,13.798],[-2.192,14.246],[-2.001,14.559],[-1.066,14.974],[-0.516,15.116],[-0.266,14.924],[0.375,14.929],[0.296,14.444],[0.43,13.989],[0.993,13.336],[1.024,12.852],[2.177,12.625],[2.154,11.94]]]}},{"type":"Feature","properties":{"scalerank":1,"featurecla":"Admin-0 country","LABELRANK":3,"SOVEREIGNT":"Bangladesh","SOV_A3":"BGD","ADM0_DIF":0,"LEVEL":2,"TYPE":"Sovereign country","ADMIN":"Bangladesh","ADM0_A3":"BGD","GEOU_DIF":0,"GEOUNIT":"Bangladesh","GU_A3":"BGD","SU_DIF":0,"SUBUNIT":"Bangladesh","SU_A3":"BGD","BRK_DIFF":0,"NAME":"Bangladesh","NAME_LONG":"Bangladesh","BRK_A3":"BGD","BRK_NAME":"Bangladesh","BRK_GROUP":null,"ABBREV":"Bang.","POSTAL":"BD","FORMAL_EN":"People's Republic of Bangladesh","FORMAL_FR":null,"NAME_CIAWF":"Bangladesh","NOTE_ADM0":null,"NOTE_BRK":null,"NAME_SORT":"Bangladesh","NAME_ALT":null,"MAPCOLOR7":3,"MAPCOLOR8":4,"MAPCOLOR9":7,"MAPCOLOR13":7,"POP_EST":157826578,"POP_RANK":17,"GDP_MD_EST":628400,"POP_YEAR":2017,"LASTCENSUS":2011,"GDP_YEAR":2016,"ECONOMY":"7. Least developed region","INCOME_GRP":"5. Low income","WIKIPEDIA":-99,"FIPS_10_":"BG","ISO_A2":"BD","ISO_A3":"BGD","ISO_A3_EH":"BGD","ISO_N3":"050","UN_A3":"050","WB_A2":"BD","WB_A3":"BGD","WOE_ID":23424759,"WOE_ID_EH":23424759,"WOE_NOTE":"Exact WOE match as country","ADM0_A3_IS":"BGD","ADM0_A3_US":"BGD","ADM0_A3_UN":-99,"ADM0_A3_WB":-99,"CONTINENT":"Asia","REGION_UN":"Asia","SUBREGION":"Southern Asia","REGION_WB":"South Asia","NAME_LEN":10,"LONG_LEN":10,"ABBREV_LEN":5,"TINY":-99,"HOMEPART":1,"MIN_ZOOM":0,"MIN_LABEL":3,"MAX_LABEL":8},"bbox":[88.084422,20.670883,92.672721,26.446526],"geometry":{"type":"Polygon","coordinates":[[[92.673,22.041],[92.652,21.324],[92.303,21.475],[92.369,20.671],[92.083,21.192],[92.025,21.702],[91.835,22.183],[91.417,22.765],[90.496,22.805],[90.587,22.393],[90.273,21.836],[89.847,22.039],[89.702,21.857],[89.419,21.966],[89.032,22.056],[88.876,22.879],[88.53,23.631],[88.7,24.234],[88.084,24.502],[88.306,24.866],[88.932,25.239],[88.21,25.768],[88.563,26.447],[89.355,26.014],[89.832,25.965],[89.921,25.27],[90.872,25.133],[91.8,25.147],[92.376,24.977],[91.915,24.13],[91.468,24.073],[91.159,23.504],[91.706,22.985],[91.87,23.624],[92.146,23.627],[92.673,22.041]]]}},{"type":"Feature","properties":{"scalerank":1,"featurecla":"Admin-0 country","LABELRANK":4,"SOVEREIGNT":"Bulgaria","SOV_A3":"BGR","ADM0_DIF":0,"LEVEL":2,"TYPE":"Sovereign country","ADMIN":"Bulgaria","ADM0_A3":"BGR","GEOU_DIF":0,"GEOUNIT":"Bulgaria","GU_A3":"BGR","SU_DIF":0,"SUBUNIT":"Bulgaria","SU_A3":"BGR","BRK_DIFF":0,"NAME":"Bulgaria","NAME_LONG":"Bulgaria","BRK_A3":"BGR","BRK_NAME":"Bulgaria","BRK_GROUP":null,"ABBREV":"Bulg.","POSTAL":"BG","FORMAL_EN":"Republic of Bulgaria","FORMAL_FR":null,"NAME_CIAWF":"Bulgaria","NOTE_ADM0":null,"NOTE_BRK":null,"NAME_SORT":"Bulgaria","NAME_ALT":null,"MAPCOLOR7":4,"MAPCOLOR8":5,"MAPCOLOR9":1,"MAPCOLOR13":8,"POP_EST":7101510,"POP_RANK":13,"GDP_MD_EST":143100,"POP_YEAR":2017,"LASTCENSUS":2011,"GDP_YEAR":2016,"ECONOMY":"2. Developed region: nonG7","INCOME_GRP":"3. Upper middle income","WIKIPEDIA":-99,"FIPS_10_":"BU","ISO_A2":"BG","ISO_A3":"BGR","ISO_A3_EH":"BGR","ISO_N3":"100","UN_A3":"100","WB_A2":"BG","WB_A3":"BGR","WOE_ID":23424771,"WOE_ID_EH":23424771,"WOE_NOTE":"Exact WOE match as country","ADM0_A3_IS":"BGR","ADM0_A3_US":"BGR","ADM0_A3_UN":-99,"ADM0_A3_WB":-99,"CONTINENT":"Europe","REGION_UN":"Europe","SUBREGION":"Eastern Europe","REGION_WB":"Europe & Central Asia","NAME_LEN":8,"LONG_LEN":8,"ABBREV_LEN":5,"TINY":-99,"HOMEPART":1,"MIN_ZOOM":0,"MIN_LABEL":4,"MAX_LABEL":9},"bbox":[22.380526,41.234486,28.558081,44.234923],"geometry":{"type":"Polygon","coordinates":[[[22.657,44.235],[22.945,43.824],[23.332,43.897],[24.101,43.741],[25.569,43.688],[26.065,43.943],[27.242,44.176],[27.97,43.812],[28.558,43.707],[28.039,43.293],[27.674,42.578],[27.997,42.007],[27.136,42.141],[26.117,41.827],[26.106,41.329],[25.197,41.234],[24.493,41.584],[23.692,41.309],[22.952,41.338],[22.881,41.999],[22.381,42.32],[22.545,42.461],[22.437,42.58],[22.605,42.899],[22.986,43.211],[22.5,43.643],[22.41,44.008],[22.657,44.235]]]}},{"type":"Feature","properties":{"scalerank":1,"featurecla":"Admin-0 country","LABELRANK":4,"SOVEREIGNT":"The Bahamas","SOV_A3":"BHS","ADM0_DIF":0,"LEVEL":2,"TYPE":"Sovereign country","ADMIN":"The Bahamas","ADM0_A3":"BHS","GEOU_DIF":0,"GEOUNIT":"The Bahamas","GU_A3":"BHS","SU_DIF":0,"SUBUNIT":"The Bahamas","SU_A3":"BHS","BRK_DIFF":0,"NAME":"Bahamas","NAME_LONG":"Bahamas","BRK_A3":"BHS","BRK_NAME":"Bahamas","BRK_GROUP":null,"ABBREV":"Bhs.","POSTAL":"BS","FORMAL_EN":"Commonwealth of the Bahamas","FORMAL_FR":null,"NAME_CIAWF":"Bahamas, The","NOTE_ADM0":null,"NOTE_BRK":null,"NAME_SORT":"Bahamas, The","NAME_ALT":null,"MAPCOLOR7":1,"MAPCOLOR8":1,"MAPCOLOR9":2,"MAPCOLOR13":5,"POP_EST":329988,"POP_RANK":10,"GDP_MD_EST":9066,"POP_YEAR":2017,"LASTCENSUS":2010,"GDP_YEAR":2016,"ECONOMY":"6. Developing region","INCOME_GRP":"2. High income: nonOECD","WIKIPEDIA":-99,"FIPS_10_":"BF","ISO_A2":"BS","ISO_A3":"BHS","ISO_A3_EH":"BHS","ISO_N3":"044","UN_A3":"044","WB_A2":"BS","WB_A3":"BHS","WOE_ID":23424758,"WOE_ID_EH":23424758,"WOE_NOTE":"Exact WOE match as country","ADM0_A3_IS":"BHS","ADM0_A3_US":"BHS","ADM0_A3_UN":-99,"ADM0_A3_WB":-99,"CONTINENT":"North America","REGION_UN":"Americas","SUBREGION":"Caribbean","REGION_WB":"Latin America & Caribbean","NAME_LEN":7,"LONG_LEN":7,"ABBREV_LEN":4,"TINY":-99,"HOMEPART":1,"MIN_ZOOM":0,"MIN_LABEL":4,"MAX_LABEL":9},"bbox":[-78.98,23.71,-77,27.04],"geometry":{"type":"MultiPolygon","coordinates":[[[[-77.535,23.76],[-77.78,23.71],[-78.034,24.286],[-78.408,24.576],[-78.191,25.21],[-77.89,25.17],[-77.54,24.34],[-77.535,23.76]]],[[[-77.82,26.58],[-78.91,26.42],[-78.98,26.79],[-78.51,26.87],[-77.85,26.84],[-77.82,26.58]]],[[[-77,26.59],[-77.173,25.879],[-77.356,26.007],[-77.34,26.53],[-77.788,26.925],[-77.79,27.04],[-77,26.59]]]]}},{"type":"Feature","properties":{"scalerank":1,"featurecla":"Admin-0 country","LABELRANK":5,"SOVEREIGNT":"Bosnia and Herzegovina","SOV_A3":"BIH","ADM0_DIF":0,"LEVEL":2,"TYPE":"Sovereign country","ADMIN":"Bosnia and Herzegovina","ADM0_A3":"BIH","GEOU_DIF":0,"GEOUNIT":"Bosnia and Herzegovina","GU_A3":"BIH","SU_DIF":0,"SUBUNIT":"Bosnia and Herzegovina","SU_A3":"BIH","BRK_DIFF":0,"NAME":"Bosnia and Herz.","NAME_LONG":"Bosnia and Herzegovina","BRK_A3":"BIH","BRK_NAME":"Bosnia and Herz.","BRK_GROUP":null,"ABBREV":"B.H.","POSTAL":"BiH","FORMAL_EN":"Bosnia and Herzegovina","FORMAL_FR":null,"NAME_CIAWF":"Bosnia and Herzegovina","NOTE_ADM0":null,"NOTE_BRK":null,"NAME_SORT":"Bosnia and Herzegovina","NAME_ALT":null,"MAPCOLOR7":1,"MAPCOLOR8":1,"MAPCOLOR9":1,"MAPCOLOR13":2,"POP_EST":3856181,"POP_RANK":12,"GDP_MD_EST":42530,"POP_YEAR":2017,"LASTCENSUS":1991,"GDP_YEAR":2016,"ECONOMY":"6. Developing region","INCOME_GRP":"3. Upper middle income","WIKIPEDIA":-99,"FIPS_10_":"BK","ISO_A2":"BA","ISO_A3":"BIH","ISO_A3_EH":"BIH","ISO_N3":"070","UN_A3":"070","WB_A2":"BA","WB_A3":"BIH","WOE_ID":23424761,"WOE_ID_EH":23424761,"WOE_NOTE":"Exact WOE match as country","ADM0_A3_IS":"BIH","ADM0_A3_US":"BIH","ADM0_A3_UN":-99,"ADM0_A3_WB":-99,"CONTINENT":"Europe","REGION_UN":"Europe","SUBREGION":"Southern Europe","REGION_WB":"Europe & Central Asia","NAME_LEN":16,"LONG_LEN":22,"ABBREV_LEN":4,"TINY":-99,"HOMEPART":1,"MIN_ZOOM":0,"MIN_LABEL":4.5,"MAX_LABEL":9.5},"bbox":[15.750026,42.65,19.59976,45.233777],"geometry":{"type":"Polygon","coordinates":[[[19.368,44.863],[19.118,44.423],[19.6,44.038],[19.454,43.568],[19.219,43.524],[19.032,43.433],[18.706,43.2],[18.56,42.65],[17.675,43.029],[17.297,43.446],[16.916,43.668],[16.456,44.041],[16.24,44.351],[15.75,44.819],[15.959,45.234],[16.318,45.004],[16.535,45.212],[17.002,45.234],[17.862,45.068],[18.553,45.082],[19.005,44.86],[19.005,44.86],[19.368,44.863]]]}},{"type":"Feature","properties":{"scalerank":1,"featurecla":"Admin-0 country","LABELRANK":4,"SOVEREIGNT":"Belarus","SOV_A3":"BLR","ADM0_DIF":0,"LEVEL":2,"TYPE":"Sovereign country","ADMIN":"Belarus","ADM0_A3":"BLR","GEOU_DIF":0,"GEOUNIT":"Belarus","GU_A3":"BLR","SU_DIF":0,"SUBUNIT":"Belarus","SU_A3":"BLR","BRK_DIFF":0,"NAME":"Belarus","NAME_LONG":"Belarus","BRK_A3":"BLR","BRK_NAME":"Belarus","BRK_GROUP":null,"ABBREV":"Bela.","POSTAL":"BY","FORMAL_EN":"Republic of Belarus","FORMAL_FR":null,"NAME_CIAWF":"Belarus","NOTE_ADM0":null,"NOTE_BRK":null,"NAME_SORT":"Belarus","NAME_ALT":null,"MAPCOLOR7":1,"MAPCOLOR8":1,"MAPCOLOR9":5,"MAPCOLOR13":11,"POP_EST":9549747,"POP_RANK":13,"GDP_MD_EST":165400,"POP_YEAR":2017,"LASTCENSUS":2009,"GDP_YEAR":2016,"ECONOMY":"6. Developing region","INCOME_GRP":"3. Upper middle income","WIKIPEDIA":-99,"FIPS_10_":"BO","ISO_A2":"BY","ISO_A3":"BLR","ISO_A3_EH":"BLR","ISO_N3":"112","UN_A3":"112","WB_A2":"BY","WB_A3":"BLR","WOE_ID":23424765,"WOE_ID_EH":23424765,"WOE_NOTE":"Exact WOE match as country","ADM0_A3_IS":"BLR","ADM0_A3_US":"BLR","ADM0_A3_UN":-99,"ADM0_A3_WB":-99,"CONTINENT":"Europe","REGION_UN":"Europe","SUBREGION":"Eastern Europe","REGION_WB":"Europe & Central Asia","NAME_LEN":7,"LONG_LEN":7,"ABBREV_LEN":5,"TINY":-99,"HOMEPART":1,"MIN_ZOOM":0,"MIN_LABEL":3,"MAX_LABEL":8},"bbox":[23.199494,51.319503,32.693643,56.16913],"geometry":{"type":"Polygon","coordinates":[[[23.484,53.912],[24.451,53.906],[25.536,54.282],[25.768,54.847],[26.588,55.167],[26.494,55.615],[27.102,55.783],[28.177,56.169],[29.23,55.918],[29.372,55.67],[29.896,55.789],[30.874,55.551],[30.972,55.082],[30.758,54.812],[31.384,54.157],[31.791,53.975],[31.731,53.794],[32.406,53.618],[32.694,53.351],[32.305,53.133],[31.498,53.167],[31.305,53.074],[31.54,52.742],[31.786,52.102],[31.786,52.102],[30.928,52.042],[30.619,51.823],[30.555,51.32],[30.157,51.416],[29.255,51.368],[28.993,51.602],[28.618,51.428],[28.242,51.572],[27.454,51.592],[26.338,51.832],[25.328,51.911],[24.553,51.888],[24.005,51.617],[23.527,51.578],[23.508,52.024],[23.199,52.487],[23.799,52.691],[23.805,53.09],[23.528,53.47],[23.484,53.912]]]}},{"type":"Feature","properties":{"scalerank":1,"featurecla":"Admin-0 country","LABELRANK":6,"SOVEREIGNT":"Belize","SOV_A3":"BLZ","ADM0_DIF":0,"LEVEL":2,"TYPE":"Sovereign country","ADMIN":"Belize","ADM0_A3":"BLZ","GEOU_DIF":0,"GEOUNIT":"Belize","GU_A3":"BLZ","SU_DIF":0,"SUBUNIT":"Belize","SU_A3":"BLZ","BRK_DIFF":0,"NAME":"Belize","NAME_LONG":"Belize","BRK_A3":"BLZ","BRK_NAME":"Belize","BRK_GROUP":null,"ABBREV":"Belize","POSTAL":"BZ","FORMAL_EN":"Belize","FORMAL_FR":null,"NAME_CIAWF":"Belize","NOTE_ADM0":null,"NOTE_BRK":null,"NAME_SORT":"Belize","NAME_ALT":null,"MAPCOLOR7":1,"MAPCOLOR8":4,"MAPCOLOR9":5,"MAPCOLOR13":7,"POP_EST":360346,"POP_RANK":10,"GDP_MD_EST":3088,"POP_YEAR":2017,"LASTCENSUS":2010,"GDP_YEAR":2016,"ECONOMY":"6. Developing region","INCOME_GRP":"4. Lower middle income","WIKIPEDIA":-99,"FIPS_10_":"BH","ISO_A2":"BZ","ISO_A3":"BLZ","ISO_A3_EH":"BLZ","ISO_N3":"084","UN_A3":"084","WB_A2":"BZ","WB_A3":"BLZ","WOE_ID":23424760,"WOE_ID_EH":23424760,"WOE_NOTE":"Exact WOE match as country","ADM0_A3_IS":"BLZ","ADM0_A3_US":"BLZ","ADM0_A3_UN":-99,"ADM0_A3_WB":-99,"CONTINENT":"North America","REGION_UN":"Americas","SUBREGION":"Central America","REGION_WB":"Latin America & Caribbean","NAME_LEN":6,"LONG_LEN":6,"ABBREV_LEN":6,"TINY":-99,"HOMEPART":1,"MIN_ZOOM":0,"MIN_LABEL":5,"MAX_LABEL":10},"bbox":[-89.229122,15.886938,-88.106813,18.499982],"geometry":{"type":"Polygon","coordinates":[[[-89.143,17.808],[-89.151,17.955],[-89.03,18.002],[-88.848,17.883],[-88.49,18.487],[-88.3,18.5],[-88.296,18.353],[-88.107,18.349],[-88.123,18.077],[-88.285,17.644],[-88.198,17.489],[-88.303,17.132],[-88.24,17.036],[-88.355,16.531],[-88.552,16.265],[-88.732,16.234],[-88.931,15.887],[-89.229,15.887],[-89.151,17.016],[-89.143,17.808]]]}},{"type":"Feature","properties":{"scalerank":1,"featurecla":"Admin-0 country","LABELRANK":3,"SOVEREIGNT":"Bolivia","SOV_A3":"BOL","ADM0_DIF":0,"LEVEL":2,"TYPE":"Sovereign country","ADMIN":"Bolivia","ADM0_A3":"BOL","GEOU_DIF":0,"GEOUNIT":"Bolivia","GU_A3":"BOL","SU_DIF":0,"SUBUNIT":"Bolivia","SU_A3":"BOL","BRK_DIFF":0,"NAME":"Bolivia","NAME_LONG":"Bolivia","BRK_A3":"BOL","BRK_NAME":"Bolivia","BRK_GROUP":null,"ABBREV":"Bolivia","POSTAL":"BO","FORMAL_EN":"Plurinational State of Bolivia","FORMAL_FR":null,"NAME_CIAWF":"Bolivia","NOTE_ADM0":null,"NOTE_BRK":null,"NAME_SORT":"Bolivia","NAME_ALT":null,"MAPCOLOR7":1,"MAPCOLOR8":5,"MAPCOLOR9":2,"MAPCOLOR13":3,"POP_EST":11138234,"POP_RANK":14,"GDP_MD_EST":78350,"POP_YEAR":2017,"LASTCENSUS":2001,"GDP_YEAR":2016,"ECONOMY":"5. Emerging region: G20","INCOME_GRP":"4. Lower middle income","WIKIPEDIA":-99,"FIPS_10_":"BL","ISO_A2":"BO","ISO_A3":"BOL","ISO_A3_EH":"BOL","ISO_N3":"068","UN_A3":"068","WB_A2":"BO","WB_A3":"BOL","WOE_ID":23424762,"WOE_ID_EH":23424762,"WOE_NOTE":"Exact WOE match as country","ADM0_A3_IS":"BOL","ADM0_A3_US":"BOL","ADM0_A3_UN":-99,"ADM0_A3_WB":-99,"CONTINENT":"South America","REGION_UN":"Americas","SUBREGION":"South America","REGION_WB":"Latin America & Caribbean","NAME_LEN":7,"LONG_LEN":7,"ABBREV_LEN":7,"TINY":-99,"HOMEPART":1,"MIN_ZOOM":0,"MIN_LABEL":3,"MAX_LABEL":7.5},"bbox":[-69.590424,-22.872919,-57.498371,-9.761988],"geometry":{"type":"Polygon","coordinates":[[[-62.685,-22.249],[-62.846,-22.035],[-63.987,-21.994],[-64.377,-22.798],[-64.965,-22.076],[-66.273,-21.832],[-67.107,-22.736],[-67.828,-22.873],[-68.22,-21.494],[-68.757,-20.373],[-68.442,-19.405],[-68.967,-18.982],[-69.1,-18.26],[-69.59,-17.58],[-68.96,-16.501],[-69.39,-15.66],[-69.16,-15.324],[-69.34,-14.953],[-68.949,-14.454],[-68.929,-13.603],[-68.88,-12.9],[-68.665,-12.561],[-69.53,-10.952],[-68.786,-11.036],[-68.271,-11.015],[-68.048,-10.712],[-67.174,-10.307],[-66.647,-9.931],[-65.338,-9.762],[-65.445,-10.511],[-65.322,-10.896],[-65.402,-11.566],[-64.316,-12.462],[-63.196,-12.627],[-62.803,-13.001],[-62.127,-13.199],[-61.713,-13.489],[-61.084,-13.479],[-60.503,-13.776],[-60.459,-14.354],[-60.264,-14.646],[-60.251,-15.077],[-60.543,-15.094],[-60.158,-16.258],[-58.241,-16.3],[-58.388,-16.877],[-58.281,-17.272],[-57.735,-17.552],[-57.498,-18.174],[-57.676,-18.962],[-57.95,-19.4],[-57.854,-19.97],[-58.166,-20.177],[-58.183,-19.868],[-59.115,-19.357],[-60.044,-19.343],[-61.786,-19.634],[-62.266,-20.514],[-62.291,-21.052],[-62.685,-22.249]]]}},{"type":"Feature","properties":{"scalerank":1,"featurecla":"Admin-0 country","LABELRANK":2,"SOVEREIGNT":"Brazil","SOV_A3":"BRA","ADM0_DIF":0,"LEVEL":2,"TYPE":"Sovereign country","ADMIN":"Brazil","ADM0_A3":"BRA","GEOU_DIF":0,"GEOUNIT":"Brazil","GU_A3":"BRA","SU_DIF":0,"SUBUNIT":"Brazil","SU_A3":"BRA","BRK_DIFF":0,"NAME":"Brazil","NAME_LONG":"Brazil","BRK_A3":"BRA","BRK_NAME":"Brazil","BRK_GROUP":null,"ABBREV":"Brazil","POSTAL":"BR","FORMAL_EN":"Federative Republic of Brazil","FORMAL_FR":null,"NAME_CIAWF":"Brazil","NOTE_ADM0":null,"NOTE_BRK":null,"NAME_SORT":"Brazil","NAME_ALT":null,"MAPCOLOR7":5,"MAPCOLOR8":6,"MAPCOLOR9":5,"MAPCOLOR13":7,"POP_EST":207353391,"POP_RANK":17,"GDP_MD_EST":3081000,"POP_YEAR":2017,"LASTCENSUS":2010,"GDP_YEAR":2016,"ECONOMY":"3. Emerging region: BRIC","INCOME_GRP":"3. Upper middle income","WIKIPEDIA":-99,"FIPS_10_":"BR","ISO_A2":"BR","ISO_A3":"BRA","ISO_A3_EH":"BRA","ISO_N3":"076","UN_A3":"076","WB_A2":"BR","WB_A3":"BRA","WOE_ID":23424768,"WOE_ID_EH":23424768,"WOE_NOTE":"Exact WOE match as country","ADM0_A3_IS":"BRA","ADM0_A3_US":"BRA","ADM0_A3_UN":-99,"ADM0_A3_WB":-99,"CONTINENT":"South America","REGION_UN":"Americas","SUBREGION":"South America","REGION_WB":"Latin America & Caribbean","NAME_LEN":6,"LONG_LEN":6,"ABBREV_LEN":6,"TINY":-99,"HOMEPART":1,"MIN_ZOOM":0,"MIN_LABEL":1.7,"MAX_LABEL":5.7},"bbox":[-73.987235,-33.768378,-34.729993,5.244486],"geometry":{"type":"Polygon","coordinates":[[[-57.625,-30.216],[-56.291,-28.853],[-55.162,-27.882],[-54.491,-27.475],[-53.649,-26.923],[-53.628,-26.125],[-54.13,-25.548],[-54.625,-25.739],[-54.429,-25.162],[-54.293,-24.571],[-54.293,-24.021],[-54.653,-23.84],[-55.028,-24.001],[-55.401,-23.957],[-55.518,-23.572],[-55.611,-22.656],[-55.798,-22.357],[-56.473,-22.086],[-56.882,-22.282],[-57.937,-22.09],[-57.871,-20.733],[-58.166,-20.177],[-57.854,-19.97],[-57.95,-19.4],[-57.676,-18.962],[-57.498,-18.174],[-57.735,-17.552],[-58.281,-17.272],[-58.388,-16.877],[-58.241,-16.3],[-60.158,-16.258],[-60.543,-15.094],[-60.251,-15.077],[-60.264,-14.646],[-60.459,-14.354],[-60.503,-13.776],[-61.084,-13.479],[-61.713,-13.489],[-62.127,-13.199],[-62.803,-13.001],[-63.196,-12.627],[-64.316,-12.462],[-65.402,-11.566],[-65.322,-10.896],[-65.445,-10.511],[-65.338,-9.762],[-66.647,-9.931],[-67.174,-10.307],[-68.048,-10.712],[-68.271,-11.015],[-68.786,-11.036],[-69.53,-10.952],[-70.094,-11.124],[-70.549,-11.009],[-70.482,-9.49],[-71.302,-10.079],[-72.185,-10.054],[-72.563,-9.52],[-73.227,-9.462],[-73.015,-9.033],[-73.571,-8.424],[-73.987,-7.524],[-73.723,-7.341],[-73.724,-6.919],[-73.12,-6.63],[-73.22,-6.089],[-72.965,-5.741],[-72.892,-5.275],[-71.748,-4.594],[-70.929,-4.402],[-70.795,-4.251],[-69.894,-4.298],[-69.444,-1.556],[-69.42,-1.123],[-69.577,-0.55],[-70.021,-0.185],[-70.016,0.541],[-69.452,0.706],[-69.252,0.603],[-69.219,0.986],[-69.805,1.089],[-69.817,1.715],[-67.869,1.692],[-67.538,2.037],[-67.26,1.72],[-67.065,1.13],[-66.876,1.253],[-66.326,0.724],[-65.548,0.789],[-65.355,1.095],[-64.611,1.329],[-64.199,1.493],[-64.083,1.916],[-63.369,2.201],[-63.423,2.411],[-64.27,2.497],[-64.409,3.127],[-64.368,3.797],[-64.816,4.056],[-64.629,4.148],[-63.888,4.021],[-63.093,3.771],[-62.805,4.007],[-62.085,4.162],[-60.967,4.536],[-60.601,4.918],[-60.734,5.2],[-60.214,5.244],[-59.981,5.014],[-60.111,4.575],[-59.767,4.424],[-59.538,3.959],[-59.815,3.606],[-59.975,2.755],[-59.719,2.25],[-59.646,1.787],[-59.031,1.318],[-58.54,1.268],[-58.429,1.464],[-58.113,1.507],[-57.661,1.683],[-57.336,1.949],[-56.783,1.864],[-56.539,1.9],[-55.996,1.818],[-55.906,2.022],[-56.073,2.221],[-55.973,2.51],[-55.57,2.422],[-55.098,2.524],[-54.525,2.312],[-54.088,2.106],[-53.779,2.377],[-53.555,2.335],[-53.418,2.053],[-52.94,2.125],[-52.556,2.505],[-52.249,3.241],[-51.658,4.156],[-51.317,4.203],[-51.07,3.65],[-50.509,1.902],[-49.974,1.736],[-49.947,1.046],[-50.699,0.223],[-50.388,-0.078],[-48.621,-0.235],[-48.584,-1.238],[-47.825,-0.582],[-46.567,-0.941],[-44.906,-1.552],[-44.418,-2.138],[-44.582,-2.691],[-43.419,-2.383],[-41.473,-2.912],[-39.979,-2.873],[-38.5,-3.701],[-37.223,-4.821],[-36.453,-5.109],[-35.598,-5.15],[-35.235,-5.465],[-34.896,-6.738],[-34.73,-7.343],[-35.128,-8.996],[-35.637,-9.649],[-37.047,-11.041],[-37.684,-12.171],[-38.424,-13.038],[-38.674,-13.058],[-38.953,-13.793],[-38.882,-15.667],[-39.161,-17.208],[-39.267,-17.868],[-39.584,-18.262],[-39.761,-19.599],[-40.775,-20.905],[-40.945,-21.937],[-41.754,-22.371],[-41.988,-22.97],[-43.075,-22.968],[-44.648,-23.352],[-45.352,-23.797],[-46.472,-24.089],[-47.649,-24.885],[-48.495,-25.877],[-48.641,-26.624],[-48.475,-27.176],[-48.662,-28.186],[-48.888,-28.674],[-49.587,-29.224],[-50.697,-30.984],[-51.576,-31.778],[-52.256,-32.245],[-52.712,-33.197],[-53.374,-33.768],[-53.651,-33.202],[-53.21,-32.728],[-53.788,-32.047],[-54.572,-31.495],[-55.602,-30.854],[-55.973,-30.883],[-56.976,-30.11],[-57.625,-30.216]]]}},{"type":"Feature","properties":{"scalerank":1,"featurecla":"Admin-0 country","LABELRANK":6,"SOVEREIGNT":"Brunei","SOV_A3":"BRN","ADM0_DIF":0,"LEVEL":2,"TYPE":"Sovereign country","ADMIN":"Brunei","ADM0_A3":"BRN","GEOU_DIF":0,"GEOUNIT":"Brunei","GU_A3":"BRN","SU_DIF":0,"SUBUNIT":"Brunei","SU_A3":"BRN","BRK_DIFF":0,"NAME":"Brunei","NAME_LONG":"Brunei Darussalam","BRK_A3":"BRN","BRK_NAME":"Brunei","BRK_GROUP":null,"ABBREV":"Brunei","POSTAL":"BN","FORMAL_EN":"Negara Brunei Darussalam","FORMAL_FR":null,"NAME_CIAWF":"Brunei","NOTE_ADM0":null,"NOTE_BRK":null,"NAME_SORT":"Brunei","NAME_ALT":null,"MAPCOLOR7":4,"MAPCOLOR8":6,"MAPCOLOR9":6,"MAPCOLOR13":12,"POP_EST":443593,"POP_RANK":10,"GDP_MD_EST":33730,"POP_YEAR":2017,"LASTCENSUS":2001,"GDP_YEAR":2016,"ECONOMY":"6. Developing region","INCOME_GRP":"2. High income: nonOECD","WIKIPEDIA":-99,"FIPS_10_":"BX","ISO_A2":"BN","ISO_A3":"BRN","ISO_A3_EH":"BRN","ISO_N3":"096","UN_A3":"096","WB_A2":"BN","WB_A3":"BRN","WOE_ID":23424773,"WOE_ID_EH":23424773,"WOE_NOTE":"Exact WOE match as country","ADM0_A3_IS":"BRN","ADM0_A3_US":"BRN","ADM0_A3_UN":-99,"ADM0_A3_WB":-99,"CONTINENT":"Asia","REGION_UN":"Asia","SUBREGION":"South-Eastern Asia","REGION_WB":"East Asia & Pacific","NAME_LEN":6,"LONG_LEN":17,"ABBREV_LEN":6,"TINY":2,"HOMEPART":1,"MIN_ZOOM":0,"MIN_LABEL":4,"MAX_LABEL":9},"bbox":[114.204017,4.007637,115.45071,5.44773],"geometry":{"type":"Polygon","coordinates":[[[114.204,4.526],[114.6,4.9],[115.451,5.448],[115.406,4.955],[115.347,4.317],[114.87,4.348],[114.66,4.008],[114.204,4.526]]]}},{"type":"Feature","properties":{"scalerank":1,"featurecla":"Admin-0 country","LABELRANK":5,"SOVEREIGNT":"Bhutan","SOV_A3":"BTN","ADM0_DIF":0,"LEVEL":2,"TYPE":"Sovereign country","ADMIN":"Bhutan","ADM0_A3":"BTN","GEOU_DIF":0,"GEOUNIT":"Bhutan","GU_A3":"BTN","SU_DIF":0,"SUBUNIT":"Bhutan","SU_A3":"BTN","BRK_DIFF":0,"NAME":"Bhutan","NAME_LONG":"Bhutan","BRK_A3":"BTN","BRK_NAME":"Bhutan","BRK_GROUP":null,"ABBREV":"Bhutan","POSTAL":"BT","FORMAL_EN":"Kingdom of Bhutan","FORMAL_FR":null,"NAME_CIAWF":"Bhutan","NOTE_ADM0":null,"NOTE_BRK":null,"NAME_SORT":"Bhutan","NAME_ALT":null,"MAPCOLOR7":5,"MAPCOLOR8":6,"MAPCOLOR9":1,"MAPCOLOR13":8,"POP_EST":758288,"POP_RANK":11,"GDP_MD_EST":6432,"POP_YEAR":2017,"LASTCENSUS":2005,"GDP_YEAR":2016,"ECONOMY":"7. Least developed region","INCOME_GRP":"4. Lower middle income","WIKIPEDIA":-99,"FIPS_10_":"BT","ISO_A2":"BT","ISO_A3":"BTN","ISO_A3_EH":"BTN","ISO_N3":"064","UN_A3":"064","WB_A2":"BT","WB_A3":"BTN","WOE_ID":23424770,"WOE_ID_EH":23424770,"WOE_NOTE":"Exact WOE match as country","ADM0_A3_IS":"BTN","ADM0_A3_US":"BTN","ADM0_A3_UN":-99,"ADM0_A3_WB":-99,"CONTINENT":"Asia","REGION_UN":"Asia","SUBREGION":"Southern Asia","REGION_WB":"South Asia","NAME_LEN":6,"LONG_LEN":6,"ABBREV_LEN":6,"TINY":-99,"HOMEPART":1,"MIN_ZOOM":0,"MIN_LABEL":4,"MAX_LABEL":9},"bbox":[88.814248,26.719403,92.103712,28.296439],"geometry":{"type":"Polygon","coordinates":[[[91.697,27.772],[92.104,27.453],[92.033,26.838],[91.218,26.809],[90.373,26.876],[89.745,26.719],[88.836,27.099],[88.814,27.299],[89.476,28.043],[90.016,28.296],[90.731,28.065],[91.259,28.041],[91.697,27.772]]]}},{"type":"Feature","properties":{"scalerank":1,"featurecla":"Admin-0 country","LABELRANK":4,"SOVEREIGNT":"Botswana","SOV_A3":"BWA","ADM0_DIF":0,"LEVEL":2,"TYPE":"Sovereign country","ADMIN":"Botswana","ADM0_A3":"BWA","GEOU_DIF":0,"GEOUNIT":"Botswana","GU_A3":"BWA","SU_DIF":0,"SUBUNIT":"Botswana","SU_A3":"BWA","BRK_DIFF":0,"NAME":"Botswana","NAME_LONG":"Botswana","BRK_A3":"BWA","BRK_NAME":"Botswana","BRK_GROUP":null,"ABBREV":"Bwa.","POSTAL":"BW","FORMAL_EN":"Republic of Botswana","FORMAL_FR":null,"NAME_CIAWF":"Botswana","NOTE_ADM0":null,"NOTE_BRK":null,"NAME_SORT":"Botswana","NAME_ALT":null,"MAPCOLOR7":6,"MAPCOLOR8":5,"MAPCOLOR9":7,"MAPCOLOR13":3,"POP_EST":2214858,"POP_RANK":12,"GDP_MD_EST":35900,"POP_YEAR":2017,"LASTCENSUS":2011,"GDP_YEAR":2016,"ECONOMY":"6. Developing region","INCOME_GRP":"3. Upper middle income","WIKIPEDIA":-99,"FIPS_10_":"BC","ISO_A2":"BW","ISO_A3":"BWA","ISO_A3_EH":"BWA","ISO_N3":"072","UN_A3":"072","WB_A2":"BW","WB_A3":"BWA","WOE_ID":23424755,"WOE_ID_EH":23424755,"WOE_NOTE":"Exact WOE match as country","ADM0_A3_IS":"BWA","ADM0_A3_US":"BWA","ADM0_A3_UN":-99,"ADM0_A3_WB":-99,"CONTINENT":"Africa","REGION_UN":"Africa","SUBREGION":"Southern Africa","REGION_WB":"Sub-Saharan Africa","NAME_LEN":8,"LONG_LEN":8,"ABBREV_LEN":4,"TINY":-99,"HOMEPART":1,"MIN_ZOOM":0,"MIN_LABEL":4,"MAX_LABEL":9},"bbox":[19.895458,-26.828543,29.432188,-17.661816],"geometry":{"type":"Polygon","coordinates":[[[29.432,-22.091],[28.017,-22.828],[27.119,-23.574],[26.786,-24.241],[26.486,-24.616],[25.942,-24.696],[25.766,-25.175],[25.665,-25.487],[25.025,-25.72],[24.211,-25.67],[23.734,-25.39],[23.312,-25.269],[22.824,-25.5],[22.58,-25.979],[22.106,-26.28],[21.606,-26.727],[20.89,-26.829],[20.666,-26.477],[20.759,-25.868],[20.166,-24.918],[19.896,-24.768],[19.895,-21.849],[20.881,-21.814],[20.911,-18.252],[21.655,-18.219],[23.197,-17.869],[23.579,-18.281],[24.217,-17.889],[24.521,-17.887],[25.084,-17.662],[25.264,-17.737],[25.649,-18.536],[25.85,-18.714],[26.165,-19.293],[27.297,-20.392],[27.725,-20.499],[27.727,-20.852],[28.021,-21.486],[28.795,-21.639],[29.432,-22.091]]]}},{"type":"Feature","properties":{"scalerank":1,"featurecla":"Admin-0 country","LABELRANK":4,"SOVEREIGNT":"Central African Republic","SOV_A3":"CAF","ADM0_DIF":0,"LEVEL":2,"TYPE":"Sovereign country","ADMIN":"Central African Republic","ADM0_A3":"CAF","GEOU_DIF":0,"GEOUNIT":"Central African Republic","GU_A3":"CAF","SU_DIF":0,"SUBUNIT":"Central African Republic","SU_A3":"CAF","BRK_DIFF":0,"NAME":"Central African Rep.","NAME_LONG":"Central African Republic","BRK_A3":"CAF","BRK_NAME":"Central African Rep.","BRK_GROUP":null,"ABBREV":"C.A.R.","POSTAL":"CF","FORMAL_EN":"Central African Republic","FORMAL_FR":null,"NAME_CIAWF":"Central African Republic","NOTE_ADM0":null,"NOTE_BRK":null,"NAME_SORT":"Central African Republic","NAME_ALT":null,"MAPCOLOR7":5,"MAPCOLOR8":6,"MAPCOLOR9":6,"MAPCOLOR13":9,"POP_EST":5625118,"POP_RANK":13,"GDP_MD_EST":3206,"POP_YEAR":2017,"LASTCENSUS":2003,"GDP_YEAR":2016,"ECONOMY":"7. Least developed region","INCOME_GRP":"5. Low income","WIKIPEDIA":-99,"FIPS_10_":"CT","ISO_A2":"CF","ISO_A3":"CAF","ISO_A3_EH":"CAF","ISO_N3":"140","UN_A3":"140","WB_A2":"CF","WB_A3":"CAF","WOE_ID":23424792,"WOE_ID_EH":23424792,"WOE_NOTE":"Exact WOE match as country","ADM0_A3_IS":"CAF","ADM0_A3_US":"CAF","ADM0_A3_UN":-99,"ADM0_A3_WB":-99,"CONTINENT":"Africa","REGION_UN":"Africa","SUBREGION":"Middle Africa","REGION_WB":"Sub-Saharan Africa","NAME_LEN":20,"LONG_LEN":24,"ABBREV_LEN":6,"TINY":-99,"HOMEPART":1,"MIN_ZOOM":0,"MIN_LABEL":4,"MAX_LABEL":9},"bbox":[14.459407,2.26764,27.374226,11.142395],"geometry":{"type":"Polygon","coordinates":[[[15.279,7.422],[16.106,7.497],[16.291,7.754],[16.456,7.735],[16.706,7.508],[17.965,7.891],[18.39,8.281],[18.911,8.631],[18.812,8.983],[19.094,9.075],[20.06,9.013],[21.001,9.476],[21.724,10.567],[22.231,10.972],[22.864,11.142],[22.978,10.714],[23.554,10.089],[23.557,9.681],[23.395,9.265],[23.459,8.954],[23.806,8.666],[24.567,8.229],[25.115,7.825],[25.124,7.5],[25.797,6.979],[26.213,6.547],[26.466,5.947],[27.213,5.551],[27.374,5.234],[27.044,5.128],[26.403,5.151],[25.65,5.256],[25.279,5.17],[25.129,4.927],[24.805,4.897],[24.411,5.109],[23.297,4.61],[22.841,4.71],[22.704,4.633],[22.405,4.029],[21.659,4.224],[20.928,4.323],[20.291,4.692],[19.468,5.032],[18.932,4.71],[18.543,4.202],[18.453,3.504],[17.81,3.56],[17.133,3.728],[16.537,3.198],[16.013,2.268],[15.907,2.557],[15.863,3.014],[15.405,3.335],[15.036,3.851],[14.951,4.21],[14.478,4.733],[14.559,5.031],[14.459,5.452],[14.537,6.227],[14.777,6.408],[15.279,7.422]]]}},{"type":"Feature","properties":{"scalerank":1,"featurecla":"Admin-0 country","LABELRANK":2,"SOVEREIGNT":"Canada","SOV_A3":"CAN","ADM0_DIF":0,"LEVEL":2,"TYPE":"Sovereign country","ADMIN":"Canada","ADM0_A3":"CAN","GEOU_DIF":0,"GEOUNIT":"Canada","GU_A3":"CAN","SU_DIF":0,"SUBUNIT":"Canada","SU_A3":"CAN","BRK_DIFF":0,"NAME":"Canada","NAME_LONG":"Canada","BRK_A3":"CAN","BRK_NAME":"Canada","BRK_GROUP":null,"ABBREV":"Can.","POSTAL":"CA","FORMAL_EN":"Canada","FORMAL_FR":null,"NAME_CIAWF":"Canada","NOTE_ADM0":null,"NOTE_BRK":null,"NAME_SORT":"Canada","NAME_ALT":null,"MAPCOLOR7":6,"MAPCOLOR8":6,"MAPCOLOR9":2,"MAPCOLOR13":2,"POP_EST":35623680,"POP_RANK":15,"GDP_MD_EST":1674000,"POP_YEAR":2017,"LASTCENSUS":2011,"GDP_YEAR":2016,"ECONOMY":"1. Developed region: G7","INCOME_GRP":"1. High income: OECD","WIKIPEDIA":-99,"FIPS_10_":"CA","ISO_A2":"CA","ISO_A3":"CAN","ISO_A3_EH":"CAN","ISO_N3":"124","UN_A3":"124","WB_A2":"CA","WB_A3":"CAN","WOE_ID":23424775,"WOE_ID_EH":23424775,"WOE_NOTE":"Exact WOE match as country","ADM0_A3_IS":"CAN","ADM0_A3_US":"CAN","ADM0_A3_UN":-99,"ADM0_A3_WB":-99,"CONTINENT":"North America","REGION_UN":"Americas","SUBREGION":"Northern America","REGION_WB":"North America","NAME_LEN":6,"LONG_LEN":6,"ABBREV_LEN":4,"TINY":-99,"HOMEPART":1,"MIN_ZOOM":0,"MIN_LABEL":1.7,"MAX_LABEL":5.7},"bbox":[-140.99778,41.675105,-52.648099,83.23324],"geometry":{"type":"MultiPolygon","coordinates":[[[[-63.664,46.55],[-62.939,46.416],[-62.012,46.443],[-62.504,46.033],[-62.874,45.968],[-64.143,46.393],[-64.393,46.727],[-64.015,47.036],[-63.664,46.55]]],[[[-61.806,49.105],[-62.293,49.087],[-63.589,49.401],[-64.519,49.873],[-64.173,49.957],[-62.858,49.706],[-61.836,49.289],[-61.806,49.105]]],[[[-123.51,48.51],[-124.013,48.371],[-125.655,48.825],[-125.955,49.18],[-126.85,49.53],[-127.03,49.815],[-128.059,49.995],[-128.445,50.539],[-128.358,50.771],[-127.309,50.553],[-126.695,50.401],[-125.755,50.295],[-125.415,49.95],[-124.921,49.475],[-123.923,49.062],[-123.51,48.51]]],[[[-56.134,50.687],[-56.796,49.812],[-56.143,50.15],[-55.471,49.936],[-55.822,49.587],[-54.935,49.313],[-54.474,49.557],[-53.477,49.249],[-53.786,48.517],[-53.086,48.688],[-52.959,48.157],[-52.648,47.536],[-53.069,46.655],[-53.521,46.618],[-54.179,46.807],[-53.962,47.625],[-54.24,47.752],[-55.401,46.885],[-55.997,46.92],[-55.291,47.39],[-56.251,47.633],[-57.325,47.573],[-59.266,47.603],[-59.419,47.899],[-58.797,48.252],[-59.232,48.523],[-58.392,49.126],[-57.359,50.718],[-56.739,51.287],[-55.871,51.632],[-55.407,51.588],[-55.6,51.317],[-56.134,50.687]]],[[[-133.18,54.17],[-132.71,54.04],[-131.75,54.12],[-132.049,52.985],[-131.179,52.18],[-131.578,52.182],[-132.18,52.64],[-132.55,53.1],[-133.055,53.411],[-133.24,53.851],[-133.18,54.17]]],[[[-79.266,62.159],[-79.658,61.633],[-80.1,61.718],[-80.362,62.016],[-80.315,62.086],[-79.929,62.386],[-79.52,62.364],[-79.266,62.159]]],[[[-81.898,62.711],[-83.069,62.159],[-83.775,62.182],[-83.994,62.453],[-83.25,62.914],[-81.877,62.905],[-81.898,62.711]]],[[[-85.161,65.657],[-84.976,65.218],[-84.464,65.372],[-83.883,65.11],[-82.788,64.767],[-81.642,64.455],[-81.553,63.98],[-80.817,64.057],[-80.103,63.726],[-80.991,63.411],[-82.547,63.652],[-83.109,64.102],[-84.1,63.57],[-85.523,63.052],[-85.867,63.637],[-87.222,63.541],[-86.353,64.036],[-86.225,64.823],[-85.884,65.739],[-85.161,65.657]]],[[[-75.866,67.149],[-76.987,67.099],[-77.236,67.588],[-76.812,68.149],[-75.895,68.287],[-75.114,68.01],[-75.103,67.582],[-75.216,67.444],[-75.866,67.149]]],[[[-95.648,69.108],[-96.27,68.757],[-97.617,69.06],[-98.432,68.951],[-99.797,69.4],[-98.917,69.71],[-98.218,70.144],[-97.157,69.86],[-96.557,69.68],[-96.257,69.49],[-95.648,69.108]]],[[[-68.234,47.355],[-68.905,47.185],[-69.237,47.448],[-70,46.693],[-70.305,45.915],[-70.66,45.46],[-71.085,45.305],[-71.405,45.255],[-71.505,45.008],[-73.348,45.007],[-74.867,45],[-75.318,44.816],[-76.375,44.096],[-76.5,44.018],[-76.82,43.629],[-77.738,43.629],[-78.72,43.625],[-79.172,43.466],[-79.01,43.27],[-78.92,42.965],[-78.939,42.864],[-80.247,42.366],[-81.278,42.209],[-82.439,41.675],[-82.69,41.675],[-83.03,41.833],[-83.142,41.976],[-83.12,42.08],[-82.9,42.43],[-82.43,42.98],[-82.138,43.571],[-82.338,44.44],[-82.551,45.348],[-83.593,45.817],[-83.47,45.995],[-83.616,46.117],[-83.891,46.117],[-84.092,46.275],[-84.142,46.512],[-84.337,46.409],[-84.605,46.44],[-84.544,46.539],[-84.779,46.637],[-84.876,46.9],[-85.652,47.22],[-86.462,47.553],[-87.44,47.94],[-88.378,48.303],[-89.273,48.02],[-89.6,48.01],[-90.83,48.27],[-91.64,48.14],[-92.61,48.45],[-93.631,48.609],[-94.329,48.671],[-94.64,48.84],[-94.818,49.389],[-95.156,49.384],[-95.159,49],[-97.229,49.001],[-100.65,49],[-104.048,49],[-107.05,49],[-110.05,49],[-113,49],[-116.048,49],[-117.031,49],[-120,49],[-122.84,49],[-122.974,49.003],[-124.91,49.985],[-125.625,50.417],[-127.436,50.831],[-127.993,51.716],[-127.85,52.33],[-129.13,52.755],[-129.305,53.562],[-130.515,54.288],[-130.536,54.803],[-130.536,54.803],[-129.98,55.285],[-130.008,55.916],[-131.708,56.552],[-132.73,57.693],[-133.356,58.41],[-134.271,58.861],[-134.945,59.271],[-135.476,59.788],[-136.48,59.464],[-137.452,58.905],[-138.341,59.562],[-139.039,60],[-140.013,60.277],[-140.998,60.306],[-140.992,66],[-140.986,69.712],[-140.986,69.712],[-139.121,69.471],[-137.546,68.99],[-136.504,68.898],[-135.626,69.315],[-134.415,69.627],[-132.929,69.505],[-131.431,69.945],[-129.795,70.194],[-129.108,69.779],[-128.362,70.013],[-128.138,70.484],[-127.447,70.377],[-125.756,69.481],[-124.425,70.158],[-124.29,69.4],[-123.061,69.564],[-122.683,69.856],[-121.472,69.798],[-119.943,69.378],[-117.603,69.011],[-116.226,68.842],[-115.247,68.906],[-113.898,68.399],[-115.305,67.903],[-113.497,67.688],[-110.798,67.806],[-109.946,67.981],[-108.88,67.381],[-107.792,67.887],[-108.813,68.312],[-108.167,68.654],[-106.95,68.7],[-106.15,68.8],[-105.343,68.561],[-104.338,68.018],[-103.221,68.098],[-101.454,67.647],[-99.902,67.806],[-98.443,67.782],[-98.559,68.404],[-97.669,68.579],[-96.12,68.239],[-96.126,67.293],[-95.489,68.091],[-94.685,68.064],[-94.233,69.069],[-95.304,69.686],[-96.471,70.09],[-96.391,71.195],[-95.209,71.921],[-93.89,71.76],[-92.878,71.319],[-91.52,70.191],[-92.407,69.7],[-90.547,69.498],[-90.552,68.475],[-89.215,69.259],[-88.02,68.615],[-88.317,67.873],[-87.35,67.199],[-86.306,67.921],[-85.577,68.785],[-85.522,69.882],[-84.101,69.805],[-82.623,69.658],[-81.28,69.162],[-81.22,68.666],[-81.964,68.133],[-81.259,67.597],[-81.387,67.111],[-83.345,66.412],[-84.735,66.257],[-85.769,66.558],[-86.068,66.056],[-87.031,65.213],[-87.323,64.776],[-88.483,64.099],[-89.914,64.033],[-90.704,63.61],[-90.77,62.96],[-91.933,62.835],[-93.157,62.025],[-94.242,60.899],[-94.629,60.11],[-94.685,58.949],[-93.215,58.782],[-92.765,57.846],[-92.297,57.087],[-90.898,57.285],[-89.04,56.852],[-88.04,56.472],[-87.324,55.999],[-86.071,55.724],[-85.012,55.303],[-83.361,55.245],[-82.273,55.148],[-82.436,54.282],[-82.125,53.277],[-81.401,52.158],[-79.913,51.208],[-79.143,51.534],[-78.602,52.562],[-79.124,54.141],[-79.83,54.668],[-78.229,55.136],[-77.096,55.837],[-76.541,56.534],[-76.623,57.203],[-77.302,58.052],[-78.517,58.805],[-77.337,59.853],[-77.773,60.758],[-78.107,62.32],[-77.411,62.551],[-75.696,62.278],[-74.668,62.181],[-73.84,62.444],[-72.909,62.105],[-71.677,61.525],[-71.374,61.137],[-69.59,61.061],[-69.62,60.221],[-69.288,58.957],[-68.375,58.801],[-67.65,58.212],[-66.202,58.767],[-65.245,59.871],[-64.584,60.336],[-63.805,59.443],[-62.502,58.167],[-61.397,56.967],[-61.799,56.339],[-60.469,55.775],[-59.57,55.204],[-57.975,54.945],[-57.333,54.627],[-56.937,53.78],[-56.158,53.647],[-55.756,53.27],[-55.683,52.147],[-56.409,51.771],[-57.127,51.42],[-58.775,51.064],[-60.033,50.243],[-61.724,50.08],[-63.863,50.291],[-65.363,50.298],[-66.399,50.229],[-67.236,49.512],[-68.511,49.068],[-69.954,47.745],[-71.105,46.822],[-70.255,46.986],[-68.65,48.3],[-66.552,49.133],[-65.056,49.233],[-64.171,48.742],[-65.115,48.071],[-64.799,46.993],[-64.472,46.238],[-63.173,45.739],[-61.521,45.884],[-60.518,47.008],[-60.449,46.283],[-59.803,45.92],[-61.04,45.265],[-63.255,44.67],[-64.247,44.266],[-65.364,43.545],[-66.123,43.619],[-66.162,44.465],[-64.425,45.292],[-66.026,45.259],[-67.137,45.138],[-67.791,45.703],[-67.79,47.066],[-68.234,47.355]]],[[[-114.167,73.121],[-114.666,72.653],[-112.441,72.955],[-111.05,72.45],[-109.92,72.961],[-109.007,72.633],[-108.188,71.651],[-107.686,72.065],[-108.396,73.09],[-107.516,73.236],[-106.523,73.076],[-105.402,72.673],[-104.775,71.698],[-104.465,70.993],[-102.785,70.498],[-100.981,70.024],[-101.089,69.584],[-102.731,69.504],[-102.093,69.12],[-102.43,68.753],[-104.24,68.91],[-105.96,69.18],[-107.123,69.119],[-109,68.78],[-111.534,68.63],[-113.313,68.536],[-113.855,69.007],[-115.22,69.28],[-116.108,69.168],[-117.34,69.96],[-116.675,70.067],[-115.131,70.237],[-113.721,70.192],[-112.416,70.366],[-114.35,70.6],[-116.487,70.52],[-117.905,70.541],[-118.432,70.909],[-116.113,71.309],[-117.656,71.295],[-119.402,71.559],[-118.563,72.308],[-117.866,72.706],[-115.189,73.315],[-114.167,73.121]]],[[[-104.5,73.42],[-105.38,72.76],[-106.94,73.46],[-106.6,73.6],[-105.26,73.64],[-104.5,73.42]]],[[[-76.34,73.103],[-76.251,72.826],[-77.314,72.856],[-78.392,72.877],[-79.486,72.742],[-79.776,72.803],[-80.876,73.333],[-80.834,73.693],[-80.353,73.76],[-78.064,73.652],[-76.34,73.103]]],[[[-86.562,73.157],[-85.774,72.534],[-84.85,73.34],[-82.316,73.751],[-80.6,72.717],[-80.749,72.062],[-78.771,72.352],[-77.825,72.75],[-75.606,72.244],[-74.229,71.767],[-74.099,71.331],[-72.242,71.557],[-71.2,70.92],[-68.786,70.525],[-67.915,70.122],[-66.969,69.186],[-68.805,68.72],[-66.45,68.067],[-64.862,67.848],[-63.425,66.928],[-61.852,66.862],[-62.163,66.16],[-63.918,64.999],[-65.149,65.426],[-66.721,66.388],[-68.015,66.263],[-68.141,65.69],[-67.09,65.108],[-65.732,64.648],[-65.32,64.383],[-64.669,63.393],[-65.014,62.674],[-66.275,62.945],[-68.783,63.746],[-67.37,62.884],[-66.328,62.28],[-66.166,61.931],[-68.877,62.33],[-71.023,62.911],[-72.235,63.398],[-71.886,63.68],[-73.378,64.194],[-74.834,64.679],[-74.819,64.389],[-77.71,64.23],[-78.556,64.573],[-77.897,65.309],[-76.018,65.327],[-73.96,65.455],[-74.294,65.812],[-73.945,66.311],[-72.651,67.285],[-72.926,67.727],[-73.312,68.069],[-74.843,68.555],[-76.869,68.895],[-76.229,69.148],[-77.287,69.77],[-78.169,69.826],[-78.957,70.167],[-79.492,69.872],[-81.305,69.743],[-84.945,69.967],[-87.06,70.26],[-88.682,70.411],[-89.513,70.762],[-88.468,71.218],[-89.888,71.223],[-90.205,72.235],[-89.437,73.129],[-88.408,73.538],[-85.826,73.804],[-86.562,73.157]]],[[[-100.356,73.844],[-99.164,73.633],[-97.38,73.76],[-97.12,73.47],[-98.054,72.991],[-96.54,72.56],[-96.72,71.66],[-98.36,71.273],[-99.323,71.356],[-100.015,71.738],[-102.5,72.51],[-102.48,72.83],[-100.438,72.706],[-101.54,73.36],[-100.356,73.844]]],[[[-93.196,72.772],[-94.269,72.025],[-95.41,72.062],[-96.034,72.94],[-96.018,73.437],[-95.496,73.862],[-94.504,74.135],[-92.42,74.1],[-90.51,73.857],[-92.004,72.966],[-93.196,72.772]]],[[[-120.46,71.384],[-123.092,70.902],[-123.62,71.34],[-125.929,71.869],[-125.5,72.292],[-124.807,73.023],[-123.94,73.68],[-124.918,74.293],[-121.538,74.449],[-120.11,74.241],[-117.556,74.186],[-116.584,73.896],[-115.511,73.475],[-116.768,73.223],[-119.22,72.52],[-120.46,71.82],[-120.46,71.384]]],[[[-93.613,74.98],[-94.157,74.592],[-95.609,74.667],[-96.821,74.928],[-96.289,75.378],[-94.851,75.647],[-93.978,75.296],[-93.613,74.98]]],[[[-98.5,76.72],[-97.736,76.257],[-97.704,75.743],[-98.16,75],[-99.809,74.897],[-100.884,75.057],[-100.863,75.641],[-102.502,75.564],[-102.566,76.337],[-101.49,76.305],[-99.983,76.646],[-98.577,76.589],[-98.5,76.72]]],[[[-108.211,76.202],[-107.819,75.846],[-106.929,76.013],[-105.881,75.969],[-105.705,75.48],[-106.313,75.005],[-109.7,74.85],[-112.223,74.417],[-113.744,74.394],[-113.871,74.72],[-111.794,75.163],[-116.312,75.043],[-117.71,75.222],[-116.346,76.199],[-115.405,76.479],[-112.591,76.141],[-110.814,75.549],[-109.067,75.473],[-110.497,76.43],[-109.581,76.794],[-108.549,76.678],[-108.211,76.202]]],[[[-94.684,77.098],[-93.574,76.776],[-91.605,76.779],[-90.742,76.45],[-90.97,76.074],[-89.822,75.848],[-89.187,75.61],[-87.838,75.566],[-86.379,75.482],[-84.79,75.699],[-82.753,75.784],[-81.129,75.714],[-80.058,75.337],[-79.834,74.923],[-80.458,74.657],[-81.949,74.442],[-83.229,74.564],[-86.097,74.41],[-88.15,74.392],[-89.765,74.516],[-92.422,74.838],[-92.768,75.387],[-92.89,75.883],[-93.894,76.319],[-95.962,76.441],[-97.121,76.751],[-96.745,77.161],[-94.684,77.098]]],[[[-116.199,77.645],[-116.336,76.877],[-117.106,76.53],[-118.04,76.481],[-119.899,76.053],[-121.5,75.9],[-122.855,76.117],[-122.855,76.117],[-121.158,76.865],[-119.104,77.512],[-117.57,77.498],[-116.199,77.645]]],[[[-93.84,77.52],[-94.296,77.491],[-96.17,77.555],[-96.436,77.835],[-94.423,77.82],[-93.721,77.634],[-93.84,77.52]]],[[[-110.187,77.697],[-112.051,77.409],[-113.534,77.732],[-112.725,78.051],[-111.264,78.153],[-109.854,77.996],[-110.187,77.697]]],[[[-109.663,78.602],[-110.881,78.407],[-112.542,78.408],[-112.526,78.551],[-111.5,78.85],[-110.964,78.804],[-109.663,78.602]]],[[[-95.83,78.057],[-97.31,77.851],[-98.124,78.083],[-98.553,78.458],[-98.632,78.872],[-97.337,78.832],[-96.754,78.766],[-95.559,78.418],[-95.83,78.057]]],[[[-100.06,78.325],[-99.671,77.908],[-101.304,78.019],[-102.95,78.343],[-105.176,78.38],[-104.21,78.677],[-105.42,78.918],[-105.492,79.302],[-103.529,79.165],[-100.825,78.8],[-100.06,78.325]]],[[[-87.02,79.66],[-85.814,79.337],[-87.188,79.039],[-89.035,78.287],[-90.804,78.215],[-92.877,78.343],[-93.951,78.751],[-93.936,79.114],[-93.145,79.38],[-94.974,79.372],[-96.076,79.705],[-96.71,80.158],[-96.016,80.602],[-95.323,80.907],[-94.298,80.977],[-94.735,81.206],[-92.41,81.257],[-91.133,80.723],[-89.45,80.509],[-87.81,80.32],[-87.02,79.66]]],[[[-68.5,83.106],[-65.827,83.028],[-63.68,82.9],[-61.85,82.629],[-61.894,82.362],[-64.334,81.928],[-66.753,81.725],[-67.658,81.501],[-65.48,81.507],[-67.84,80.9],[-69.47,80.617],[-71.18,79.8],[-73.243,79.634],[-73.88,79.43],[-76.908,79.323],[-75.529,79.198],[-76.22,79.019],[-75.393,78.526],[-76.344,78.183],[-77.889,77.9],[-78.363,77.509],[-79.76,77.21],[-79.62,76.983],[-77.911,77.022],[-77.889,76.778],[-80.561,76.178],[-83.174,76.454],[-86.112,76.299],[-87.6,76.42],[-89.491,76.472],[-89.616,76.952],[-87.767,77.178],[-88.26,77.9],[-87.65,77.97],[-84.976,77.539],[-86.34,78.18],[-87.962,78.372],[-87.152,78.759],[-85.379,78.997],[-85.095,79.345],[-86.507,79.736],[-86.932,80.251],[-84.198,80.208],[-83.409,80.1],[-81.848,80.464],[-84.1,80.58],[-87.599,80.516],[-89.367,80.856],[-90.2,81.26],[-91.368,81.553],[-91.587,81.894],[-90.1,82.085],[-88.932,82.118],[-86.97,82.28],[-85.5,82.652],[-84.26,82.6],[-83.18,82.32],[-82.42,82.86],[-81.1,83.02],[-79.307,83.131],[-76.25,83.172],[-75.719,83.064],[-72.832,83.233],[-70.666,83.17],[-68.5,83.106]]]]}},{"type":"Feature","properties":{"scalerank":1,"featurecla":"Admin-0 country","LABELRANK":4,"SOVEREIGNT":"Switzerland","SOV_A3":"CHE","ADM0_DIF":0,"LEVEL":2,"TYPE":"Sovereign country","ADMIN":"Switzerland","ADM0_A3":"CHE","GEOU_DIF":0,"GEOUNIT":"Switzerland","GU_A3":"CHE","SU_DIF":0,"SUBUNIT":"Switzerland","SU_A3":"CHE","BRK_DIFF":0,"NAME":"Switzerland","NAME_LONG":"Switzerland","BRK_A3":"CHE","BRK_NAME":"Switzerland","BRK_GROUP":null,"ABBREV":"Switz.","POSTAL":"CH","FORMAL_EN":"Swiss Confederation","FORMAL_FR":null,"NAME_CIAWF":"Switzerland","NOTE_ADM0":null,"NOTE_BRK":null,"NAME_SORT":"Switzerland","NAME_ALT":null,"MAPCOLOR7":5,"MAPCOLOR8":2,"MAPCOLOR9":7,"MAPCOLOR13":3,"POP_EST":8236303,"POP_RANK":13,"GDP_MD_EST":496300,"POP_YEAR":2017,"LASTCENSUS":2010,"GDP_YEAR":2016,"ECONOMY":"2. Developed region: nonG7","INCOME_GRP":"1. High income: OECD","WIKIPEDIA":-99,"FIPS_10_":"SZ","ISO_A2":"CH","ISO_A3":"CHE","ISO_A3_EH":"CHE","ISO_N3":"756","UN_A3":"756","WB_A2":"CH","WB_A3":"CHE","WOE_ID":23424957,"WOE_ID_EH":23424957,"WOE_NOTE":"Exact WOE match as country","ADM0_A3_IS":"CHE","ADM0_A3_US":"CHE","ADM0_A3_UN":-99,"ADM0_A3_WB":-99,"CONTINENT":"Europe","REGION_UN":"Europe","SUBREGION":"Western Europe","REGION_WB":"Europe & Central Asia","NAME_LEN":11,"LONG_LEN":11,"ABBREV_LEN":6,"TINY":-99,"HOMEPART":1,"MIN_ZOOM":0,"MIN_LABEL":4,"MAX_LABEL":9},"bbox":[6.022609,45.776948,10.442701,47.830828],"geometry":{"type":"Polygon","coordinates":[[[9.594,47.525],[9.633,47.348],[9.48,47.103],[9.932,46.921],[10.443,46.894],[10.363,46.484],[9.923,46.315],[9.183,46.44],[8.966,46.037],[8.49,46.005],[8.317,46.164],[7.756,45.824],[7.274,45.777],[6.844,45.991],[6.5,46.43],[6.023,46.273],[6.037,46.726],[6.769,47.288],[6.737,47.542],[7.192,47.45],[7.467,47.621],[8.317,47.614],[8.523,47.831],[9.594,47.525]]]}},{"type":"Feature","properties":{"scalerank":1,"featurecla":"Admin-0 country","LABELRANK":2,"SOVEREIGNT":"Chile","SOV_A3":"CHL","ADM0_DIF":0,"LEVEL":2,"TYPE":"Sovereign country","ADMIN":"Chile","ADM0_A3":"CHL","GEOU_DIF":0,"GEOUNIT":"Chile","GU_A3":"CHL","SU_DIF":0,"SUBUNIT":"Chile","SU_A3":"CHL","BRK_DIFF":0,"NAME":"Chile","NAME_LONG":"Chile","BRK_A3":"CHL","BRK_NAME":"Chile","BRK_GROUP":null,"ABBREV":"Chile","POSTAL":"CL","FORMAL_EN":"Republic of Chile","FORMAL_FR":null,"NAME_CIAWF":"Chile","NOTE_ADM0":null,"NOTE_BRK":null,"NAME_SORT":"Chile","NAME_ALT":null,"MAPCOLOR7":5,"MAPCOLOR8":1,"MAPCOLOR9":5,"MAPCOLOR13":9,"POP_EST":17789267,"POP_RANK":14,"GDP_MD_EST":436100,"POP_YEAR":2017,"LASTCENSUS":2002,"GDP_YEAR":2016,"ECONOMY":"5. Emerging region: G20","INCOME_GRP":"3. Upper middle income","WIKIPEDIA":-99,"FIPS_10_":"CI","ISO_A2":"CL","ISO_A3":"CHL","ISO_A3_EH":"CHL","ISO_N3":"152","UN_A3":"152","WB_A2":"CL","WB_A3":"CHL","WOE_ID":23424782,"WOE_ID_EH":23424782,"WOE_NOTE":"Exact WOE match as country","ADM0_A3_IS":"CHL","ADM0_A3_US":"CHL","ADM0_A3_UN":-99,"ADM0_A3_WB":-99,"CONTINENT":"South America","REGION_UN":"Americas","SUBREGION":"South America","REGION_WB":"Latin America & Caribbean","NAME_LEN":5,"LONG_LEN":5,"ABBREV_LEN":5,"TINY":-99,"HOMEPART":1,"MIN_ZOOM":0,"MIN_LABEL":1.7,"MAX_LABEL":6.7},"bbox":[-75.644395,-55.61183,-66.95992,-17.580012],"geometry":{"type":"MultiPolygon","coordinates":[[[[-68.634,-52.636],[-68.633,-54.869],[-67.562,-54.87],[-66.96,-54.897],[-67.291,-55.301],[-68.149,-55.612],[-68.64,-55.58],[-69.232,-55.499],[-69.958,-55.198],[-71.006,-55.054],[-72.264,-54.495],[-73.285,-53.958],[-74.663,-52.837],[-73.838,-53.047],[-72.434,-53.715],[-71.108,-54.074],[-70.592,-53.616],[-70.267,-52.931],[-69.346,-52.518],[-68.634,-52.636]]],[[[-67.107,-22.736],[-66.985,-22.986],[-67.328,-24.025],[-68.418,-24.519],[-68.386,-26.185],[-68.595,-26.507],[-68.296,-26.899],[-69.001,-27.521],[-69.656,-28.459],[-70.014,-29.368],[-69.919,-30.336],[-70.535,-31.365],[-70.074,-33.091],[-69.815,-33.274],[-69.817,-34.194],[-70.388,-35.17],[-70.365,-36.005],[-71.122,-36.658],[-71.119,-37.577],[-70.815,-38.553],[-71.414,-38.916],[-71.681,-39.808],[-71.916,-40.832],[-71.747,-42.051],[-72.149,-42.255],[-71.915,-43.409],[-71.464,-43.788],[-71.794,-44.207],[-71.33,-44.408],[-71.223,-44.784],[-71.659,-44.974],[-71.552,-45.561],[-71.917,-46.885],[-72.447,-47.739],[-72.331,-48.244],[-72.648,-48.879],[-73.415,-49.318],[-73.328,-50.379],[-72.976,-50.741],[-72.31,-50.677],[-72.329,-51.426],[-71.915,-52.009],[-69.498,-52.143],[-68.572,-52.299],[-69.461,-52.292],[-69.943,-52.538],[-70.845,-52.899],[-71.006,-53.833],[-71.43,-53.856],[-72.558,-53.531],[-73.703,-52.835],[-73.703,-52.835],[-74.947,-52.263],[-75.26,-51.629],[-74.977,-51.043],[-75.48,-50.378],[-75.608,-48.674],[-75.183,-47.712],[-74.127,-46.939],[-75.644,-46.648],[-74.692,-45.764],[-74.352,-44.103],[-73.24,-44.455],[-72.718,-42.383],[-73.389,-42.118],[-73.701,-43.366],[-74.332,-43.225],[-74.018,-41.795],[-73.677,-39.942],[-73.218,-39.259],[-73.506,-38.283],[-73.588,-37.156],[-73.167,-37.124],[-72.553,-35.509],[-71.862,-33.909],[-71.438,-32.419],[-71.669,-30.921],[-71.37,-30.096],[-71.49,-28.861],[-70.905,-27.64],[-70.725,-25.706],[-70.404,-23.629],[-70.091,-21.393],[-70.164,-19.756],[-70.373,-18.348],[-69.858,-18.093],[-69.59,-17.58],[-69.1,-18.26],[-68.967,-18.982],[-68.442,-19.405],[-68.757,-20.373],[-68.22,-21.494],[-67.828,-22.873],[-67.107,-22.736]]]]}},{"type":"Feature","properties":{"scalerank":1,"featurecla":"Admin-0 country","LABELRANK":2,"SOVEREIGNT":"China","SOV_A3":"CH1","ADM0_DIF":1,"LEVEL":2,"TYPE":"Country","ADMIN":"China","ADM0_A3":"CHN","GEOU_DIF":0,"GEOUNIT":"China","GU_A3":"CHN","SU_DIF":0,"SUBUNIT":"China","SU_A3":"CHN","BRK_DIFF":0,"NAME":"China","NAME_LONG":"China","BRK_A3":"CHN","BRK_NAME":"China","BRK_GROUP":null,"ABBREV":"China","POSTAL":"CN","FORMAL_EN":"People's Republic of China","FORMAL_FR":null,"NAME_CIAWF":"China","NOTE_ADM0":null,"NOTE_BRK":null,"NAME_SORT":"China","NAME_ALT":null,"MAPCOLOR7":4,"MAPCOLOR8":4,"MAPCOLOR9":4,"MAPCOLOR13":3,"POP_EST":1379302771,"POP_RANK":18,"GDP_MD_EST":21140000,"POP_YEAR":2017,"LASTCENSUS":2010,"GDP_YEAR":2016,"ECONOMY":"3. Emerging region: BRIC","INCOME_GRP":"3. Upper middle income","WIKIPEDIA":-99,"FIPS_10_":"CH","ISO_A2":"CN","ISO_A3":"CHN","ISO_A3_EH":"CHN","ISO_N3":"156","UN_A3":"156","WB_A2":"CN","WB_A3":"CHN","WOE_ID":23424781,"WOE_ID_EH":23424781,"WOE_NOTE":"Exact WOE match as country","ADM0_A3_IS":"CHN","ADM0_A3_US":"CHN","ADM0_A3_UN":-99,"ADM0_A3_WB":-99,"CONTINENT":"Asia","REGION_UN":"Asia","SUBREGION":"Eastern Asia","REGION_WB":"East Asia & Pacific","NAME_LEN":5,"LONG_LEN":5,"ABBREV_LEN":5,"TINY":-99,"HOMEPART":1,"MIN_ZOOM":0,"MIN_LABEL":1.7,"MAX_LABEL":5.7},"bbox":[73.675379,18.197701,135.026311,53.4588],"geometry":{"type":"MultiPolygon","coordinates":[[[[75.158,37.133],[74.98,37.42],[74.83,37.99],[74.865,38.379],[74.258,38.607],[73.929,38.506],[73.675,39.431],[73.96,39.66],[73.822,39.894],[74.777,40.366],[75.468,40.562],[76.526,40.428],[76.904,41.066],[78.187,41.185],[78.544,41.582],[80.119,42.124],[80.26,42.35],[80.18,42.92],[80.866,43.18],[79.966,44.918],[81.947,45.317],[82.459,45.54],[83.18,47.33],[85.164,47.001],[85.72,47.453],[85.768,48.456],[86.599,48.549],[87.36,49.215],[87.751,49.297],[88.014,48.599],[88.854,48.069],[90.281,47.694],[90.971,46.888],[90.586,45.72],[90.946,45.286],[92.134,45.115],[93.481,44.975],[94.689,44.352],[95.307,44.241],[95.762,43.319],[96.349,42.726],[97.452,42.749],[99.516,42.525],[100.846,42.664],[101.833,42.515],[103.312,41.907],[104.522,41.908],[104.965,41.597],[106.129,42.134],[107.745,42.482],[109.244,42.519],[110.412,42.871],[111.13,43.407],[111.83,43.743],[111.668,44.073],[111.348,44.457],[111.873,45.102],[112.436,45.012],[113.464,44.809],[114.46,45.34],[115.985,45.727],[116.718,46.388],[117.422,46.673],[118.874,46.805],[119.663,46.693],[119.773,47.048],[118.867,47.747],[118.064,48.067],[117.296,47.698],[116.309,47.853],[115.743,47.727],[115.485,48.135],[116.192,49.135],[116.679,49.889],[117.879,49.511],[119.288,50.143],[119.279,50.583],[120.182,51.644],[120.738,51.964],[120.726,52.516],[120.177,52.754],[121.003,53.251],[122.246,53.432],[123.571,53.459],[125.068,53.161],[125.946,52.793],[126.564,51.784],[126.939,51.354],[127.287,50.74],[127.657,49.76],[129.398,49.441],[130.582,48.73],[130.987,47.79],[132.507,47.789],[133.374,48.183],[135.026,48.478],[134.501,47.578],[134.112,47.212],[133.77,46.117],[133.097,45.144],[131.883,45.321],[131.025,44.968],[131.289,44.112],[131.145,42.93],[130.634,42.903],[130.64,42.395],[129.994,42.985],[129.597,42.425],[128.052,41.994],[128.208,41.467],[127.344,41.503],[126.869,41.817],[126.182,41.107],[125.08,40.57],[124.266,39.928],[122.868,39.638],[122.131,39.17],[121.055,38.897],[121.586,39.361],[121.377,39.75],[122.169,40.422],[121.64,40.946],[120.769,40.593],[119.64,39.898],[119.023,39.252],[118.043,39.204],[117.533,38.738],[118.06,38.061],[118.878,37.897],[118.912,37.448],[119.703,37.156],[120.823,37.87],[121.711,37.481],[122.358,37.454],[122.52,36.931],[121.104,36.651],[120.637,36.111],[119.665,35.61],[119.151,34.91],[120.228,34.36],[120.62,33.377],[121.229,32.46],[121.908,31.692],[121.892,30.949],[121.264,30.676],[121.504,30.143],[122.092,29.833],[121.938,29.018],[121.684,28.226],[121.126,28.136],[120.395,27.053],[119.585,25.741],[118.657,24.547],[117.282,23.625],[115.891,22.783],[114.764,22.668],[114.153,22.224],[113.807,22.548],[113.241,22.051],[111.844,21.55],[110.785,21.397],[110.444,20.341],[109.89,20.282],[109.628,21.008],[109.864,21.395],[108.523,21.715],[108.05,21.552],[107.043,21.812],[106.567,22.218],[106.725,22.794],[105.811,22.977],[105.329,23.352],[104.477,22.819],[103.505,22.704],[102.707,22.709],[102.17,22.465],[101.652,22.318],[101.803,21.174],[101.27,21.202],[101.18,21.437],[101.15,21.85],[100.417,21.559],[99.983,21.743],[99.241,22.118],[99.532,22.949],[98.899,23.143],[98.66,24.063],[97.605,23.897],[97.725,25.084],[98.672,25.919],[98.712,26.744],[98.683,27.509],[98.246,27.747],[97.912,28.336],[97.327,28.262],[96.249,28.411],[96.587,28.831],[96.118,29.453],[95.405,29.032],[94.566,29.277],[93.413,28.641],[92.503,27.897],[91.697,27.772],[91.259,28.041],[90.731,28.065],[90.016,28.296],[89.476,28.043],[88.814,27.299],[88.73,28.087],[88.12,27.877],[86.955,27.974],[85.823,28.204],[85.012,28.643],[84.235,28.84],[83.899,29.32],[83.337,29.464],[82.328,30.115],[81.526,30.423],[81.111,30.183],[79.721,30.883],[78.739,31.516],[78.458,32.618],[79.176,32.484],[79.209,32.994],[78.811,33.506],[78.912,34.322],[77.837,35.494],[76.193,35.898],[75.897,36.667],[75.158,37.133]]],[[[110.339,18.678],[109.475,18.198],[108.655,18.508],[108.626,19.368],[109.119,19.821],[110.212,20.101],[110.787,20.078],[111.01,19.696],[110.571,19.256],[110.339,18.678]]]]}},{"type":"Feature","properties":{"scalerank":1,"featurecla":"Admin-0 country","LABELRANK":3,"SOVEREIGNT":"Ivory Coast","SOV_A3":"CIV","ADM0_DIF":0,"LEVEL":2,"TYPE":"Sovereign country","ADMIN":"Ivory Coast","ADM0_A3":"CIV","GEOU_DIF":0,"GEOUNIT":"Ivory Coast","GU_A3":"CIV","SU_DIF":0,"SUBUNIT":"Ivory Coast","SU_A3":"CIV","BRK_DIFF":0,"NAME":"Côte d'Ivoire","NAME_LONG":"Côte d'Ivoire","BRK_A3":"CIV","BRK_NAME":"Côte d'Ivoire","BRK_GROUP":null,"ABBREV":"I.C.","POSTAL":"CI","FORMAL_EN":"Republic of Ivory Coast","FORMAL_FR":"Republic of Cote D'Ivoire","NAME_CIAWF":"Cote D'ivoire","NOTE_ADM0":null,"NOTE_BRK":null,"NAME_SORT":"Côte d'Ivoire","NAME_ALT":null,"MAPCOLOR7":4,"MAPCOLOR8":6,"MAPCOLOR9":3,"MAPCOLOR13":3,"POP_EST":24184810,"POP_RANK":15,"GDP_MD_EST":87120,"POP_YEAR":2017,"LASTCENSUS":1998,"GDP_YEAR":2016,"ECONOMY":"6. Developing region","INCOME_GRP":"4. Lower middle income","WIKIPEDIA":-99,"FIPS_10_":"IV","ISO_A2":"CI","ISO_A3":"CIV","ISO_A3_EH":"CIV","ISO_N3":"384","UN_A3":"384","WB_A2":"CI","WB_A3":"CIV","WOE_ID":23424854,"WOE_ID_EH":23424854,"WOE_NOTE":"Exact WOE match as country","ADM0_A3_IS":"CIV","ADM0_A3_US":"CIV","ADM0_A3_UN":-99,"ADM0_A3_WB":-99,"CONTINENT":"Africa","REGION_UN":"Africa","SUBREGION":"Western Africa","REGION_WB":"Sub-Saharan Africa","NAME_LEN":13,"LONG_LEN":13,"ABBREV_LEN":4,"TINY":-99,"HOMEPART":1,"MIN_ZOOM":0,"MIN_LABEL":3,"MAX_LABEL":8},"bbox":[-8.60288,4.338288,-2.56219,10.524061],"geometry":{"type":"Polygon","coordinates":[[[-5.404,10.371],[-4.955,10.153],[-4.78,9.822],[-4.33,9.611],[-3.98,9.862],[-3.512,9.9],[-2.827,9.642],[-2.562,8.22],[-2.984,7.38],[-3.244,6.25],[-2.811,5.389],[-2.856,4.994],[-3.311,4.984],[-4.009,5.18],[-4.65,5.168],[-5.834,4.994],[-6.529,4.705],[-7.519,4.338],[-7.712,4.365],[-7.635,5.188],[-7.54,5.313],[-7.57,5.707],[-7.994,6.126],[-8.311,6.193],[-8.603,6.468],[-8.385,6.912],[-8.485,7.395],[-8.439,7.686],[-8.281,7.687],[-8.222,8.123],[-8.299,8.316],[-8.203,8.455],[-7.832,8.576],[-8.079,9.376],[-8.31,9.79],[-8.229,10.129],[-8.03,10.207],[-7.9,10.297],[-7.623,10.147],[-6.851,10.139],[-6.666,10.431],[-6.494,10.411],[-6.205,10.524],[-6.05,10.096],[-5.817,10.223],[-5.404,10.371]]]}},{"type":"Feature","properties":{"scalerank":1,"featurecla":"Admin-0 country","LABELRANK":3,"SOVEREIGNT":"Cameroon","SOV_A3":"CMR","ADM0_DIF":0,"LEVEL":2,"TYPE":"Sovereign country","ADMIN":"Cameroon","ADM0_A3":"CMR","GEOU_DIF":0,"GEOUNIT":"Cameroon","GU_A3":"CMR","SU_DIF":0,"SUBUNIT":"Cameroon","SU_A3":"CMR","BRK_DIFF":0,"NAME":"Cameroon","NAME_LONG":"Cameroon","BRK_A3":"CMR","BRK_NAME":"Cameroon","BRK_GROUP":null,"ABBREV":"Cam.","POSTAL":"CM","FORMAL_EN":"Republic of Cameroon","FORMAL_FR":null,"NAME_CIAWF":"Cameroon","NOTE_ADM0":null,"NOTE_BRK":null,"NAME_SORT":"Cameroon","NAME_ALT":null,"MAPCOLOR7":1,"MAPCOLOR8":4,"MAPCOLOR9":1,"MAPCOLOR13":3,"POP_EST":24994885,"POP_RANK":15,"GDP_MD_EST":77240,"POP_YEAR":2017,"LASTCENSUS":2005,"GDP_YEAR":2016,"ECONOMY":"6. Developing region","INCOME_GRP":"4. Lower middle income","WIKIPEDIA":-99,"FIPS_10_":"CM","ISO_A2":"CM","ISO_A3":"CMR","ISO_A3_EH":"CMR","ISO_N3":"120","UN_A3":"120","WB_A2":"CM","WB_A3":"CMR","WOE_ID":23424785,"WOE_ID_EH":23424785,"WOE_NOTE":"Exact WOE match as country","ADM0_A3_IS":"CMR","ADM0_A3_US":"CMR","ADM0_A3_UN":-99,"ADM0_A3_WB":-99,"CONTINENT":"Africa","REGION_UN":"Africa","SUBREGION":"Middle Africa","REGION_WB":"Sub-Saharan Africa","NAME_LEN":8,"LONG_LEN":8,"ABBREV_LEN":4,"TINY":-99,"HOMEPART":1,"MIN_ZOOM":0,"MIN_LABEL":3,"MAX_LABEL":8},"bbox":[8.488816,1.727673,16.012852,12.859396],"geometry":{"type":"Polygon","coordinates":[[[15.279,7.422],[14.777,6.408],[14.537,6.227],[14.459,5.452],[14.559,5.031],[14.478,4.733],[14.951,4.21],[15.036,3.851],[15.405,3.335],[15.863,3.014],[15.907,2.557],[16.013,2.268],[15.941,1.728],[15.146,1.964],[14.338,2.228],[13.076,2.267],[12.951,2.322],[12.359,2.193],[11.752,2.327],[11.276,2.261],[9.649,2.284],[9.795,3.073],[9.404,3.735],[8.948,3.904],[8.745,4.352],[8.489,4.496],[8.5,4.772],[8.758,5.48],[9.233,6.444],[9.523,6.453],[10.118,7.039],[10.497,7.055],[11.059,6.644],[11.746,6.981],[11.839,7.397],[12.064,7.8],[12.219,8.306],[12.754,8.718],[12.955,9.418],[13.168,9.641],[13.309,10.16],[13.573,10.799],[14.415,11.572],[14.468,11.905],[14.577,12.085],[14.181,12.484],[14.214,12.802],[14.496,12.859],[14.893,12.219],[14.96,11.556],[14.924,10.891],[15.468,9.982],[14.909,9.992],[14.627,9.921],[14.171,10.021],[13.954,9.549],[14.544,8.966],[14.98,8.796],[15.121,8.382],[15.436,7.693],[15.279,7.422]]]}},{"type":"Feature","properties":{"scalerank":1,"featurecla":"Admin-0 country","LABELRANK":2,"SOVEREIGNT":"Democratic Republic of the Congo","SOV_A3":"COD","ADM0_DIF":0,"LEVEL":2,"TYPE":"Sovereign country","ADMIN":"Democratic Republic of the Congo","ADM0_A3":"COD","GEOU_DIF":0,"GEOUNIT":"Democratic Republic of the Congo","GU_A3":"COD","SU_DIF":0,"SUBUNIT":"Democratic Republic of the Congo","SU_A3":"COD","BRK_DIFF":0,"NAME":"Dem. Rep. Congo","NAME_LONG":"Democratic Republic of the Congo","BRK_A3":"COD","BRK_NAME":"Democratic Republic of the Congo","BRK_GROUP":null,"ABBREV":"D.R.C.","POSTAL":"DRC","FORMAL_EN":"Democratic Republic of the Congo","FORMAL_FR":null,"NAME_CIAWF":"Congo, Democratic Republic of the","NOTE_ADM0":null,"NOTE_BRK":null,"NAME_SORT":"Congo, Dem. Rep.","NAME_ALT":null,"MAPCOLOR7":4,"MAPCOLOR8":4,"MAPCOLOR9":4,"MAPCOLOR13":7,"POP_EST":83301151,"POP_RANK":16,"GDP_MD_EST":66010,"POP_YEAR":2017,"LASTCENSUS":1984,"GDP_YEAR":2016,"ECONOMY":"7. Least developed region","INCOME_GRP":"5. Low income","WIKIPEDIA":-99,"FIPS_10_":"CG","ISO_A2":"CD","ISO_A3":"COD","ISO_A3_EH":"COD","ISO_N3":"180","UN_A3":"180","WB_A2":"ZR","WB_A3":"ZAR","WOE_ID":23424780,"WOE_ID_EH":23424780,"WOE_NOTE":"Exact WOE match as country","ADM0_A3_IS":"COD","ADM0_A3_US":"COD","ADM0_A3_UN":-99,"ADM0_A3_WB":-99,"CONTINENT":"Africa","REGION_UN":"Africa","SUBREGION":"Middle Africa","REGION_WB":"Sub-Saharan Africa","NAME_LEN":15,"LONG_LEN":32,"ABBREV_LEN":6,"TINY":-99,"HOMEPART":1,"MIN_ZOOM":0,"MIN_LABEL":2,"MAX_LABEL":7},"bbox":[12.182337,-13.257227,31.174149,5.256088],"geometry":{"type":"Polygon","coordinates":[[[23.912,-10.927],[23.457,-10.868],[22.837,-11.018],[22.403,-10.993],[22.155,-11.085],[22.209,-9.895],[21.875,-9.524],[21.802,-8.909],[21.949,-8.306],[21.746,-7.92],[21.728,-7.291],[20.515,-7.3],[20.602,-6.939],[20.092,-6.943],[20.038,-7.116],[19.418,-7.155],[19.167,-7.738],[19.017,-7.988],[18.464,-7.847],[18.134,-7.988],[17.473,-8.069],[17.09,-7.546],[16.86,-7.222],[16.573,-6.623],[16.327,-5.877],[13.376,-5.864],[13.025,-5.984],[12.735,-5.966],[12.322,-6.1],[12.182,-5.79],[12.437,-5.684],[12.468,-5.248],[12.632,-4.991],[12.996,-4.781],[13.258,-4.883],[13.6,-4.5],[14.145,-4.51],[14.209,-4.793],[14.583,-4.97],[15.171,-4.344],[15.754,-3.855],[16.006,-3.535],[15.973,-2.712],[16.407,-1.741],[16.865,-1.226],[17.524,-0.744],[17.639,-0.425],[17.664,-0.058],[17.827,0.289],[17.774,0.856],[17.899,1.742],[18.094,2.366],[18.394,2.9],[18.453,3.504],[18.543,4.202],[18.932,4.71],[19.468,5.032],[20.291,4.692],[20.928,4.323],[21.659,4.224],[22.405,4.029],[22.704,4.633],[22.841,4.71],[23.297,4.61],[24.411,5.109],[24.805,4.897],[25.129,4.927],[25.279,5.17],[25.65,5.256],[26.403,5.151],[27.044,5.128],[27.374,5.234],[27.98,4.408],[28.429,4.287],[28.697,4.455],[29.159,4.389],[29.716,4.601],[29.954,4.174],[30.834,3.509],[30.834,3.509],[30.773,2.34],[31.174,2.204],[30.853,1.849],[30.469,1.584],[30.086,1.062],[29.876,0.597],[29.82,-0.205],[29.588,-0.587],[29.579,-1.341],[29.292,-1.62],[29.255,-2.215],[29.117,-2.292],[29.025,-2.839],[29.276,-3.294],[29.34,-4.5],[29.52,-5.42],[29.42,-5.94],[29.62,-6.52],[30.2,-7.08],[30.74,-8.34],[30.74,-8.34],[30.346,-8.238],[29.003,-8.407],[28.735,-8.527],[28.45,-9.165],[28.674,-9.606],[28.496,-10.79],[28.372,-11.794],[28.642,-11.972],[29.342,-12.361],[29.616,-12.179],[29.7,-13.257],[28.934,-13.249],[28.524,-12.699],[28.155,-12.272],[27.389,-12.133],[27.164,-11.609],[26.553,-11.924],[25.752,-11.785],[25.418,-11.331],[24.783,-11.239],[24.315,-11.263],[24.257,-10.952],[23.912,-10.927]]]}},{"type":"Feature","properties":{"scalerank":1,"featurecla":"Admin-0 country","LABELRANK":4,"SOVEREIGNT":"Republic of the Congo","SOV_A3":"COG","ADM0_DIF":0,"LEVEL":2,"TYPE":"Sovereign country","ADMIN":"Republic of the Congo","ADM0_A3":"COG","GEOU_DIF":0,"GEOUNIT":"Republic of the Congo","GU_A3":"COG","SU_DIF":0,"SUBUNIT":"Republic of the Congo","SU_A3":"COG","BRK_DIFF":0,"NAME":"Congo","NAME_LONG":"Republic of the Congo","BRK_A3":"COG","BRK_NAME":"Republic of the Congo","BRK_GROUP":null,"ABBREV":"Rep. Congo","POSTAL":"CG","FORMAL_EN":"Republic of the Congo","FORMAL_FR":null,"NAME_CIAWF":"Congo, Republic of the","NOTE_ADM0":null,"NOTE_BRK":null,"NAME_SORT":"Congo, Rep.","NAME_ALT":null,"MAPCOLOR7":2,"MAPCOLOR8":1,"MAPCOLOR9":3,"MAPCOLOR13":10,"POP_EST":4954674,"POP_RANK":12,"GDP_MD_EST":30270,"POP_YEAR":2017,"LASTCENSUS":2007,"GDP_YEAR":2016,"ECONOMY":"6. Developing region","INCOME_GRP":"4. Lower middle income","WIKIPEDIA":-99,"FIPS_10_":"CF","ISO_A2":"CG","ISO_A3":"COG","ISO_A3_EH":"COG","ISO_N3":"178","UN_A3":"178","WB_A2":"CG","WB_A3":"COG","WOE_ID":23424779,"WOE_ID_EH":23424779,"WOE_NOTE":"Exact WOE match as country","ADM0_A3_IS":"COG","ADM0_A3_US":"COG","ADM0_A3_UN":-99,"ADM0_A3_WB":-99,"CONTINENT":"Africa","REGION_UN":"Africa","SUBREGION":"Middle Africa","REGION_WB":"Sub-Saharan Africa","NAME_LEN":5,"LONG_LEN":21,"ABBREV_LEN":10,"TINY":-99,"HOMEPART":1,"MIN_ZOOM":0,"MIN_LABEL":4,"MAX_LABEL":9},"bbox":[11.093773,-5.037987,18.453065,3.728197],"geometry":{"type":"Polygon","coordinates":[[[12.996,-4.781],[12.621,-4.438],[12.319,-4.606],[11.915,-5.038],[11.094,-3.979],[11.855,-3.427],[11.478,-2.766],[11.821,-2.514],[12.496,-2.392],[12.575,-1.949],[13.11,-2.429],[13.992,-2.471],[14.299,-1.998],[14.425,-1.333],[14.316,-0.553],[13.843,0.039],[14.276,1.197],[14.027,1.396],[13.283,1.314],[13.003,1.831],[13.076,2.267],[14.338,2.228],[15.146,1.964],[15.941,1.728],[16.013,2.268],[16.537,3.198],[17.133,3.728],[17.81,3.56],[18.453,3.504],[18.394,2.9],[18.094,2.366],[17.899,1.742],[17.774,0.856],[17.827,0.289],[17.664,-0.058],[17.639,-0.425],[17.524,-0.744],[16.865,-1.226],[16.407,-1.741],[15.973,-2.712],[16.006,-3.535],[15.754,-3.855],[15.171,-4.344],[14.583,-4.97],[14.209,-4.793],[14.145,-4.51],[13.6,-4.5],[13.258,-4.883],[12.996,-4.781]]]}},{"type":"Feature","properties":{"scalerank":1,"featurecla":"Admin-0 country","LABELRANK":2,"SOVEREIGNT":"Colombia","SOV_A3":"COL","ADM0_DIF":0,"LEVEL":2,"TYPE":"Sovereign country","ADMIN":"Colombia","ADM0_A3":"COL","GEOU_DIF":0,"GEOUNIT":"Colombia","GU_A3":"COL","SU_DIF":0,"SUBUNIT":"Colombia","SU_A3":"COL","BRK_DIFF":0,"NAME":"Colombia","NAME_LONG":"Colombia","BRK_A3":"COL","BRK_NAME":"Colombia","BRK_GROUP":null,"ABBREV":"Col.","POSTAL":"CO","FORMAL_EN":"Republic of Colombia","FORMAL_FR":null,"NAME_CIAWF":"Colombia","NOTE_ADM0":null,"NOTE_BRK":null,"NAME_SORT":"Colombia","NAME_ALT":null,"MAPCOLOR7":2,"MAPCOLOR8":1,"MAPCOLOR9":3,"MAPCOLOR13":1,"POP_EST":47698524,"POP_RANK":15,"GDP_MD_EST":688000,"POP_YEAR":2017,"LASTCENSUS":2006,"GDP_YEAR":2016,"ECONOMY":"6. Developing region","INCOME_GRP":"3. Upper middle income","WIKIPEDIA":-99,"FIPS_10_":"CO","ISO_A2":"CO","ISO_A3":"COL","ISO_A3_EH":"COL","ISO_N3":"170","UN_A3":"170","WB_A2":"CO","WB_A3":"COL","WOE_ID":23424787,"WOE_ID_EH":23424787,"WOE_NOTE":"Exact WOE match as country","ADM0_A3_IS":"COL","ADM0_A3_US":"COL","ADM0_A3_UN":-99,"ADM0_A3_WB":-99,"CONTINENT":"South America","REGION_UN":"Americas","SUBREGION":"South America","REGION_WB":"Latin America & Caribbean","NAME_LEN":8,"LONG_LEN":8,"ABBREV_LEN":4,"TINY":-99,"HOMEPART":1,"MIN_ZOOM":0,"MIN_LABEL":2,"MAX_LABEL":7},"bbox":[-78.990935,-4.298187,-66.876326,12.437303],"geometry":{"type":"Polygon","coordinates":[[[-66.876,1.253],[-67.065,1.13],[-67.26,1.72],[-67.538,2.037],[-67.869,1.692],[-69.817,1.715],[-69.805,1.089],[-69.219,0.986],[-69.252,0.603],[-69.452,0.706],[-70.016,0.541],[-70.021,-0.185],[-69.577,-0.55],[-69.42,-1.123],[-69.444,-1.556],[-69.894,-4.298],[-70.394,-3.767],[-70.693,-3.743],[-70.048,-2.725],[-70.813,-2.257],[-71.414,-2.343],[-71.775,-2.17],[-72.326,-2.434],[-73.07,-2.309],[-73.66,-1.26],[-74.122,-1.003],[-74.442,-0.531],[-75.107,-0.057],[-75.373,-0.152],[-75.801,0.085],[-76.292,0.416],[-76.576,0.257],[-77.425,0.396],[-77.669,0.826],[-77.855,0.81],[-78.855,1.381],[-78.991,1.691],[-78.618,1.766],[-78.662,2.267],[-78.428,2.63],[-77.932,2.697],[-77.51,3.325],[-77.128,3.85],[-77.496,4.088],[-77.308,4.668],[-77.533,5.583],[-77.319,5.845],[-77.477,6.691],[-77.882,7.224],[-77.753,7.71],[-77.431,7.638],[-77.243,7.935],[-77.475,8.524],[-77.353,8.671],[-76.837,8.639],[-76.086,9.337],[-75.675,9.443],[-75.665,9.774],[-75.48,10.619],[-74.907,11.083],[-74.277,11.102],[-74.197,11.31],[-73.415,11.227],[-72.628,11.732],[-72.238,11.956],[-71.754,12.437],[-71.4,12.376],[-71.137,12.113],[-71.332,11.776],[-71.974,11.609],[-72.228,11.109],[-72.615,10.822],[-72.905,10.45],[-73.028,9.737],[-73.305,9.152],[-72.789,9.085],[-72.66,8.625],[-72.44,8.405],[-72.361,8.003],[-72.48,7.633],[-72.444,7.424],[-72.198,7.34],[-71.96,6.992],[-70.674,7.088],[-70.093,6.96],[-69.389,6.1],[-68.985,6.207],[-68.265,6.153],[-67.695,6.267],[-67.341,6.095],[-67.522,5.557],[-67.745,5.221],[-67.823,4.504],[-67.622,3.839],[-67.338,3.542],[-67.303,3.318],[-67.81,2.821],[-67.447,2.6],[-67.181,2.251],[-66.876,1.253]]]}},{"type":"Feature","properties":{"scalerank":1,"featurecla":"Admin-0 country","LABELRANK":5,"SOVEREIGNT":"Costa Rica","SOV_A3":"CRI","ADM0_DIF":0,"LEVEL":2,"TYPE":"Sovereign country","ADMIN":"Costa Rica","ADM0_A3":"CRI","GEOU_DIF":0,"GEOUNIT":"Costa Rica","GU_A3":"CRI","SU_DIF":0,"SUBUNIT":"Costa Rica","SU_A3":"CRI","BRK_DIFF":0,"NAME":"Costa Rica","NAME_LONG":"Costa Rica","BRK_A3":"CRI","BRK_NAME":"Costa Rica","BRK_GROUP":null,"ABBREV":"C.R.","POSTAL":"CR","FORMAL_EN":"Republic of Costa Rica","FORMAL_FR":null,"NAME_CIAWF":"Costa Rica","NOTE_ADM0":null,"NOTE_BRK":null,"NAME_SORT":"Costa Rica","NAME_ALT":null,"MAPCOLOR7":3,"MAPCOLOR8":2,"MAPCOLOR9":4,"MAPCOLOR13":2,"POP_EST":4930258,"POP_RANK":12,"GDP_MD_EST":79260,"POP_YEAR":2017,"LASTCENSUS":2011,"GDP_YEAR":2016,"ECONOMY":"5. Emerging region: G20","INCOME_GRP":"3. Upper middle income","WIKIPEDIA":-99,"FIPS_10_":"CS","ISO_A2":"CR","ISO_A3":"CRI","ISO_A3_EH":"CRI","ISO_N3":"188","UN_A3":"188","WB_A2":"CR","WB_A3":"CRI","WOE_ID":23424791,"WOE_ID_EH":23424791,"WOE_NOTE":"Exact WOE match as country","ADM0_A3_IS":"CRI","ADM0_A3_US":"CRI","ADM0_A3_UN":-99,"ADM0_A3_WB":-99,"CONTINENT":"North America","REGION_UN":"Americas","SUBREGION":"Central America","REGION_WB":"Latin America & Caribbean","NAME_LEN":10,"LONG_LEN":10,"ABBREV_LEN":4,"TINY":-99,"HOMEPART":1,"MIN_ZOOM":0,"MIN_LABEL":3,"MAX_LABEL":8},"bbox":[-85.941725,8.225028,-82.546196,11.217119],"geometry":{"type":"Polygon","coordinates":[[[-82.966,8.225],[-83.508,8.447],[-83.711,8.657],[-83.596,8.83],[-83.633,9.051],[-83.91,9.291],[-84.303,9.487],[-84.648,9.616],[-84.713,9.908],[-84.976,10.087],[-84.911,9.796],[-85.111,9.557],[-85.339,9.835],[-85.661,9.933],[-85.797,10.135],[-85.792,10.439],[-85.659,10.754],[-85.942,10.895],[-85.713,11.088],[-85.562,11.217],[-84.903,10.952],[-84.673,11.083],[-84.356,10.999],[-84.19,10.793],[-83.895,10.727],[-83.656,10.939],[-83.402,10.395],[-83.016,9.993],[-82.546,9.566],[-82.933,9.477],[-82.927,9.074],[-82.719,8.926],[-82.869,8.807],[-82.83,8.626],[-82.913,8.424],[-82.966,8.225]]]}},{"type":"Feature","properties":{"scalerank":1,"featurecla":"Admin-0 country","LABELRANK":3,"SOVEREIGNT":"Cuba","SOV_A3":"CUB","ADM0_DIF":0,"LEVEL":2,"TYPE":"Sovereign country","ADMIN":"Cuba","ADM0_A3":"CUB","GEOU_DIF":0,"GEOUNIT":"Cuba","GU_A3":"CUB","SU_DIF":0,"SUBUNIT":"Cuba","SU_A3":"CUB","BRK_DIFF":0,"NAME":"Cuba","NAME_LONG":"Cuba","BRK_A3":"CUB","BRK_NAME":"Cuba","BRK_GROUP":null,"ABBREV":"Cuba","POSTAL":"CU","FORMAL_EN":"Republic of Cuba","FORMAL_FR":null,"NAME_CIAWF":"Cuba","NOTE_ADM0":null,"NOTE_BRK":null,"NAME_SORT":"Cuba","NAME_ALT":null,"MAPCOLOR7":3,"MAPCOLOR8":5,"MAPCOLOR9":3,"MAPCOLOR13":4,"POP_EST":11147407,"POP_RANK":14,"GDP_MD_EST":132900,"POP_YEAR":2017,"LASTCENSUS":2002,"GDP_YEAR":2016,"ECONOMY":"5. Emerging region: G20","INCOME_GRP":"3. Upper middle income","WIKIPEDIA":-99,"FIPS_10_":"CU","ISO_A2":"CU","ISO_A3":"CUB","ISO_A3_EH":"CUB","ISO_N3":"192","UN_A3":"192","WB_A2":"CU","WB_A3":"CUB","WOE_ID":23424793,"WOE_ID_EH":23424793,"WOE_NOTE":"Exact WOE match as country","ADM0_A3_IS":"CUB","ADM0_A3_US":"CUB","ADM0_A3_UN":-99,"ADM0_A3_WB":-99,"CONTINENT":"North America","REGION_UN":"Americas","SUBREGION":"Caribbean","REGION_WB":"Latin America & Caribbean","NAME_LEN":4,"LONG_LEN":4,"ABBREV_LEN":4,"TINY":-99,"HOMEPART":1,"MIN_ZOOM":0,"MIN_LABEL":3,"MAX_LABEL":8},"bbox":[-84.974911,19.855481,-74.178025,23.188611],"geometry":{"type":"Polygon","coordinates":[[[-82.268,23.189],[-81.404,23.117],[-80.619,23.106],[-79.68,22.765],[-79.281,22.399],[-78.347,22.512],[-77.993,22.277],[-77.146,21.658],[-76.524,21.207],[-76.195,21.221],[-75.598,21.017],[-75.671,20.735],[-74.934,20.694],[-74.178,20.285],[-74.297,20.05],[-74.962,19.923],[-75.635,19.874],[-76.324,19.953],[-77.755,19.855],[-77.085,20.413],[-77.493,20.673],[-78.137,20.74],[-78.483,21.029],[-78.72,21.598],[-79.285,21.559],[-80.217,21.827],[-80.518,22.037],[-81.821,22.192],[-82.17,22.387],[-81.795,22.637],[-82.776,22.688],[-83.494,22.169],[-83.909,22.155],[-84.052,21.911],[-84.547,21.801],[-84.975,21.896],[-84.447,22.205],[-84.23,22.566],[-83.778,22.788],[-83.268,22.983],[-82.51,23.079],[-82.268,23.189]]]}},{"type":"Feature","properties":{"scalerank":1,"featurecla":"Admin-0 country","LABELRANK":6,"SOVEREIGNT":"Northern Cyprus","SOV_A3":"CYN","ADM0_DIF":0,"LEVEL":2,"TYPE":"Sovereign country","ADMIN":"Northern Cyprus","ADM0_A3":"CYN","GEOU_DIF":0,"GEOUNIT":"Northern Cyprus","GU_A3":"CYN","SU_DIF":0,"SUBUNIT":"Northern Cyprus","SU_A3":"CYN","BRK_DIFF":1,"NAME":"N. Cyprus","NAME_LONG":"Northern Cyprus","BRK_A3":"B20","BRK_NAME":"N. Cyprus","BRK_GROUP":null,"ABBREV":"N. Cy.","POSTAL":"CN","FORMAL_EN":"Turkish Republic of Northern Cyprus","FORMAL_FR":null,"NAME_CIAWF":null,"NOTE_ADM0":"Self admin.","NOTE_BRK":"Self admin.; Claimed by Cyprus","NAME_SORT":"Cyprus, Northern","NAME_ALT":null,"MAPCOLOR7":3,"MAPCOLOR8":1,"MAPCOLOR9":4,"MAPCOLOR13":8,"POP_EST":265100,"POP_RANK":10,"GDP_MD_EST":3600,"POP_YEAR":2013,"LASTCENSUS":-99,"GDP_YEAR":2013,"ECONOMY":"6. Developing region","INCOME_GRP":"3. Upper middle income","WIKIPEDIA":-99,"FIPS_10_":"-99","ISO_A2":"-99","ISO_A3":"-99","ISO_A3_EH":"-99","ISO_N3":"-99","UN_A3":"-099","WB_A2":"-99","WB_A3":"-99","WOE_ID":-90,"WOE_ID_EH":23424995,"WOE_NOTE":"WOE lists as subunit of united Cyprus","ADM0_A3_IS":"CYP","ADM0_A3_US":"CYP","ADM0_A3_UN":-99,"ADM0_A3_WB":-99,"CONTINENT":"Asia","REGION_UN":"Asia","SUBREGION":"Western Asia","REGION_WB":"Europe & Central Asia","NAME_LEN":9,"LONG_LEN":15,"ABBREV_LEN":6,"TINY":-99,"HOMEPART":1,"MIN_ZOOM":0,"MIN_LABEL":6,"MAX_LABEL":10},"bbox":[32.73178,35.000345,34.576474,35.671596],"geometry":{"type":"Polygon","coordinates":[[[32.732,35.14],[32.802,35.146],[32.947,35.387],[33.667,35.373],[34.576,35.672],[33.901,35.246],[33.974,35.059],[33.866,35.094],[33.675,35.018],[33.526,35.039],[33.476,35],[33.456,35.101],[33.384,35.163],[33.191,35.173],[32.92,35.088],[32.732,35.14]]]}},{"type":"Feature","properties":{"scalerank":1,"featurecla":"Admin-0 country","LABELRANK":5,"SOVEREIGNT":"Cyprus","SOV_A3":"CYP","ADM0_DIF":0,"LEVEL":2,"TYPE":"Sovereign country","ADMIN":"Cyprus","ADM0_A3":"CYP","GEOU_DIF":0,"GEOUNIT":"Cyprus","GU_A3":"CYP","SU_DIF":0,"SUBUNIT":"Cyprus","SU_A3":"CYP","BRK_DIFF":0,"NAME":"Cyprus","NAME_LONG":"Cyprus","BRK_A3":"CYP","BRK_NAME":"Cyprus","BRK_GROUP":null,"ABBREV":"Cyp.","POSTAL":"CY","FORMAL_EN":"Republic of Cyprus","FORMAL_FR":null,"NAME_CIAWF":"Cyprus","NOTE_ADM0":null,"NOTE_BRK":null,"NAME_SORT":"Cyprus","NAME_ALT":null,"MAPCOLOR7":1,"MAPCOLOR8":2,"MAPCOLOR9":3,"MAPCOLOR13":7,"POP_EST":1221549,"POP_RANK":12,"GDP_MD_EST":29260,"POP_YEAR":2017,"LASTCENSUS":2001,"GDP_YEAR":2016,"ECONOMY":"6. Developing region","INCOME_GRP":"2. High income: nonOECD","WIKIPEDIA":-99,"FIPS_10_":"CY","ISO_A2":"CY","ISO_A3":"CYP","ISO_A3_EH":"CYP","ISO_N3":"196","UN_A3":"196","WB_A2":"CY","WB_A3":"CYP","WOE_ID":-90,"WOE_ID_EH":23424994,"WOE_NOTE":"WOE lists as subunit of united Cyprus","ADM0_A3_IS":"CYP","ADM0_A3_US":"CYP","ADM0_A3_UN":-99,"ADM0_A3_WB":-99,"CONTINENT":"Asia","REGION_UN":"Asia","SUBREGION":"Western Asia","REGION_WB":"Europe & Central Asia","NAME_LEN":6,"LONG_LEN":6,"ABBREV_LEN":4,"TINY":-99,"HOMEPART":1,"MIN_ZOOM":0,"MIN_LABEL":4.5,"MAX_LABEL":9.5},"bbox":[32.256667,34.571869,34.004881,35.173125],"geometry":{"type":"Polygon","coordinates":[[[32.732,35.14],[32.92,35.088],[33.191,35.173],[33.384,35.163],[33.456,35.101],[33.476,35],[33.526,35.039],[33.675,35.018],[33.866,35.094],[33.974,35.059],[34.005,34.978],[32.98,34.572],[32.49,34.702],[32.257,35.103],[32.732,35.14]]]}},{"type":"Feature","properties":{"scalerank":1,"featurecla":"Admin-0 country","LABELRANK":5,"SOVEREIGNT":"Czechia","SOV_A3":"CZE","ADM0_DIF":0,"LEVEL":2,"TYPE":"Sovereign country","ADMIN":"Czechia","ADM0_A3":"CZE","GEOU_DIF":0,"GEOUNIT":"Czechia","GU_A3":"CZE","SU_DIF":0,"SUBUNIT":"Czechia","SU_A3":"CZE","BRK_DIFF":0,"NAME":"Czechia","NAME_LONG":"Czech Republic","BRK_A3":"CZE","BRK_NAME":"Czechia","BRK_GROUP":null,"ABBREV":"Cz.","POSTAL":"CZ","FORMAL_EN":"Czech Republic","FORMAL_FR":"la République tchèque","NAME_CIAWF":"Czechia","NOTE_ADM0":null,"NOTE_BRK":null,"NAME_SORT":"Czechia","NAME_ALT":"Česko","MAPCOLOR7":1,"MAPCOLOR8":1,"MAPCOLOR9":2,"MAPCOLOR13":6,"POP_EST":10674723,"POP_RANK":14,"GDP_MD_EST":350900,"POP_YEAR":2017,"LASTCENSUS":2011,"GDP_YEAR":2016,"ECONOMY":"2. Developed region: nonG7","INCOME_GRP":"1. High income: OECD","WIKIPEDIA":-99,"FIPS_10_":"EZ","ISO_A2":"CZ","ISO_A3":"CZE","ISO_A3_EH":"CZE","ISO_N3":"203","UN_A3":"203","WB_A2":"CZ","WB_A3":"CZE","WOE_ID":23424810,"WOE_ID_EH":23424810,"WOE_NOTE":"Exact WOE match as country","ADM0_A3_IS":"CZE","ADM0_A3_US":"CZE","ADM0_A3_UN":-99,"ADM0_A3_WB":-99,"CONTINENT":"Europe","REGION_UN":"Europe","SUBREGION":"Eastern Europe","REGION_WB":"Europe & Central Asia","NAME_LEN":7,"LONG_LEN":14,"ABBREV_LEN":3,"TINY":-99,"HOMEPART":1,"MIN_ZOOM":0,"MIN_LABEL":4,"MAX_LABEL":9},"bbox":[12.240111,48.555305,18.853144,51.117268],"geometry":{"type":"Polygon","coordinates":[[[16.96,48.597],[16.499,48.786],[16.03,48.734],[15.253,49.039],[14.901,48.964],[14.339,48.555],[13.596,48.877],[13.031,49.307],[12.521,49.547],[12.415,49.969],[12.24,50.266],[12.967,50.484],[13.338,50.733],[14.056,50.927],[14.307,51.117],[14.571,51.002],[15.017,51.107],[15.491,50.785],[16.239,50.698],[16.176,50.423],[16.719,50.216],[16.869,50.474],[17.555,50.362],[17.649,50.049],[18.393,49.989],[18.853,49.496],[18.555,49.495],[18.4,49.315],[18.17,49.272],[18.105,49.044],[17.914,48.996],[17.886,48.903],[17.545,48.8],[17.102,48.817],[16.96,48.597]]]}},{"type":"Feature","properties":{"scalerank":1,"featurecla":"Admin-0 country","LABELRANK":2,"SOVEREIGNT":"Germany","SOV_A3":"DEU","ADM0_DIF":0,"LEVEL":2,"TYPE":"Sovereign country","ADMIN":"Germany","ADM0_A3":"DEU","GEOU_DIF":0,"GEOUNIT":"Germany","GU_A3":"DEU","SU_DIF":0,"SUBUNIT":"Germany","SU_A3":"DEU","BRK_DIFF":0,"NAME":"Germany","NAME_LONG":"Germany","BRK_A3":"DEU","BRK_NAME":"Germany","BRK_GROUP":null,"ABBREV":"Ger.","POSTAL":"D","FORMAL_EN":"Federal Republic of Germany","FORMAL_FR":null,"NAME_CIAWF":"Germany","NOTE_ADM0":null,"NOTE_BRK":null,"NAME_SORT":"Germany","NAME_ALT":null,"MAPCOLOR7":2,"MAPCOLOR8":5,"MAPCOLOR9":5,"MAPCOLOR13":1,"POP_EST":80594017,"POP_RANK":16,"GDP_MD_EST":3979000,"POP_YEAR":2017,"LASTCENSUS":2011,"GDP_YEAR":2016,"ECONOMY":"1. Developed region: G7","INCOME_GRP":"1. High income: OECD","WIKIPEDIA":-99,"FIPS_10_":"GM","ISO_A2":"DE","ISO_A3":"DEU","ISO_A3_EH":"DEU","ISO_N3":"276","UN_A3":"276","WB_A2":"DE","WB_A3":"DEU","WOE_ID":23424829,"WOE_ID_EH":23424829,"WOE_NOTE":"Exact WOE match as country","ADM0_A3_IS":"DEU","ADM0_A3_US":"DEU","ADM0_A3_UN":-99,"ADM0_A3_WB":-99,"CONTINENT":"Europe","REGION_UN":"Europe","SUBREGION":"Western Europe","REGION_WB":"Europe & Central Asia","NAME_LEN":7,"LONG_LEN":7,"ABBREV_LEN":4,"TINY":-99,"HOMEPART":1,"MIN_ZOOM":0,"MIN_LABEL":1.7,"MAX_LABEL":6.7},"bbox":[5.988658,47.302488,15.016996,54.983104],"geometry":{"type":"Polygon","coordinates":[[[13.596,48.877],[13.243,48.416],[12.884,48.289],[13.026,47.638],[12.933,47.468],[12.621,47.672],[12.141,47.703],[11.426,47.524],[10.545,47.566],[10.402,47.302],[9.896,47.58],[9.594,47.525],[8.523,47.831],[8.317,47.614],[7.467,47.621],[7.594,48.333],[8.099,49.018],[6.658,49.202],[6.186,49.464],[6.243,49.902],[6.043,50.128],[6.157,50.804],[5.989,51.852],[6.589,51.852],[6.843,52.228],[7.092,53.144],[6.905,53.482],[7.1,53.694],[7.936,53.748],[8.122,53.528],[8.801,54.021],[8.572,54.396],[8.526,54.963],[9.282,54.831],[9.922,54.983],[9.94,54.597],[10.95,54.364],[10.939,54.009],[11.956,54.196],[12.518,54.47],[13.647,54.076],[14.12,53.757],[14.353,53.248],[14.075,52.981],[14.438,52.625],[14.685,52.09],[14.607,51.745],[15.017,51.107],[14.571,51.002],[14.307,51.117],[14.056,50.927],[13.338,50.733],[12.967,50.484],[12.24,50.266],[12.415,49.969],[12.521,49.547],[13.031,49.307],[13.596,48.877]]]}},{"type":"Feature","properties":{"scalerank":1,"featurecla":"Admin-0 country","LABELRANK":5,"SOVEREIGNT":"Djibouti","SOV_A3":"DJI","ADM0_DIF":0,"LEVEL":2,"TYPE":"Sovereign country","ADMIN":"Djibouti","ADM0_A3":"DJI","GEOU_DIF":0,"GEOUNIT":"Djibouti","GU_A3":"DJI","SU_DIF":0,"SUBUNIT":"Djibouti","SU_A3":"DJI","BRK_DIFF":0,"NAME":"Djibouti","NAME_LONG":"Djibouti","BRK_A3":"DJI","BRK_NAME":"Djibouti","BRK_GROUP":null,"ABBREV":"Dji.","POSTAL":"DJ","FORMAL_EN":"Republic of Djibouti","FORMAL_FR":null,"NAME_CIAWF":"Djibouti","NOTE_ADM0":null,"NOTE_BRK":null,"NAME_SORT":"Djibouti","NAME_ALT":null,"MAPCOLOR7":1,"MAPCOLOR8":2,"MAPCOLOR9":4,"MAPCOLOR13":8,"POP_EST":865267,"POP_RANK":11,"GDP_MD_EST":3345,"POP_YEAR":2017,"LASTCENSUS":2009,"GDP_YEAR":2016,"ECONOMY":"7. Least developed region","INCOME_GRP":"4. Lower middle income","WIKIPEDIA":-99,"FIPS_10_":"DJ","ISO_A2":"DJ","ISO_A3":"DJI","ISO_A3_EH":"DJI","ISO_N3":"262","UN_A3":"262","WB_A2":"DJ","WB_A3":"DJI","WOE_ID":23424797,"WOE_ID_EH":23424797,"WOE_NOTE":"Exact WOE match as country","ADM0_A3_IS":"DJI","ADM0_A3_US":"DJI","ADM0_A3_UN":-99,"ADM0_A3_WB":-99,"CONTINENT":"Africa","REGION_UN":"Africa","SUBREGION":"Eastern Africa","REGION_WB":"Middle East & North Africa","NAME_LEN":8,"LONG_LEN":8,"ABBREV_LEN":4,"TINY":-99,"HOMEPART":1,"MIN_ZOOM":0,"MIN_LABEL":4,"MAX_LABEL":9},"bbox":[41.66176,10.926879,43.317852,12.699639],"geometry":{"type":"Polygon","coordinates":[[[43.081,12.7],[43.318,12.39],[43.286,11.975],[42.716,11.736],[43.145,11.462],[42.777,10.927],[42.555,11.105],[42.314,11.034],[41.756,11.051],[41.74,11.355],[41.662,11.631],[42,12.1],[42.352,12.542],[42.78,12.455],[43.081,12.7]]]}},{"type":"Feature","properties":{"scalerank":1,"featurecla":"Admin-0 country","LABELRANK":4,"SOVEREIGNT":"Denmark","SOV_A3":"DN1","ADM0_DIF":1,"LEVEL":2,"TYPE":"Country","ADMIN":"Denmark","ADM0_A3":"DNK","GEOU_DIF":0,"GEOUNIT":"Denmark","GU_A3":"DNK","SU_DIF":0,"SUBUNIT":"Denmark","SU_A3":"DNK","BRK_DIFF":0,"NAME":"Denmark","NAME_LONG":"Denmark","BRK_A3":"DNK","BRK_NAME":"Denmark","BRK_GROUP":null,"ABBREV":"Den.","POSTAL":"DK","FORMAL_EN":"Kingdom of Denmark","FORMAL_FR":null,"NAME_CIAWF":"Denmark","NOTE_ADM0":null,"NOTE_BRK":null,"NAME_SORT":"Denmark","NAME_ALT":null,"MAPCOLOR7":4,"MAPCOLOR8":1,"MAPCOLOR9":3,"MAPCOLOR13":12,"POP_EST":5605948,"POP_RANK":13,"GDP_MD_EST":264800,"POP_YEAR":2017,"LASTCENSUS":2011,"GDP_YEAR":2016,"ECONOMY":"2. Developed region: nonG7","INCOME_GRP":"1. High income: OECD","WIKIPEDIA":-99,"FIPS_10_":"DA","ISO_A2":"DK","ISO_A3":"DNK","ISO_A3_EH":"DNK","ISO_N3":"208","UN_A3":"208","WB_A2":"DK","WB_A3":"DNK","WOE_ID":23424796,"WOE_ID_EH":23424796,"WOE_NOTE":"Exact WOE match as country","ADM0_A3_IS":"DNK","ADM0_A3_US":"DNK","ADM0_A3_UN":-99,"ADM0_A3_WB":-99,"CONTINENT":"Europe","REGION_UN":"Europe","SUBREGION":"Northern Europe","REGION_WB":"Europe & Central Asia","NAME_LEN":7,"LONG_LEN":7,"ABBREV_LEN":4,"TINY":-99,"HOMEPART":1,"MIN_ZOOM":0,"MIN_LABEL":3,"MAX_LABEL":8},"bbox":[8.089977,54.800015,12.690006,57.730017],"geometry":{"type":"MultiPolygon","coordinates":[[[[9.922,54.983],[9.282,54.831],[8.526,54.963],[8.12,55.518],[8.09,56.54],[8.257,56.81],[8.543,57.11],[9.424,57.172],[9.776,57.448],[10.58,57.73],[10.546,57.216],[10.25,56.89],[10.37,56.61],[10.912,56.459],[10.668,56.081],[10.37,56.19],[9.65,55.47],[9.922,54.983]]],[[[12.69,55.61],[12.09,54.8],[11.044,55.365],[10.904,55.78],[12.371,56.111],[12.69,55.61]]]]}},{"type":"Feature","properties":{"scalerank":1,"featurecla":"Admin-0 country","LABELRANK":5,"SOVEREIGNT":"Dominican Republic","SOV_A3":"DOM","ADM0_DIF":0,"LEVEL":2,"TYPE":"Sovereign country","ADMIN":"Dominican Republic","ADM0_A3":"DOM","GEOU_DIF":0,"GEOUNIT":"Dominican Republic","GU_A3":"DOM","SU_DIF":0,"SUBUNIT":"Dominican Republic","SU_A3":"DOM","BRK_DIFF":0,"NAME":"Dominican Rep.","NAME_LONG":"Dominican Republic","BRK_A3":"DOM","BRK_NAME":"Dominican Rep.","BRK_GROUP":null,"ABBREV":"Dom. Rep.","POSTAL":"DO","FORMAL_EN":"Dominican Republic","FORMAL_FR":null,"NAME_CIAWF":"Dominican Republic","NOTE_ADM0":null,"NOTE_BRK":null,"NAME_SORT":"Dominican Republic","NAME_ALT":null,"MAPCOLOR7":5,"MAPCOLOR8":2,"MAPCOLOR9":5,"MAPCOLOR13":7,"POP_EST":10734247,"POP_RANK":14,"GDP_MD_EST":161900,"POP_YEAR":2017,"LASTCENSUS":2010,"GDP_YEAR":2016,"ECONOMY":"6. Developing region","INCOME_GRP":"3. Upper middle income","WIKIPEDIA":-99,"FIPS_10_":"DR","ISO_A2":"DO","ISO_A3":"DOM","ISO_A3_EH":"DOM","ISO_N3":"214","UN_A3":"214","WB_A2":"DO","WB_A3":"DOM","WOE_ID":23424800,"WOE_ID_EH":23424800,"WOE_NOTE":"Exact WOE match as country","ADM0_A3_IS":"DOM","ADM0_A3_US":"DOM","ADM0_A3_UN":-99,"ADM0_A3_WB":-99,"CONTINENT":"North America","REGION_UN":"Americas","SUBREGION":"Caribbean","REGION_WB":"Latin America & Caribbean","NAME_LEN":14,"LONG_LEN":18,"ABBREV_LEN":9,"TINY":-99,"HOMEPART":1,"MIN_ZOOM":0,"MIN_LABEL":4.5,"MAX_LABEL":9.5},"bbox":[-71.945112,17.598564,-68.317943,19.884911],"geometry":{"type":"Polygon","coordinates":[[[-71.712,19.714],[-71.587,19.885],[-70.807,19.88],[-70.214,19.623],[-69.951,19.648],[-69.769,19.293],[-69.222,19.313],[-69.254,19.015],[-68.809,18.979],[-68.318,18.612],[-68.689,18.205],[-69.165,18.423],[-69.624,18.381],[-69.953,18.428],[-70.133,18.246],[-70.517,18.184],[-70.669,18.427],[-71,18.283],[-71.4,17.599],[-71.658,17.758],[-71.708,18.045],[-71.688,18.317],[-71.945,18.617],[-71.701,18.785],[-71.625,19.17],[-71.712,19.714]]]}},{"type":"Feature","properties":{"scalerank":1,"featurecla":"Admin-0 country","LABELRANK":3,"SOVEREIGNT":"Algeria","SOV_A3":"DZA","ADM0_DIF":0,"LEVEL":2,"TYPE":"Sovereign country","ADMIN":"Algeria","ADM0_A3":"DZA","GEOU_DIF":0,"GEOUNIT":"Algeria","GU_A3":"DZA","SU_DIF":0,"SUBUNIT":"Algeria","SU_A3":"DZA","BRK_DIFF":0,"NAME":"Algeria","NAME_LONG":"Algeria","BRK_A3":"DZA","BRK_NAME":"Algeria","BRK_GROUP":null,"ABBREV":"Alg.","POSTAL":"DZ","FORMAL_EN":"People's Democratic Republic of Algeria","FORMAL_FR":null,"NAME_CIAWF":"Algeria","NOTE_ADM0":null,"NOTE_BRK":null,"NAME_SORT":"Algeria","NAME_ALT":null,"MAPCOLOR7":5,"MAPCOLOR8":1,"MAPCOLOR9":6,"MAPCOLOR13":3,"POP_EST":40969443,"POP_RANK":15,"GDP_MD_EST":609400,"POP_YEAR":2017,"LASTCENSUS":2008,"GDP_YEAR":2016,"ECONOMY":"6. Developing region","INCOME_GRP":"3. Upper middle income","WIKIPEDIA":-99,"FIPS_10_":"AG","ISO_A2":"DZ","ISO_A3":"DZA","ISO_A3_EH":"DZA","ISO_N3":"012","UN_A3":"012","WB_A2":"DZ","WB_A3":"DZA","WOE_ID":23424740,"WOE_ID_EH":23424740,"WOE_NOTE":"Exact WOE match as country","ADM0_A3_IS":"DZA","ADM0_A3_US":"DZA","ADM0_A3_UN":-99,"ADM0_A3_WB":-99,"CONTINENT":"Africa","REGION_UN":"Africa","SUBREGION":"Northern Africa","REGION_WB":"Middle East & North Africa","NAME_LEN":7,"LONG_LEN":7,"ABBREV_LEN":4,"TINY":-99,"HOMEPART":1,"MIN_ZOOM":0,"MIN_LABEL":3,"MAX_LABEL":7},"bbox":[-8.6844,19.057364,11.999506,37.118381],"geometry":{"type":"Polygon","coordinates":[[[4.267,19.155],[3.158,19.057],[3.147,19.694],[2.684,19.856],[2.061,20.142],[1.823,20.611],[-1.55,22.793],[-4.923,24.975],[-8.684,27.396],[-8.665,27.589],[-8.666,27.656],[-8.674,28.841],[-7.059,29.579],[-6.061,29.732],[-5.242,30],[-4.86,30.501],[-3.69,30.897],[-3.647,31.637],[-3.069,31.724],[-2.617,32.094],[-1.308,32.263],[-1.125,32.652],[-1.388,32.864],[-1.733,33.92],[-1.793,34.528],[-2.17,35.168],[-1.209,35.715],[-0.127,35.889],[0.504,36.301],[1.467,36.606],[3.162,36.784],[4.816,36.865],[5.32,36.717],[6.262,37.111],[7.33,37.118],[7.737,36.886],[8.421,36.946],[8.218,36.433],[8.376,35.48],[8.141,34.655],[7.524,34.097],[7.613,33.344],[8.43,32.748],[8.439,32.506],[9.056,32.103],[9.482,30.308],[9.806,29.425],[9.86,28.96],[9.684,28.144],[9.756,27.688],[9.629,27.141],[9.716,26.512],[9.319,26.094],[9.911,25.365],[9.948,24.937],[10.304,24.379],[10.771,24.563],[11.561,24.098],[12,23.472],[8.573,21.566],[5.678,19.601],[4.267,19.155]]]}},{"type":"Feature","properties":{"scalerank":1,"featurecla":"Admin-0 country","LABELRANK":3,"SOVEREIGNT":"Ecuador","SOV_A3":"ECU","ADM0_DIF":0,"LEVEL":2,"TYPE":"Sovereign country","ADMIN":"Ecuador","ADM0_A3":"ECU","GEOU_DIF":0,"GEOUNIT":"Ecuador","GU_A3":"ECU","SU_DIF":0,"SUBUNIT":"Ecuador","SU_A3":"ECU","BRK_DIFF":0,"NAME":"Ecuador","NAME_LONG":"Ecuador","BRK_A3":"ECU","BRK_NAME":"Ecuador","BRK_GROUP":null,"ABBREV":"Ecu.","POSTAL":"EC","FORMAL_EN":"Republic of Ecuador","FORMAL_FR":null,"NAME_CIAWF":"Ecuador","NOTE_ADM0":null,"NOTE_BRK":null,"NAME_SORT":"Ecuador","NAME_ALT":null,"MAPCOLOR7":1,"MAPCOLOR8":5,"MAPCOLOR9":2,"MAPCOLOR13":12,"POP_EST":16290913,"POP_RANK":14,"GDP_MD_EST":182400,"POP_YEAR":2017,"LASTCENSUS":2010,"GDP_YEAR":2016,"ECONOMY":"6. Developing region","INCOME_GRP":"3. Upper middle income","WIKIPEDIA":-99,"FIPS_10_":"EC","ISO_A2":"EC","ISO_A3":"ECU","ISO_A3_EH":"ECU","ISO_N3":"218","UN_A3":"218","WB_A2":"EC","WB_A3":"ECU","WOE_ID":23424801,"WOE_ID_EH":23424801,"WOE_NOTE":"Exact WOE match as country","ADM0_A3_IS":"ECU","ADM0_A3_US":"ECU","ADM0_A3_UN":-99,"ADM0_A3_WB":-99,"CONTINENT":"South America","REGION_UN":"Americas","SUBREGION":"South America","REGION_WB":"Latin America & Caribbean","NAME_LEN":7,"LONG_LEN":7,"ABBREV_LEN":4,"TINY":-99,"HOMEPART":1,"MIN_ZOOM":0,"MIN_LABEL":3,"MAX_LABEL":8},"bbox":[-80.967765,-4.959129,-75.233723,1.380924],"geometry":{"type":"Polygon","coordinates":[[[-78.855,1.381],[-77.855,0.81],[-77.669,0.826],[-77.425,0.396],[-76.576,0.257],[-76.292,0.416],[-75.801,0.085],[-75.373,-0.152],[-75.234,-0.911],[-75.545,-1.562],[-76.635,-2.609],[-77.838,-3.003],[-78.451,-3.873],[-78.64,-4.548],[-79.205,-4.959],[-79.625,-4.454],[-80.029,-4.346],[-80.442,-4.426],[-80.469,-4.059],[-80.184,-3.821],[-80.303,-3.405],[-79.77,-2.658],[-79.987,-2.221],[-80.369,-2.685],[-80.968,-2.247],[-80.765,-1.965],[-80.934,-1.057],[-80.583,-0.907],[-80.399,-0.284],[-80.021,0.36],[-80.091,0.768],[-79.543,0.983],[-78.855,1.381]]]}},{"type":"Feature","properties":{"scalerank":1,"featurecla":"Admin-0 country","LABELRANK":2,"SOVEREIGNT":"Egypt","SOV_A3":"EGY","ADM0_DIF":0,"LEVEL":2,"TYPE":"Sovereign country","ADMIN":"Egypt","ADM0_A3":"EGY","GEOU_DIF":0,"GEOUNIT":"Egypt","GU_A3":"EGY","SU_DIF":0,"SUBUNIT":"Egypt","SU_A3":"EGY","BRK_DIFF":0,"NAME":"Egypt","NAME_LONG":"Egypt","BRK_A3":"EGY","BRK_NAME":"Egypt","BRK_GROUP":null,"ABBREV":"Egypt","POSTAL":"EG","FORMAL_EN":"Arab Republic of Egypt","FORMAL_FR":null,"NAME_CIAWF":"Egypt","NOTE_ADM0":null,"NOTE_BRK":null,"NAME_SORT":"Egypt, Arab Rep.","NAME_ALT":null,"MAPCOLOR7":4,"MAPCOLOR8":6,"MAPCOLOR9":7,"MAPCOLOR13":2,"POP_EST":97041072,"POP_RANK":16,"GDP_MD_EST":1105000,"POP_YEAR":2017,"LASTCENSUS":2006,"GDP_YEAR":2016,"ECONOMY":"5. Emerging region: G20","INCOME_GRP":"4. Lower middle income","WIKIPEDIA":-99,"FIPS_10_":"EG","ISO_A2":"EG","ISO_A3":"EGY","ISO_A3_EH":"EGY","ISO_N3":"818","UN_A3":"818","WB_A2":"EG","WB_A3":"EGY","WOE_ID":23424802,"WOE_ID_EH":23424802,"WOE_NOTE":"Exact WOE match as country","ADM0_A3_IS":"EGY","ADM0_A3_US":"EGY","ADM0_A3_UN":-99,"ADM0_A3_WB":-99,"CONTINENT":"Africa","REGION_UN":"Africa","SUBREGION":"Northern Africa","REGION_WB":"Middle East & North Africa","NAME_LEN":5,"LONG_LEN":5,"ABBREV_LEN":5,"TINY":-99,"HOMEPART":1,"MIN_ZOOM":0,"MIN_LABEL":1.7,"MAX_LABEL":6.7},"bbox":[24.70007,22,36.86623,31.58568],"geometry":{"type":"Polygon","coordinates":[[[36.866,22],[32.9,22],[29.02,22],[25,22],[25,25.683],[25,29.239],[24.7,30.044],[24.958,30.662],[24.803,31.089],[25.165,31.569],[26.495,31.586],[27.458,31.321],[28.45,31.026],[28.914,30.87],[29.683,31.187],[30.095,31.473],[30.977,31.556],[31.688,31.43],[31.96,30.934],[32.192,31.26],[32.994,31.024],[33.773,30.967],[34.265,31.219],[34.265,31.219],[34.823,29.761],[34.923,29.501],[34.642,29.099],[34.427,28.344],[34.155,27.823],[33.921,27.649],[33.588,27.971],[33.137,28.418],[32.423,29.851],[32.32,29.76],[32.735,28.705],[33.349,27.7],[34.105,26.142],[34.474,25.599],[34.795,25.034],[35.692,23.927],[35.494,23.752],[35.526,23.102],[36.691,22.205],[36.866,22]]]}},{"type":"Feature","properties":{"scalerank":1,"featurecla":"Admin-0 country","LABELRANK":4,"SOVEREIGNT":"Eritrea","SOV_A3":"ERI","ADM0_DIF":0,"LEVEL":2,"TYPE":"Sovereign country","ADMIN":"Eritrea","ADM0_A3":"ERI","GEOU_DIF":0,"GEOUNIT":"Eritrea","GU_A3":"ERI","SU_DIF":0,"SUBUNIT":"Eritrea","SU_A3":"ERI","BRK_DIFF":0,"NAME":"Eritrea","NAME_LONG":"Eritrea","BRK_A3":"ERI","BRK_NAME":"Eritrea","BRK_GROUP":null,"ABBREV":"Erit.","POSTAL":"ER","FORMAL_EN":"State of Eritrea","FORMAL_FR":null,"NAME_CIAWF":"Eritrea","NOTE_ADM0":null,"NOTE_BRK":null,"NAME_SORT":"Eritrea","NAME_ALT":null,"MAPCOLOR7":3,"MAPCOLOR8":1,"MAPCOLOR9":2,"MAPCOLOR13":12,"POP_EST":5918919,"POP_RANK":13,"GDP_MD_EST":9169,"POP_YEAR":2017,"LASTCENSUS":1984,"GDP_YEAR":2016,"ECONOMY":"7. Least developed region","INCOME_GRP":"5. Low income","WIKIPEDIA":-99,"FIPS_10_":"ER","ISO_A2":"ER","ISO_A3":"ERI","ISO_A3_EH":"ERI","ISO_N3":"232","UN_A3":"232","WB_A2":"ER","WB_A3":"ERI","WOE_ID":23424806,"WOE_ID_EH":23424806,"WOE_NOTE":"Exact WOE match as country","ADM0_A3_IS":"ERI","ADM0_A3_US":"ERI","ADM0_A3_UN":-99,"ADM0_A3_WB":-99,"CONTINENT":"Africa","REGION_UN":"Africa","SUBREGION":"Eastern Africa","REGION_WB":"Sub-Saharan Africa","NAME_LEN":7,"LONG_LEN":7,"ABBREV_LEN":5,"TINY":-99,"HOMEPART":1,"MIN_ZOOM":0,"MIN_LABEL":4,"MAX_LABEL":9},"bbox":[36.32322,12.455416,43.081226,17.998307],"geometry":{"type":"Polygon","coordinates":[[[43.081,12.7],[42.78,12.455],[42.352,12.542],[42.01,12.866],[41.599,13.452],[41.155,13.773],[40.897,14.119],[40.026,14.52],[39.341,14.532],[39.099,14.741],[38.513,14.505],[37.906,14.959],[37.594,14.213],[36.43,14.422],[36.323,14.822],[36.754,16.292],[36.853,16.957],[37.167,17.263],[37.904,17.428],[38.41,17.998],[38.991,16.841],[39.266,15.923],[39.814,15.436],[41.179,14.491],[41.735,13.921],[42.277,13.344],[42.59,13],[43.081,12.7]]]}},{"type":"Feature","properties":{"scalerank":1,"featurecla":"Admin-0 country","LABELRANK":2,"SOVEREIGNT":"Spain","SOV_A3":"ESP","ADM0_DIF":0,"LEVEL":2,"TYPE":"Sovereign country","ADMIN":"Spain","ADM0_A3":"ESP","GEOU_DIF":0,"GEOUNIT":"Spain","GU_A3":"ESP","SU_DIF":0,"SUBUNIT":"Spain","SU_A3":"ESP","BRK_DIFF":0,"NAME":"Spain","NAME_LONG":"Spain","BRK_A3":"ESP","BRK_NAME":"Spain","BRK_GROUP":null,"ABBREV":"Sp.","POSTAL":"E","FORMAL_EN":"Kingdom of Spain","FORMAL_FR":null,"NAME_CIAWF":"Spain","NOTE_ADM0":null,"NOTE_BRK":null,"NAME_SORT":"Spain","NAME_ALT":null,"MAPCOLOR7":4,"MAPCOLOR8":5,"MAPCOLOR9":5,"MAPCOLOR13":5,"POP_EST":48958159,"POP_RANK":15,"GDP_MD_EST":1690000,"POP_YEAR":2017,"LASTCENSUS":2001,"GDP_YEAR":2016,"ECONOMY":"2. Developed region: nonG7","INCOME_GRP":"1. High income: OECD","WIKIPEDIA":-99,"FIPS_10_":"SP","ISO_A2":"ES","ISO_A3":"ESP","ISO_A3_EH":"ESP","ISO_N3":"724","UN_A3":"724","WB_A2":"ES","WB_A3":"ESP","WOE_ID":23424950,"WOE_ID_EH":23424950,"WOE_NOTE":"Exact WOE match as country","ADM0_A3_IS":"ESP","ADM0_A3_US":"ESP","ADM0_A3_UN":-99,"ADM0_A3_WB":-99,"CONTINENT":"Europe","REGION_UN":"Europe","SUBREGION":"Southern Europe","REGION_WB":"Europe & Central Asia","NAME_LEN":5,"LONG_LEN":5,"ABBREV_LEN":3,"TINY":-99,"HOMEPART":1,"MIN_ZOOM":0,"MIN_LABEL":2,"MAX_LABEL":7},"bbox":[-9.392884,35.94685,3.039484,43.748338],"geometry":{"type":"Polygon","coordinates":[[[-9.035,41.881],[-8.984,42.593],[-9.393,43.027],[-7.978,43.748],[-6.754,43.568],[-5.412,43.574],[-4.348,43.403],[-3.518,43.456],[-1.901,43.423],[-1.503,43.034],[0.338,42.58],[0.702,42.796],[1.827,42.343],[2.986,42.473],[3.039,41.892],[2.092,41.226],[0.811,41.015],[0.721,40.678],[0.107,40.124],[-0.279,39.31],[0.111,38.739],[-0.467,38.292],[-0.683,37.642],[-1.438,37.443],[-2.146,36.674],[-3.416,36.659],[-4.369,36.678],[-4.995,36.325],[-5.377,35.947],[-5.866,36.03],[-6.237,36.368],[-6.52,36.943],[-7.454,37.098],[-7.537,37.429],[-7.167,37.804],[-7.029,38.076],[-7.374,38.373],[-7.098,39.03],[-7.499,39.63],[-7.067,39.712],[-7.026,40.185],[-6.864,40.331],[-6.851,41.111],[-6.389,41.382],[-6.669,41.883],[-7.251,41.918],[-7.423,41.792],[-8.013,41.791],[-8.264,42.28],[-8.672,42.135],[-9.035,41.881]]]}},{"type":"Feature","properties":{"scalerank":1,"featurecla":"Admin-0 country","LABELRANK":6,"SOVEREIGNT":"Estonia","SOV_A3":"EST","ADM0_DIF":0,"LEVEL":2,"TYPE":"Sovereign country","ADMIN":"Estonia","ADM0_A3":"EST","GEOU_DIF":0,"GEOUNIT":"Estonia","GU_A3":"EST","SU_DIF":0,"SUBUNIT":"Estonia","SU_A3":"EST","BRK_DIFF":0,"NAME":"Estonia","NAME_LONG":"Estonia","BRK_A3":"EST","BRK_NAME":"Estonia","BRK_GROUP":null,"ABBREV":"Est.","POSTAL":"EST","FORMAL_EN":"Republic of Estonia","FORMAL_FR":null,"NAME_CIAWF":"Estonia","NOTE_ADM0":null,"NOTE_BRK":null,"NAME_SORT":"Estonia","NAME_ALT":null,"MAPCOLOR7":3,"MAPCOLOR8":2,"MAPCOLOR9":1,"MAPCOLOR13":10,"POP_EST":1251581,"POP_RANK":12,"GDP_MD_EST":38700,"POP_YEAR":2017,"LASTCENSUS":2000,"GDP_YEAR":2016,"ECONOMY":"2. Developed region: nonG7","INCOME_GRP":"1. High income: OECD","WIKIPEDIA":-99,"FIPS_10_":"EN","ISO_A2":"EE","ISO_A3":"EST","ISO_A3_EH":"EST","ISO_N3":"233","UN_A3":"233","WB_A2":"EE","WB_A3":"EST","WOE_ID":23424805,"WOE_ID_EH":23424805,"WOE_NOTE":"Exact WOE match as country","ADM0_A3_IS":"EST","ADM0_A3_US":"EST","ADM0_A3_UN":-99,"ADM0_A3_WB":-99,"CONTINENT":"Europe","REGION_UN":"Europe","SUBREGION":"Northern Europe","REGION_WB":"Europe & Central Asia","NAME_LEN":7,"LONG_LEN":7,"ABBREV_LEN":4,"TINY":-99,"HOMEPART":1,"MIN_ZOOM":0,"MIN_LABEL":3,"MAX_LABEL":8},"bbox":[23.339795,57.474528,28.131699,59.61109],"geometry":{"type":"Polygon","coordinates":[[[24.313,57.793],[24.429,58.383],[24.061,58.257],[23.427,58.613],[23.34,59.187],[24.604,59.466],[25.864,59.611],[26.949,59.446],[27.981,59.475],[27.981,59.475],[27.981,59.475],[28.132,59.301],[27.42,58.725],[27.717,57.792],[27.288,57.475],[26.464,57.476],[25.603,57.848],[25.165,57.97],[24.313,57.793]]]}},{"type":"Feature","properties":{"scalerank":1,"featurecla":"Admin-0 country","LABELRANK":2,"SOVEREIGNT":"Ethiopia","SOV_A3":"ETH","ADM0_DIF":0,"LEVEL":2,"TYPE":"Sovereign country","ADMIN":"Ethiopia","ADM0_A3":"ETH","GEOU_DIF":0,"GEOUNIT":"Ethiopia","GU_A3":"ETH","SU_DIF":0,"SUBUNIT":"Ethiopia","SU_A3":"ETH","BRK_DIFF":0,"NAME":"Ethiopia","NAME_LONG":"Ethiopia","BRK_A3":"ETH","BRK_NAME":"Ethiopia","BRK_GROUP":null,"ABBREV":"Eth.","POSTAL":"ET","FORMAL_EN":"Federal Democratic Republic of Ethiopia","FORMAL_FR":null,"NAME_CIAWF":"Ethiopia","NOTE_ADM0":null,"NOTE_BRK":null,"NAME_SORT":"Ethiopia","NAME_ALT":null,"MAPCOLOR7":4,"MAPCOLOR8":4,"MAPCOLOR9":1,"MAPCOLOR13":13,"POP_EST":105350020,"POP_RANK":17,"GDP_MD_EST":174700,"POP_YEAR":2017,"LASTCENSUS":2007,"GDP_YEAR":2016,"ECONOMY":"7. Least developed region","INCOME_GRP":"5. Low income","WIKIPEDIA":-99,"FIPS_10_":"ET","ISO_A2":"ET","ISO_A3":"ETH","ISO_A3_EH":"ETH","ISO_N3":"231","UN_A3":"231","WB_A2":"ET","WB_A3":"ETH","WOE_ID":23424808,"WOE_ID_EH":23424808,"WOE_NOTE":"Exact WOE match as country","ADM0_A3_IS":"ETH","ADM0_A3_US":"ETH","ADM0_A3_UN":-99,"ADM0_A3_WB":-99,"CONTINENT":"Africa","REGION_UN":"Africa","SUBREGION":"Eastern Africa","REGION_WB":"Sub-Saharan Africa","NAME_LEN":8,"LONG_LEN":8,"ABBREV_LEN":4,"TINY":-99,"HOMEPART":1,"MIN_ZOOM":0,"MIN_LABEL":2,"MAX_LABEL":7},"bbox":[32.95418,3.42206,47.78942,14.95943],"geometry":{"type":"Polygon","coordinates":[[[42.352,12.542],[42,12.1],[41.662,11.631],[41.74,11.355],[41.756,11.051],[42.314,11.034],[42.555,11.105],[42.777,10.927],[42.559,10.573],[42.928,10.022],[43.297,9.54],[43.679,9.184],[46.948,7.997],[47.789,8.003],[44.964,5.002],[43.661,4.958],[42.77,4.253],[42.129,4.234],[41.855,3.919],[41.172,3.919],[40.768,4.257],[39.855,3.839],[39.559,3.422],[38.893,3.501],[38.671,3.616],[38.437,3.589],[38.121,3.599],[36.855,4.448],[36.159,4.448],[35.817,4.777],[35.817,5.338],[35.298,5.506],[34.707,6.594],[34.25,6.826],[34.075,7.226],[33.568,7.713],[32.954,7.785],[33.295,8.355],[33.826,8.379],[33.975,8.685],[33.962,9.584],[34.257,10.63],[34.731,10.91],[34.832,11.319],[35.26,12.083],[35.864,12.578],[36.27,13.563],[36.43,14.422],[37.594,14.213],[37.906,14.959],[38.513,14.505],[39.099,14.741],[39.341,14.532],[40.026,14.52],[40.897,14.119],[41.155,13.773],[41.599,13.452],[42.01,12.866],[42.352,12.542]]]}},{"type":"Feature","properties":{"scalerank":1,"featurecla":"Admin-0 country","LABELRANK":3,"SOVEREIGNT":"Finland","SOV_A3":"FI1","ADM0_DIF":1,"LEVEL":2,"TYPE":"Country","ADMIN":"Finland","ADM0_A3":"FIN","GEOU_DIF":0,"GEOUNIT":"Finland","GU_A3":"FIN","SU_DIF":0,"SUBUNIT":"Finland","SU_A3":"FIN","BRK_DIFF":0,"NAME":"Finland","NAME_LONG":"Finland","BRK_A3":"FIN","BRK_NAME":"Finland","BRK_GROUP":null,"ABBREV":"Fin.","POSTAL":"FIN","FORMAL_EN":"Republic of Finland","FORMAL_FR":null,"NAME_CIAWF":"Finland","NOTE_ADM0":null,"NOTE_BRK":null,"NAME_SORT":"Finland","NAME_ALT":null,"MAPCOLOR7":4,"MAPCOLOR8":1,"MAPCOLOR9":4,"MAPCOLOR13":6,"POP_EST":5491218,"POP_RANK":13,"GDP_MD_EST":224137,"POP_YEAR":2017,"LASTCENSUS":2010,"GDP_YEAR":2016,"ECONOMY":"2. Developed region: nonG7","INCOME_GRP":"1. High income: OECD","WIKIPEDIA":-99,"FIPS_10_":"FI","ISO_A2":"FI","ISO_A3":"FIN","ISO_A3_EH":"FIN","ISO_N3":"246","UN_A3":"246","WB_A2":"FI","WB_A3":"FIN","WOE_ID":23424812,"WOE_ID_EH":23424812,"WOE_NOTE":"Exact WOE match as country","ADM0_A3_IS":"FIN","ADM0_A3_US":"FIN","ADM0_A3_UN":-99,"ADM0_A3_WB":-99,"CONTINENT":"Europe","REGION_UN":"Europe","SUBREGION":"Northern Europe","REGION_WB":"Europe & Central Asia","NAME_LEN":7,"LONG_LEN":7,"ABBREV_LEN":4,"TINY":-99,"HOMEPART":1,"MIN_ZOOM":0,"MIN_LABEL":3,"MAX_LABEL":8},"bbox":[20.645593,59.846373,31.516092,70.164193],"geometry":{"type":"Polygon","coordinates":[[[23.903,66.007],[23.566,66.396],[23.539,67.936],[21.979,68.617],[20.646,69.106],[21.245,69.37],[22.356,68.842],[23.662,68.891],[24.736,68.65],[25.689,69.092],[26.18,69.825],[27.732,70.164],[29.016,69.766],[28.592,69.065],[28.446,68.365],[29.977,67.698],[29.055,66.944],[30.218,65.806],[29.544,64.949],[30.445,64.204],[30.036,63.553],[31.516,62.868],[31.14,62.358],[30.211,61.78],[28.07,60.504],[28.07,60.504],[28.07,60.504],[26.255,60.424],[24.497,60.057],[22.87,59.846],[22.291,60.392],[21.322,60.72],[21.545,61.705],[21.059,62.607],[21.536,63.19],[22.443,63.818],[24.731,64.902],[25.398,65.111],[25.294,65.534],[23.903,66.007]]]}},{"type":"Feature","properties":{"scalerank":1,"featurecla":"Admin-0 country","LABELRANK":6,"SOVEREIGNT":"Fiji","SOV_A3":"FJI","ADM0_DIF":0,"LEVEL":2,"TYPE":"Sovereign country","ADMIN":"Fiji","ADM0_A3":"FJI","GEOU_DIF":0,"GEOUNIT":"Fiji","GU_A3":"FJI","SU_DIF":0,"SUBUNIT":"Fiji","SU_A3":"FJI","BRK_DIFF":0,"NAME":"Fiji","NAME_LONG":"Fiji","BRK_A3":"FJI","BRK_NAME":"Fiji","BRK_GROUP":null,"ABBREV":"Fiji","POSTAL":"FJ","FORMAL_EN":"Republic of Fiji","FORMAL_FR":null,"NAME_CIAWF":"Fiji","NOTE_ADM0":null,"NOTE_BRK":null,"NAME_SORT":"Fiji","NAME_ALT":null,"MAPCOLOR7":5,"MAPCOLOR8":1,"MAPCOLOR9":2,"MAPCOLOR13":2,"POP_EST":920938,"POP_RANK":11,"GDP_MD_EST":8374,"POP_YEAR":2017,"LASTCENSUS":2007,"GDP_YEAR":2016,"ECONOMY":"6. Developing region","INCOME_GRP":"4. Lower middle income","WIKIPEDIA":-99,"FIPS_10_":"FJ","ISO_A2":"FJ","ISO_A3":"FJI","ISO_A3_EH":"FJI","ISO_N3":"242","UN_A3":"242","WB_A2":"FJ","WB_A3":"FJI","WOE_ID":23424813,"WOE_ID_EH":23424813,"WOE_NOTE":"Exact WOE match as country","ADM0_A3_IS":"FJI","ADM0_A3_US":"FJI","ADM0_A3_UN":-99,"ADM0_A3_WB":-99,"CONTINENT":"Oceania","REGION_UN":"Oceania","SUBREGION":"Melanesia","REGION_WB":"East Asia & Pacific","NAME_LEN":4,"LONG_LEN":4,"ABBREV_LEN":4,"TINY":-99,"HOMEPART":1,"MIN_ZOOM":0,"MIN_LABEL":3,"MAX_LABEL":8},"bbox":[-180,-18.28799,180,-16.020882],"geometry":{"type":"MultiPolygon","coordinates":[[[[178.374,-17.34],[178.718,-17.628],[178.553,-18.151],[177.933,-18.288],[177.381,-18.164],[177.285,-17.725],[177.671,-17.381],[178.126,-17.505],[178.374,-17.34]]],[[[179.364,-16.801],[178.725,-17.012],[178.597,-16.639],[179.097,-16.434],[179.414,-16.379],[180,-16.067],[180,-16.555],[179.364,-16.801]]],[[[-179.917,-16.502],[-180,-16.555],[-180,-16.067],[-179.793,-16.021],[-179.917,-16.502]]]]}},{"type":"Feature","properties":{"scalerank":1,"featurecla":"Admin-0 country","LABELRANK":5,"SOVEREIGNT":"United Kingdom","SOV_A3":"GB1","ADM0_DIF":1,"LEVEL":2,"TYPE":"Dependency","ADMIN":"Falkland Islands","ADM0_A3":"FLK","GEOU_DIF":0,"GEOUNIT":"Falkland Islands","GU_A3":"FLK","SU_DIF":0,"SUBUNIT":"Falkland Islands","SU_A3":"FLK","BRK_DIFF":1,"NAME":"Falkland Is.","NAME_LONG":"Falkland Islands","BRK_A3":"B12","BRK_NAME":"Falkland Is.","BRK_GROUP":null,"ABBREV":"Flk. Is.","POSTAL":"FK","FORMAL_EN":"Falkland Islands","FORMAL_FR":null,"NAME_CIAWF":"Falkland Islands (Islas Malvinas)","NOTE_ADM0":"U.K.","NOTE_BRK":"Admin. by U.K.; Claimed by Argentina","NAME_SORT":"Falkland Islands","NAME_ALT":"Islas Malvinas","MAPCOLOR7":6,"MAPCOLOR8":6,"MAPCOLOR9":6,"MAPCOLOR13":3,"POP_EST":2931,"POP_RANK":4,"GDP_MD_EST":281.8,"POP_YEAR":2014,"LASTCENSUS":-99,"GDP_YEAR":2012,"ECONOMY":"2. Developed region: nonG7","INCOME_GRP":"1. High income: OECD","WIKIPEDIA":-99,"FIPS_10_":"FK","ISO_A2":"FK","ISO_A3":"FLK","ISO_A3_EH":"FLK","ISO_N3":"238","UN_A3":"238","WB_A2":"-99","WB_A3":"-99","WOE_ID":23424814,"WOE_ID_EH":23424814,"WOE_NOTE":"Exact WOE match as country","ADM0_A3_IS":"FLK","ADM0_A3_US":"FLK","ADM0_A3_UN":-99,"ADM0_A3_WB":-99,"CONTINENT":"South America","REGION_UN":"Americas","SUBREGION":"South America","REGION_WB":"Latin America & Caribbean","NAME_LEN":12,"LONG_LEN":16,"ABBREV_LEN":8,"TINY":-99,"HOMEPART":-99,"MIN_ZOOM":0,"MIN_LABEL":4.5,"MAX_LABEL":9},"bbox":[-61.2,-52.3,-57.75,-51.1],"geometry":{"type":"Polygon","coordinates":[[[-61.2,-51.85],[-60,-51.25],[-59.15,-51.5],[-58.55,-51.1],[-57.75,-51.55],[-58.05,-51.9],[-59.4,-52.2],[-59.85,-51.85],[-60.7,-52.3],[-61.2,-51.85]]]}},{"type":"Feature","properties":{"scalerank":1,"featurecla":"Admin-0 country","LABELRANK":2,"SOVEREIGNT":"France","SOV_A3":"FR1","ADM0_DIF":1,"LEVEL":2,"TYPE":"Country","ADMIN":"France","ADM0_A3":"FRA","GEOU_DIF":0,"GEOUNIT":"France","GU_A3":"FRA","SU_DIF":0,"SUBUNIT":"France","SU_A3":"FRA","BRK_DIFF":0,"NAME":"France","NAME_LONG":"France","BRK_A3":"FRA","BRK_NAME":"France","BRK_GROUP":null,"ABBREV":"Fr.","POSTAL":"F","FORMAL_EN":"French Republic","FORMAL_FR":null,"NAME_CIAWF":"France","NOTE_ADM0":null,"NOTE_BRK":null,"NAME_SORT":"France","NAME_ALT":null,"MAPCOLOR7":7,"MAPCOLOR8":5,"MAPCOLOR9":9,"MAPCOLOR13":11,"POP_EST":67106161,"POP_RANK":16,"GDP_MD_EST":2699000,"POP_YEAR":2017,"LASTCENSUS":-99,"GDP_YEAR":2016,"ECONOMY":"1. Developed region: G7","INCOME_GRP":"1. High income: OECD","WIKIPEDIA":-99,"FIPS_10_":"FR","ISO_A2":"-99","ISO_A3":"-99","ISO_A3_EH":"-99","ISO_N3":"250","UN_A3":"250","WB_A2":"FR","WB_A3":"FRA","WOE_ID":-90,"WOE_ID_EH":23424819,"WOE_NOTE":"Includes only Metropolitan France (including Corsica)","ADM0_A3_IS":"FRA","ADM0_A3_US":"FRA","ADM0_A3_UN":-99,"ADM0_A3_WB":-99,"CONTINENT":"Europe","REGION_UN":"Europe","SUBREGION":"Western Europe","REGION_WB":"Europe & Central Asia","NAME_LEN":6,"LONG_LEN":6,"ABBREV_LEN":3,"TINY":-99,"HOMEPART":1,"MIN_ZOOM":0,"MIN_LABEL":1.7,"MAX_LABEL":6.7},"bbox":[-54.524754,2.053389,9.560016,51.148506],"geometry":{"type":"MultiPolygon","coordinates":[[[[2.514,51.149],[2.658,50.797],[3.123,50.78],[3.588,50.379],[4.286,49.907],[4.799,49.985],[5.674,49.529],[5.898,49.443],[6.186,49.464],[6.658,49.202],[8.099,49.018],[7.594,48.333],[7.467,47.621],[7.192,47.45],[6.737,47.542],[6.769,47.288],[6.037,46.726],[6.023,46.273],[6.5,46.43],[6.844,45.991],[6.802,45.709],[7.097,45.333],[6.75,45.029],[7.008,44.255],[7.55,44.128],[7.435,43.694],[6.529,43.129],[4.557,43.4],[3.1,43.075],[2.986,42.473],[1.827,42.343],[0.702,42.796],[0.338,42.58],[-1.503,43.034],[-1.901,43.423],[-1.384,44.023],[-1.194,46.015],[-2.226,47.064],[-2.963,47.57],[-4.492,47.955],[-4.592,48.684],[-3.296,48.902],[-1.617,48.644],[-1.933,49.776],[-0.989,49.347],[1.339,50.127],[1.639,50.947],[2.514,51.149]]],[[[-51.658,4.156],[-52.249,3.241],[-52.556,2.505],[-52.94,2.125],[-53.418,2.053],[-53.555,2.335],[-53.779,2.377],[-54.088,2.106],[-54.525,2.312],[-54.271,2.739],[-54.184,3.194],[-54.012,3.623],[-54.4,4.213],[-54.479,4.897],[-53.958,5.757],[-53.618,5.647],[-52.882,5.41],[-51.823,4.566],[-51.658,4.156]]],[[[9.56,42.152],[9.23,41.38],[8.776,41.584],[8.544,42.257],[8.746,42.628],[9.39,43.01],[9.56,42.152]]]]}},{"type":"Feature","properties":{"scalerank":1,"featurecla":"Admin-0 country","LABELRANK":4,"SOVEREIGNT":"Gabon","SOV_A3":"GAB","ADM0_DIF":0,"LEVEL":2,"TYPE":"Sovereign country","ADMIN":"Gabon","ADM0_A3":"GAB","GEOU_DIF":0,"GEOUNIT":"Gabon","GU_A3":"GAB","SU_DIF":0,"SUBUNIT":"Gabon","SU_A3":"GAB","BRK_DIFF":0,"NAME":"Gabon","NAME_LONG":"Gabon","BRK_A3":"GAB","BRK_NAME":"Gabon","BRK_GROUP":null,"ABBREV":"Gabon","POSTAL":"GA","FORMAL_EN":"Gabonese Republic","FORMAL_FR":null,"NAME_CIAWF":"Gabon","NOTE_ADM0":null,"NOTE_BRK":null,"NAME_SORT":"Gabon","NAME_ALT":null,"MAPCOLOR7":6,"MAPCOLOR8":2,"MAPCOLOR9":5,"MAPCOLOR13":5,"POP_EST":1772255,"POP_RANK":12,"GDP_MD_EST":35980,"POP_YEAR":2017,"LASTCENSUS":2003,"GDP_YEAR":2016,"ECONOMY":"6. Developing region","INCOME_GRP":"3. Upper middle income","WIKIPEDIA":-99,"FIPS_10_":"GB","ISO_A2":"GA","ISO_A3":"GAB","ISO_A3_EH":"GAB","ISO_N3":"266","UN_A3":"266","WB_A2":"GA","WB_A3":"GAB","WOE_ID":23424822,"WOE_ID_EH":23424822,"WOE_NOTE":"Exact WOE match as country","ADM0_A3_IS":"GAB","ADM0_A3_US":"GAB","ADM0_A3_UN":-99,"ADM0_A3_WB":-99,"CONTINENT":"Africa","REGION_UN":"Africa","SUBREGION":"Middle Africa","REGION_WB":"Sub-Saharan Africa","NAME_LEN":5,"LONG_LEN":5,"ABBREV_LEN":5,"TINY":3,"HOMEPART":1,"MIN_ZOOM":0,"MIN_LABEL":3,"MAX_LABEL":8},"bbox":[8.797996,-3.978827,14.425456,2.326758],"geometry":{"type":"Polygon","coordinates":[[[11.276,2.261],[11.752,2.327],[12.359,2.193],[12.951,2.322],[13.076,2.267],[13.003,1.831],[13.283,1.314],[14.027,1.396],[14.276,1.197],[13.843,0.039],[14.316,-0.553],[14.425,-1.333],[14.299,-1.998],[13.992,-2.471],[13.11,-2.429],[12.575,-1.949],[12.496,-2.392],[11.821,-2.514],[11.478,-2.766],[11.855,-3.427],[11.094,-3.979],[10.066,-2.969],[9.405,-2.144],[8.798,-1.111],[8.83,-0.779],[9.048,-0.459],[9.291,0.269],[9.493,1.01],[9.83,1.068],[11.285,1.058],[11.276,2.261]]]}},{"type":"Feature","properties":{"scalerank":1,"featurecla":"Admin-0 country","LABELRANK":2,"SOVEREIGNT":"United Kingdom","SOV_A3":"GB1","ADM0_DIF":1,"LEVEL":2,"TYPE":"Country","ADMIN":"United Kingdom","ADM0_A3":"GBR","GEOU_DIF":0,"GEOUNIT":"United Kingdom","GU_A3":"GBR","SU_DIF":0,"SUBUNIT":"United Kingdom","SU_A3":"GBR","BRK_DIFF":0,"NAME":"United Kingdom","NAME_LONG":"United Kingdom","BRK_A3":"GBR","BRK_NAME":"United Kingdom","BRK_GROUP":null,"ABBREV":"U.K.","POSTAL":"GB","FORMAL_EN":"United Kingdom of Great Britain and Northern Ireland","FORMAL_FR":null,"NAME_CIAWF":"United Kingdom","NOTE_ADM0":null,"NOTE_BRK":null,"NAME_SORT":"United Kingdom","NAME_ALT":null,"MAPCOLOR7":6,"MAPCOLOR8":6,"MAPCOLOR9":6,"MAPCOLOR13":3,"POP_EST":64769452,"POP_RANK":16,"GDP_MD_EST":2788000,"POP_YEAR":2017,"LASTCENSUS":2011,"GDP_YEAR":2016,"ECONOMY":"1. Developed region: G7","INCOME_GRP":"1. High income: OECD","WIKIPEDIA":-99,"FIPS_10_":"UK","ISO_A2":"GB","ISO_A3":"GBR","ISO_A3_EH":"GBR","ISO_N3":"826","UN_A3":"826","WB_A2":"GB","WB_A3":"GBR","WOE_ID":-90,"WOE_ID_EH":23424975,"WOE_NOTE":"Eh ID includes Channel Islands and Isle of Man. UK constituent countries of England (24554868), Wales (12578049), Scotland (12578048), and Northern Ireland (20070563).","ADM0_A3_IS":"GBR","ADM0_A3_US":"GBR","ADM0_A3_UN":-99,"ADM0_A3_WB":-99,"CONTINENT":"Europe","REGION_UN":"Europe","SUBREGION":"Northern Europe","REGION_WB":"Europe & Central Asia","NAME_LEN":14,"LONG_LEN":14,"ABBREV_LEN":4,"TINY":-99,"HOMEPART":1,"MIN_ZOOM":0,"MIN_LABEL":1.7,"MAX_LABEL":6.7},"bbox":[-7.572168,49.96,1.681531,58.635],"geometry":{"type":"MultiPolygon","coordinates":[[[[-6.198,53.868],[-6.954,54.074],[-7.572,54.06],[-7.366,54.596],[-7.572,55.132],[-6.734,55.173],[-5.662,54.555],[-6.198,53.868]]],[[[-3.005,58.635],[-4.074,57.553],[-3.055,57.69],[-1.959,57.685],[-2.22,56.87],[-3.119,55.974],[-2.085,55.91],[-2.006,55.805],[-1.115,54.625],[-0.43,54.464],[0.185,53.325],[0.47,52.93],[1.682,52.74],[1.56,52.1],[1.051,51.807],[1.45,51.289],[0.55,50.766],[-0.788,50.775],[-2.49,50.5],[-2.956,50.697],[-3.617,50.228],[-4.543,50.342],[-5.245,49.96],[-5.777,50.16],[-4.31,51.21],[-3.415,51.426],[-3.423,51.427],[-4.984,51.593],[-5.267,51.991],[-4.222,52.301],[-4.77,52.84],[-4.58,53.495],[-3.094,53.405],[-3.092,53.404],[-2.945,53.985],[-3.615,54.601],[-3.63,54.615],[-4.844,54.791],[-5.083,55.062],[-4.719,55.508],[-5.048,55.784],[-5.586,55.311],[-5.645,56.275],[-6.15,56.785],[-5.787,57.819],[-5.01,58.63],[-4.211,58.551],[-3.005,58.635]]]]}},{"type":"Feature","properties":{"scalerank":1,"featurecla":"Admin-0 country","LABELRANK":5,"SOVEREIGNT":"Georgia","SOV_A3":"GEO","ADM0_DIF":0,"LEVEL":2,"TYPE":"Sovereign country","ADMIN":"Georgia","ADM0_A3":"GEO","GEOU_DIF":0,"GEOUNIT":"Georgia","GU_A3":"GEO","SU_DIF":0,"SUBUNIT":"Georgia","SU_A3":"GEO","BRK_DIFF":0,"NAME":"Georgia","NAME_LONG":"Georgia","BRK_A3":"GEO","BRK_NAME":"Georgia","BRK_GROUP":null,"ABBREV":"Geo.","POSTAL":"GE","FORMAL_EN":"Georgia","FORMAL_FR":null,"NAME_CIAWF":"Georgia","NOTE_ADM0":null,"NOTE_BRK":null,"NAME_SORT":"Georgia","NAME_ALT":null,"MAPCOLOR7":5,"MAPCOLOR8":1,"MAPCOLOR9":3,"MAPCOLOR13":2,"POP_EST":4926330,"POP_RANK":12,"GDP_MD_EST":37270,"POP_YEAR":2017,"LASTCENSUS":2002,"GDP_YEAR":2016,"ECONOMY":"6. Developing region","INCOME_GRP":"4. Lower middle income","WIKIPEDIA":-99,"FIPS_10_":"GG","ISO_A2":"GE","ISO_A3":"GEO","ISO_A3_EH":"GEO","ISO_N3":"268","UN_A3":"268","WB_A2":"GE","WB_A3":"GEO","WOE_ID":23424823,"WOE_ID_EH":23424823,"WOE_NOTE":"Exact WOE match as country","ADM0_A3_IS":"GEO","ADM0_A3_US":"GEO","ADM0_A3_UN":-99,"ADM0_A3_WB":-99,"CONTINENT":"Asia","REGION_UN":"Asia","SUBREGION":"Western Asia","REGION_WB":"Europe & Central Asia","NAME_LEN":7,"LONG_LEN":7,"ABBREV_LEN":4,"TINY":-99,"HOMEPART":1,"MIN_ZOOM":0,"MIN_LABEL":4,"MAX_LABEL":9},"bbox":[39.955009,41.064445,46.637908,43.553104],"geometry":{"type":"Polygon","coordinates":[[[44.972,41.248],[43.583,41.092],[42.62,41.583],[41.554,41.536],[41.703,41.963],[41.453,42.645],[40.875,43.014],[40.321,43.129],[39.955,43.435],[40.077,43.553],[40.922,43.382],[42.394,43.22],[43.756,42.741],[43.931,42.555],[44.538,42.712],[45.47,42.503],[45.776,42.092],[46.405,41.861],[46.145,41.723],[46.638,41.182],[46.502,41.064],[45.963,41.124],[45.217,41.411],[44.972,41.248]]]}},{"type":"Feature","properties":{"scalerank":1,"featurecla":"Admin-0 country","LABELRANK":3,"SOVEREIGNT":"Ghana","SOV_A3":"GHA","ADM0_DIF":0,"LEVEL":2,"TYPE":"Sovereign country","ADMIN":"Ghana","ADM0_A3":"GHA","GEOU_DIF":0,"GEOUNIT":"Ghana","GU_A3":"GHA","SU_DIF":0,"SUBUNIT":"Ghana","SU_A3":"GHA","BRK_DIFF":0,"NAME":"Ghana","NAME_LONG":"Ghana","BRK_A3":"GHA","BRK_NAME":"Ghana","BRK_GROUP":null,"ABBREV":"Ghana","POSTAL":"GH","FORMAL_EN":"Republic of Ghana","FORMAL_FR":null,"NAME_CIAWF":"Ghana","NOTE_ADM0":null,"NOTE_BRK":null,"NAME_SORT":"Ghana","NAME_ALT":null,"MAPCOLOR7":5,"MAPCOLOR8":3,"MAPCOLOR9":1,"MAPCOLOR13":4,"POP_EST":27499924,"POP_RANK":15,"GDP_MD_EST":120800,"POP_YEAR":2017,"LASTCENSUS":2010,"GDP_YEAR":2016,"ECONOMY":"6. Developing region","INCOME_GRP":"4. Lower middle income","WIKIPEDIA":-99,"FIPS_10_":"GH","ISO_A2":"GH","ISO_A3":"GHA","ISO_A3_EH":"GHA","ISO_N3":"288","UN_A3":"288","WB_A2":"GH","WB_A3":"GHA","WOE_ID":23424824,"WOE_ID_EH":23424824,"WOE_NOTE":"Exact WOE match as country","ADM0_A3_IS":"GHA","ADM0_A3_US":"GHA","ADM0_A3_UN":-99,"ADM0_A3_WB":-99,"CONTINENT":"Africa","REGION_UN":"Africa","SUBREGION":"Western Africa","REGION_WB":"Sub-Saharan Africa","NAME_LEN":5,"LONG_LEN":5,"ABBREV_LEN":5,"TINY":-99,"HOMEPART":1,"MIN_ZOOM":0,"MIN_LABEL":3,"MAX_LABEL":8},"bbox":[-3.24437,4.710462,1.060122,11.098341],"geometry":{"type":"Polygon","coordinates":[[[-2.827,9.642],[-2.964,10.395],[-2.94,10.963],[-1.203,11.01],[-0.762,10.937],[-0.439,11.098],[0.024,11.019],[-0.05,10.707],[0.368,10.191],[0.366,9.465],[0.461,8.677],[0.712,8.312],[0.491,7.412],[0.57,6.914],[0.837,6.28],[1.06,5.929],[-0.508,5.343],[-1.064,5.001],[-1.965,4.71],[-2.856,4.994],[-2.811,5.389],[-3.244,6.25],[-2.984,7.38],[-2.562,8.22],[-2.827,9.642]]]}},{"type":"Feature","properties":{"scalerank":1,"featurecla":"Admin-0 country","LABELRANK":3,"SOVEREIGNT":"Guinea","SOV_A3":"GIN","ADM0_DIF":0,"LEVEL":2,"TYPE":"Sovereign country","ADMIN":"Guinea","ADM0_A3":"GIN","GEOU_DIF":0,"GEOUNIT":"Guinea","GU_A3":"GIN","SU_DIF":0,"SUBUNIT":"Guinea","SU_A3":"GIN","BRK_DIFF":0,"NAME":"Guinea","NAME_LONG":"Guinea","BRK_A3":"GIN","BRK_NAME":"Guinea","BRK_GROUP":null,"ABBREV":"Gin.","POSTAL":"GN","FORMAL_EN":"Republic of Guinea","FORMAL_FR":null,"NAME_CIAWF":"Guinea","NOTE_ADM0":null,"NOTE_BRK":null,"NAME_SORT":"Guinea","NAME_ALT":null,"MAPCOLOR7":6,"MAPCOLOR8":3,"MAPCOLOR9":7,"MAPCOLOR13":2,"POP_EST":12413867,"POP_RANK":14,"GDP_MD_EST":16080,"POP_YEAR":2017,"LASTCENSUS":1996,"GDP_YEAR":2016,"ECONOMY":"7. Least developed region","INCOME_GRP":"5. Low income","WIKIPEDIA":-99,"FIPS_10_":"GV","ISO_A2":"GN","ISO_A3":"GIN","ISO_A3_EH":"GIN","ISO_N3":"324","UN_A3":"324","WB_A2":"GN","WB_A3":"GIN","WOE_ID":23424835,"WOE_ID_EH":23424835,"WOE_NOTE":"Exact WOE match as country","ADM0_A3_IS":"GIN","ADM0_A3_US":"GIN","ADM0_A3_UN":-99,"ADM0_A3_WB":-99,"CONTINENT":"Africa","REGION_UN":"Africa","SUBREGION":"Western Africa","REGION_WB":"Sub-Saharan Africa","NAME_LEN":6,"LONG_LEN":6,"ABBREV_LEN":4,"TINY":-99,"HOMEPART":1,"MIN_ZOOM":0,"MIN_LABEL":3,"MAX_LABEL":8},"bbox":[-15.130311,7.309037,-7.8321,12.586183],"geometry":{"type":"Polygon","coordinates":[[[-8.03,10.207],[-8.229,10.129],[-8.31,9.79],[-8.079,9.376],[-7.832,8.576],[-8.203,8.455],[-8.299,8.316],[-8.222,8.123],[-8.281,7.687],[-8.439,7.686],[-8.722,7.712],[-8.926,7.309],[-9.209,7.314],[-9.403,7.527],[-9.337,7.929],[-9.755,8.541],[-10.017,8.429],[-10.23,8.406],[-10.505,8.349],[-10.494,8.716],[-10.655,8.977],[-10.622,9.268],[-10.839,9.688],[-11.117,10.046],[-11.917,10.047],[-12.15,9.859],[-12.426,9.836],[-12.597,9.62],[-12.712,9.343],[-13.247,8.903],[-13.685,9.495],[-14.074,9.886],[-14.33,10.016],[-14.58,10.214],[-14.693,10.656],[-14.84,10.877],[-15.13,11.04],[-14.686,11.528],[-14.382,11.509],[-14.121,11.677],[-13.901,11.679],[-13.743,11.811],[-13.828,12.143],[-13.719,12.247],[-13.7,12.586],[-13.218,12.576],[-12.499,12.332],[-12.279,12.354],[-12.204,12.466],[-11.658,12.387],[-11.514,12.443],[-11.456,12.077],[-11.298,12.078],[-11.037,12.211],[-10.871,12.178],[-10.593,11.924],[-10.165,11.844],[-9.891,12.06],[-9.568,12.194],[-9.328,12.334],[-9.127,12.308],[-8.905,12.088],[-8.786,11.813],[-8.376,11.394],[-8.581,11.136],[-8.62,10.811],[-8.407,10.909],[-8.282,10.793],[-8.335,10.495],[-8.03,10.207]]]}},{"type":"Feature","properties":{"scalerank":1,"featurecla":"Admin-0 country","LABELRANK":6,"SOVEREIGNT":"Gambia","SOV_A3":"GMB","ADM0_DIF":0,"LEVEL":2,"TYPE":"Sovereign country","ADMIN":"Gambia","ADM0_A3":"GMB","GEOU_DIF":0,"GEOUNIT":"Gambia","GU_A3":"GMB","SU_DIF":0,"SUBUNIT":"Gambia","SU_A3":"GMB","BRK_DIFF":0,"NAME":"Gambia","NAME_LONG":"The Gambia","BRK_A3":"GMB","BRK_NAME":"Gambia","BRK_GROUP":null,"ABBREV":"Gambia","POSTAL":"GM","FORMAL_EN":"Republic of the Gambia","FORMAL_FR":null,"NAME_CIAWF":"Gambia, The","NOTE_ADM0":null,"NOTE_BRK":null,"NAME_SORT":"Gambia, The","NAME_ALT":null,"MAPCOLOR7":1,"MAPCOLOR8":4,"MAPCOLOR9":1,"MAPCOLOR13":8,"POP_EST":2051363,"POP_RANK":12,"GDP_MD_EST":3387,"POP_YEAR":2017,"LASTCENSUS":2003,"GDP_YEAR":2016,"ECONOMY":"7. Least developed region","INCOME_GRP":"5. Low income","WIKIPEDIA":-99,"FIPS_10_":"GA","ISO_A2":"GM","ISO_A3":"GMB","ISO_A3_EH":"GMB","ISO_N3":"270","UN_A3":"270","WB_A2":"GM","WB_A3":"GMB","WOE_ID":23424821,"WOE_ID_EH":23424821,"WOE_NOTE":"Exact WOE match as country","ADM0_A3_IS":"GMB","ADM0_A3_US":"GMB","ADM0_A3_UN":-99,"ADM0_A3_WB":-99,"CONTINENT":"Africa","REGION_UN":"Africa","SUBREGION":"Western Africa","REGION_WB":"Sub-Saharan Africa","NAME_LEN":6,"LONG_LEN":10,"ABBREV_LEN":6,"TINY":-99,"HOMEPART":1,"MIN_ZOOM":0,"MIN_LABEL":5,"MAX_LABEL":10},"bbox":[-16.841525,13.130284,-13.844963,13.876492],"geometry":{"type":"Polygon","coordinates":[[[-16.842,13.151],[-16.714,13.595],[-15.625,13.624],[-15.399,13.86],[-15.082,13.876],[-14.687,13.63],[-14.377,13.626],[-14.047,13.794],[-13.845,13.505],[-14.278,13.281],[-14.712,13.298],[-15.141,13.51],[-15.512,13.279],[-15.691,13.27],[-15.931,13.13],[-16.842,13.151]]]}},{"type":"Feature","properties":{"scalerank":1,"featurecla":"Admin-0 country","LABELRANK":6,"SOVEREIGNT":"Guinea-Bissau","SOV_A3":"GNB","ADM0_DIF":0,"LEVEL":2,"TYPE":"Sovereign country","ADMIN":"Guinea-Bissau","ADM0_A3":"GNB","GEOU_DIF":0,"GEOUNIT":"Guinea-Bissau","GU_A3":"GNB","SU_DIF":0,"SUBUNIT":"Guinea-Bissau","SU_A3":"GNB","BRK_DIFF":0,"NAME":"Guinea-Bissau","NAME_LONG":"Guinea-Bissau","BRK_A3":"GNB","BRK_NAME":"Guinea-Bissau","BRK_GROUP":null,"ABBREV":"GnB.","POSTAL":"GW","FORMAL_EN":"Republic of Guinea-Bissau","FORMAL_FR":null,"NAME_CIAWF":"Guinea-Bissau","NOTE_ADM0":null,"NOTE_BRK":null,"NAME_SORT":"Guinea-Bissau","NAME_ALT":null,"MAPCOLOR7":3,"MAPCOLOR8":5,"MAPCOLOR9":3,"MAPCOLOR13":4,"POP_EST":1792338,"POP_RANK":12,"GDP_MD_EST":2851,"POP_YEAR":2017,"LASTCENSUS":2009,"GDP_YEAR":2016,"ECONOMY":"7. Least developed region","INCOME_GRP":"5. Low income","WIKIPEDIA":-99,"FIPS_10_":"PU","ISO_A2":"GW","ISO_A3":"GNB","ISO_A3_EH":"GNB","ISO_N3":"624","UN_A3":"624","WB_A2":"GW","WB_A3":"GNB","WOE_ID":23424929,"WOE_ID_EH":23424929,"WOE_NOTE":"Exact WOE match as country","ADM0_A3_IS":"GNB","ADM0_A3_US":"GNB","ADM0_A3_UN":-99,"ADM0_A3_WB":-99,"CONTINENT":"Africa","REGION_UN":"Africa","SUBREGION":"Western Africa","REGION_WB":"Sub-Saharan Africa","NAME_LEN":13,"LONG_LEN":13,"ABBREV_LEN":4,"TINY":-99,"HOMEPART":1,"MIN_ZOOM":0,"MIN_LABEL":5,"MAX_LABEL":10},"bbox":[-16.677452,11.040412,-13.700476,12.62817],"geometry":{"type":"Polygon","coordinates":[[[-13.7,12.586],[-13.719,12.247],[-13.828,12.143],[-13.743,11.811],[-13.901,11.679],[-14.121,11.677],[-14.382,11.509],[-14.686,11.528],[-15.13,11.04],[-15.664,11.458],[-16.085,11.525],[-16.315,11.807],[-16.309,11.959],[-16.614,12.171],[-16.677,12.385],[-16.148,12.548],[-15.817,12.516],[-15.548,12.628],[-13.7,12.586]]]}},{"type":"Feature","properties":{"scalerank":1,"featurecla":"Admin-0 country","LABELRANK":4,"SOVEREIGNT":"Equatorial Guinea","SOV_A3":"GNQ","ADM0_DIF":0,"LEVEL":2,"TYPE":"Sovereign country","ADMIN":"Equatorial Guinea","ADM0_A3":"GNQ","GEOU_DIF":0,"GEOUNIT":"Equatorial Guinea","GU_A3":"GNQ","SU_DIF":0,"SUBUNIT":"Equatorial Guinea","SU_A3":"GNQ","BRK_DIFF":0,"NAME":"Eq. Guinea","NAME_LONG":"Equatorial Guinea","BRK_A3":"GNQ","BRK_NAME":"Eq. Guinea","BRK_GROUP":null,"ABBREV":"Eq. G.","POSTAL":"GQ","FORMAL_EN":"Republic of Equatorial Guinea","FORMAL_FR":null,"NAME_CIAWF":"Equatorial Guinea","NOTE_ADM0":null,"NOTE_BRK":null,"NAME_SORT":"Equatorial Guinea","NAME_ALT":null,"MAPCOLOR7":4,"MAPCOLOR8":1,"MAPCOLOR9":4,"MAPCOLOR13":8,"POP_EST":778358,"POP_RANK":11,"GDP_MD_EST":31770,"POP_YEAR":2017,"LASTCENSUS":2002,"GDP_YEAR":2016,"ECONOMY":"7. Least developed region","INCOME_GRP":"2. High income: nonOECD","WIKIPEDIA":-99,"FIPS_10_":"EK","ISO_A2":"GQ","ISO_A3":"GNQ","ISO_A3_EH":"GNQ","ISO_N3":"226","UN_A3":"226","WB_A2":"GQ","WB_A3":"GNQ","WOE_ID":23424804,"WOE_ID_EH":23424804,"WOE_NOTE":"Exact WOE match as country","ADM0_A3_IS":"GNQ","ADM0_A3_US":"GNQ","ADM0_A3_UN":-99,"ADM0_A3_WB":-99,"CONTINENT":"Africa","REGION_UN":"Africa","SUBREGION":"Middle Africa","REGION_WB":"Sub-Saharan Africa","NAME_LEN":10,"LONG_LEN":17,"ABBREV_LEN":6,"TINY":-99,"HOMEPART":1,"MIN_ZOOM":0,"MIN_LABEL":4,"MAX_LABEL":9},"bbox":[9.305613,1.01012,11.285079,2.283866],"geometry":{"type":"Polygon","coordinates":[[[9.649,2.284],[11.276,2.261],[11.285,1.058],[9.83,1.068],[9.493,1.01],[9.306,1.161],[9.649,2.284]]]}},{"type":"Feature","properties":{"scalerank":1,"featurecla":"Admin-0 country","LABELRANK":3,"SOVEREIGNT":"Greece","SOV_A3":"GRC","ADM0_DIF":0,"LEVEL":2,"TYPE":"Sovereign country","ADMIN":"Greece","ADM0_A3":"GRC","GEOU_DIF":0,"GEOUNIT":"Greece","GU_A3":"GRC","SU_DIF":0,"SUBUNIT":"Greece","SU_A3":"GRC","BRK_DIFF":0,"NAME":"Greece","NAME_LONG":"Greece","BRK_A3":"GRC","BRK_NAME":"Greece","BRK_GROUP":null,"ABBREV":"Greece","POSTAL":"GR","FORMAL_EN":"Hellenic Republic","FORMAL_FR":null,"NAME_CIAWF":"Greece","NOTE_ADM0":null,"NOTE_BRK":null,"NAME_SORT":"Greece","NAME_ALT":null,"MAPCOLOR7":2,"MAPCOLOR8":2,"MAPCOLOR9":2,"MAPCOLOR13":9,"POP_EST":10768477,"POP_RANK":14,"GDP_MD_EST":290500,"POP_YEAR":2017,"LASTCENSUS":2011,"GDP_YEAR":2016,"ECONOMY":"2. Developed region: nonG7","INCOME_GRP":"1. High income: OECD","WIKIPEDIA":-99,"FIPS_10_":"GR","ISO_A2":"GR","ISO_A3":"GRC","ISO_A3_EH":"GRC","ISO_N3":"300","UN_A3":"300","WB_A2":"GR","WB_A3":"GRC","WOE_ID":23424833,"WOE_ID_EH":23424833,"WOE_NOTE":"Exact WOE match as country","ADM0_A3_IS":"GRC","ADM0_A3_US":"GRC","ADM0_A3_UN":-99,"ADM0_A3_WB":-99,"CONTINENT":"Europe","REGION_UN":"Europe","SUBREGION":"Southern Europe","REGION_WB":"Europe & Central Asia","NAME_LEN":6,"LONG_LEN":6,"ABBREV_LEN":6,"TINY":-99,"HOMEPART":1,"MIN_ZOOM":0,"MIN_LABEL":3,"MAX_LABEL":8},"bbox":[20.150016,34.919988,26.604196,41.826905],"geometry":{"type":"MultiPolygon","coordinates":[[[[20.15,39.625],[20.615,40.11],[20.675,40.435],[21,40.58],[21.02,40.843],[21.674,40.931],[22.055,41.15],[22.597,41.13],[22.762,41.305],[22.952,41.338],[23.692,41.309],[24.493,41.584],[25.197,41.234],[26.106,41.329],[26.117,41.827],[26.604,41.562],[26.295,40.936],[26.057,40.824],[25.448,40.853],[24.926,40.947],[23.715,40.687],[24.408,40.125],[23.9,39.962],[23.343,39.961],[22.814,40.476],[22.626,40.257],[22.85,39.659],[23.35,39.19],[22.973,38.971],[23.53,38.51],[24.025,38.22],[24.04,37.655],[23.115,37.92],[23.41,37.41],[22.775,37.305],[23.154,36.423],[22.49,36.41],[21.67,36.845],[21.295,37.645],[21.12,38.31],[20.73,38.77],[20.218,39.34],[20.15,39.625]]],[[[23.7,35.705],[24.247,35.368],[25.025,35.425],[25.769,35.354],[25.745,35.18],[26.29,35.3],[26.165,35.005],[24.725,34.92],[24.735,35.085],[23.515,35.28],[23.7,35.705]]]]}},{"type":"Feature","properties":{"scalerank":1,"featurecla":"Admin-0 country","LABELRANK":3,"SOVEREIGNT":"Denmark","SOV_A3":"DN1","ADM0_DIF":1,"LEVEL":2,"TYPE":"Country","ADMIN":"Greenland","ADM0_A3":"GRL","GEOU_DIF":0,"GEOUNIT":"Greenland","GU_A3":"GRL","SU_DIF":0,"SUBUNIT":"Greenland","SU_A3":"GRL","BRK_DIFF":0,"NAME":"Greenland","NAME_LONG":"Greenland","BRK_A3":"GRL","BRK_NAME":"Greenland","BRK_GROUP":null,"ABBREV":"Grlnd.","POSTAL":"GL","FORMAL_EN":"Greenland","FORMAL_FR":null,"NAME_CIAWF":"Greenland","NOTE_ADM0":"Den.","NOTE_BRK":null,"NAME_SORT":"Greenland","NAME_ALT":null,"MAPCOLOR7":4,"MAPCOLOR8":1,"MAPCOLOR9":3,"MAPCOLOR13":12,"POP_EST":57713,"POP_RANK":8,"GDP_MD_EST":2173,"POP_YEAR":2017,"LASTCENSUS":2010,"GDP_YEAR":2015,"ECONOMY":"2. Developed region: nonG7","INCOME_GRP":"2. High income: nonOECD","WIKIPEDIA":-99,"FIPS_10_":"GL","ISO_A2":"GL","ISO_A3":"GRL","ISO_A3_EH":"GRL","ISO_N3":"304","UN_A3":"304","WB_A2":"GL","WB_A3":"GRL","WOE_ID":23424828,"WOE_ID_EH":23424828,"WOE_NOTE":"Exact WOE match as country","ADM0_A3_IS":"GRL","ADM0_A3_US":"GRL","ADM0_A3_UN":-99,"ADM0_A3_WB":-99,"CONTINENT":"North America","REGION_UN":"Americas","SUBREGION":"Northern America","REGION_WB":"Europe & Central Asia","NAME_LEN":9,"LONG_LEN":9,"ABBREV_LEN":6,"TINY":-99,"HOMEPART":-99,"MIN_ZOOM":0,"MIN_LABEL":1.7,"MAX_LABEL":6.7},"bbox":[-73.297,60.03676,-12.20855,83.64513],"geometry":{"type":"Polygon","coordinates":[[[-46.764,82.628],[-43.406,83.225],[-39.898,83.18],[-38.622,83.549],[-35.088,83.645],[-27.1,83.52],[-20.845,82.727],[-22.692,82.342],[-26.518,82.298],[-31.9,82.2],[-31.396,82.022],[-27.857,82.132],[-24.844,81.787],[-22.903,82.093],[-22.072,81.734],[-23.17,81.153],[-20.624,81.525],[-15.768,81.912],[-12.77,81.719],[-12.209,81.292],[-16.285,80.58],[-16.85,80.35],[-20.046,80.177],[-17.73,80.129],[-18.9,79.4],[-19.705,78.751],[-19.674,77.639],[-18.473,76.986],[-20.035,76.944],[-21.679,76.628],[-19.834,76.098],[-19.599,75.248],[-20.668,75.156],[-19.373,74.296],[-21.594,74.224],[-20.435,73.817],[-20.762,73.464],[-22.172,73.31],[-23.566,73.307],[-22.313,72.629],[-22.3,72.184],[-24.278,72.598],[-24.793,72.33],[-23.443,72.08],[-22.133,71.469],[-21.754,70.664],[-23.536,70.471],[-24.307,70.856],[-25.543,71.431],[-25.201,70.752],[-26.363,70.226],[-23.727,70.184],[-22.349,70.129],[-25.029,69.259],[-27.747,68.47],[-30.674,68.125],[-31.777,68.121],[-32.811,67.735],[-34.202,66.68],[-36.353,65.979],[-37.044,65.938],[-38.375,65.692],[-39.812,65.458],[-40.669,64.84],[-40.683,64.139],[-41.189,63.482],[-42.819,62.682],[-42.417,61.901],[-42.866,61.074],[-43.378,60.098],[-44.787,60.037],[-46.264,60.853],[-48.263,60.858],[-49.233,61.407],[-49.9,62.383],[-51.633,63.627],[-52.14,64.278],[-52.277,65.177],[-53.662,66.1],[-53.302,66.837],[-53.969,67.189],[-52.98,68.358],[-51.475,68.73],[-51.08,69.148],[-50.871,69.929],[-52.014,69.575],[-52.558,69.426],[-53.456,69.284],[-54.683,69.61],[-54.75,70.289],[-54.359,70.821],[-53.431,70.836],[-51.39,70.57],[-53.109,71.205],[-54.004,71.547],[-55,71.407],[-55.835,71.654],[-54.718,72.586],[-55.326,72.959],[-56.12,73.65],[-57.324,74.71],[-58.597,75.099],[-58.585,75.517],[-61.269,76.102],[-63.392,76.175],[-66.064,76.135],[-68.504,76.061],[-69.665,76.38],[-71.403,77.009],[-68.777,77.323],[-66.764,77.376],[-71.043,77.636],[-73.297,78.044],[-73.159,78.433],[-69.373,78.914],[-65.711,79.394],[-65.324,79.758],[-68.023,80.117],[-67.151,80.516],[-63.689,81.214],[-62.234,81.321],[-62.651,81.77],[-60.282,82.034],[-57.207,82.191],[-54.134,82.2],[-53.043,81.888],[-50.391,82.439],[-48.004,82.065],[-46.6,81.986],[-44.523,81.661],[-46.901,82.2],[-46.764,82.628]]]}},{"type":"Feature","properties":{"scalerank":1,"featurecla":"Admin-0 country","LABELRANK":3,"SOVEREIGNT":"Guatemala","SOV_A3":"GTM","ADM0_DIF":0,"LEVEL":2,"TYPE":"Sovereign country","ADMIN":"Guatemala","ADM0_A3":"GTM","GEOU_DIF":0,"GEOUNIT":"Guatemala","GU_A3":"GTM","SU_DIF":0,"SUBUNIT":"Guatemala","SU_A3":"GTM","BRK_DIFF":0,"NAME":"Guatemala","NAME_LONG":"Guatemala","BRK_A3":"GTM","BRK_NAME":"Guatemala","BRK_GROUP":null,"ABBREV":"Guat.","POSTAL":"GT","FORMAL_EN":"Republic of Guatemala","FORMAL_FR":null,"NAME_CIAWF":"Guatemala","NOTE_ADM0":null,"NOTE_BRK":null,"NAME_SORT":"Guatemala","NAME_ALT":null,"MAPCOLOR7":3,"MAPCOLOR8":3,"MAPCOLOR9":3,"MAPCOLOR13":6,"POP_EST":15460732,"POP_RANK":14,"GDP_MD_EST":131800,"POP_YEAR":2017,"LASTCENSUS":2002,"GDP_YEAR":2016,"ECONOMY":"6. Developing region","INCOME_GRP":"4. Lower middle income","WIKIPEDIA":-99,"FIPS_10_":"GT","ISO_A2":"GT","ISO_A3":"GTM","ISO_A3_EH":"GTM","ISO_N3":"320","UN_A3":"320","WB_A2":"GT","WB_A3":"GTM","WOE_ID":23424834,"WOE_ID_EH":23424834,"WOE_NOTE":"Exact WOE match as country","ADM0_A3_IS":"GTM","ADM0_A3_US":"GTM","ADM0_A3_UN":-99,"ADM0_A3_WB":-99,"CONTINENT":"North America","REGION_UN":"Americas","SUBREGION":"Central America","REGION_WB":"Latin America & Caribbean","NAME_LEN":9,"LONG_LEN":9,"ABBREV_LEN":5,"TINY":4,"HOMEPART":1,"MIN_ZOOM":0,"MIN_LABEL":3,"MAX_LABEL":8},"bbox":[-92.229249,13.735338,-88.225023,17.819326],"geometry":{"type":"Polygon","coordinates":[[[-89.143,17.808],[-89.151,17.016],[-89.229,15.887],[-88.931,15.887],[-88.605,15.706],[-88.518,15.855],[-88.225,15.728],[-88.681,15.346],[-89.155,15.066],[-89.225,14.874],[-89.146,14.678],[-89.353,14.424],[-89.587,14.363],[-89.534,14.245],[-89.722,14.134],[-90.065,13.882],[-90.096,13.735],[-90.609,13.91],[-91.232,13.928],[-91.69,14.126],[-92.228,14.539],[-92.203,14.83],[-92.087,15.065],[-92.229,15.251],[-91.748,16.067],[-90.464,16.07],[-90.439,16.41],[-90.601,16.471],[-90.712,16.687],[-91.082,16.918],[-91.454,17.252],[-91.002,17.255],[-91.002,17.818],[-90.068,17.819],[-89.143,17.808]]]}},{"type":"Feature","properties":{"scalerank":1,"featurecla":"Admin-0 country","LABELRANK":4,"SOVEREIGNT":"Guyana","SOV_A3":"GUY","ADM0_DIF":0,"LEVEL":2,"TYPE":"Sovereign country","ADMIN":"Guyana","ADM0_A3":"GUY","GEOU_DIF":0,"GEOUNIT":"Guyana","GU_A3":"GUY","SU_DIF":0,"SUBUNIT":"Guyana","SU_A3":"GUY","BRK_DIFF":0,"NAME":"Guyana","NAME_LONG":"Guyana","BRK_A3":"GUY","BRK_NAME":"Guyana","BRK_GROUP":null,"ABBREV":"Guy.","POSTAL":"GY","FORMAL_EN":"Co-operative Republic of Guyana","FORMAL_FR":null,"NAME_CIAWF":"Guyana","NOTE_ADM0":null,"NOTE_BRK":null,"NAME_SORT":"Guyana","NAME_ALT":null,"MAPCOLOR7":3,"MAPCOLOR8":1,"MAPCOLOR9":4,"MAPCOLOR13":8,"POP_EST":737718,"POP_RANK":11,"GDP_MD_EST":6093,"POP_YEAR":2017,"LASTCENSUS":2002,"GDP_YEAR":2016,"ECONOMY":"6. Developing region","INCOME_GRP":"4. Lower middle income","WIKIPEDIA":-99,"FIPS_10_":"GY","ISO_A2":"GY","ISO_A3":"GUY","ISO_A3_EH":"GUY","ISO_N3":"328","UN_A3":"328","WB_A2":"GY","WB_A3":"GUY","WOE_ID":23424836,"WOE_ID_EH":23424836,"WOE_NOTE":"Exact WOE match as country","ADM0_A3_IS":"GUY","ADM0_A3_US":"GUY","ADM0_A3_UN":-99,"ADM0_A3_WB":-99,"CONTINENT":"South America","REGION_UN":"Americas","SUBREGION":"South America","REGION_WB":"Latin America & Caribbean","NAME_LEN":6,"LONG_LEN":6,"ABBREV_LEN":4,"TINY":-99,"HOMEPART":1,"MIN_ZOOM":0,"MIN_LABEL":4,"MAX_LABEL":9},"bbox":[-61.410303,1.268088,-56.539386,8.367035],"geometry":{"type":"Polygon","coordinates":[[[-56.539,1.9],[-56.783,1.864],[-57.336,1.949],[-57.661,1.683],[-58.113,1.507],[-58.429,1.464],[-58.54,1.268],[-59.031,1.318],[-59.646,1.787],[-59.719,2.25],[-59.975,2.755],[-59.815,3.606],[-59.538,3.959],[-59.767,4.424],[-60.111,4.575],[-59.981,5.014],[-60.214,5.244],[-60.734,5.2],[-61.41,5.959],[-61.139,6.234],[-61.159,6.696],[-60.544,6.857],[-60.296,7.044],[-60.638,7.415],[-60.551,7.78],[-59.758,8.367],[-59.102,7.999],[-58.483,7.348],[-58.455,6.833],[-58.078,6.809],[-57.542,6.321],[-57.147,5.973],[-57.307,5.074],[-57.914,4.813],[-57.86,4.577],[-58.045,4.061],[-57.602,3.335],[-57.281,3.333],[-57.15,2.769],[-56.539,1.9]]]}},{"type":"Feature","properties":{"scalerank":1,"featurecla":"Admin-0 country","LABELRANK":5,"SOVEREIGNT":"Honduras","SOV_A3":"HND","ADM0_DIF":0,"LEVEL":2,"TYPE":"Sovereign country","ADMIN":"Honduras","ADM0_A3":"HND","GEOU_DIF":0,"GEOUNIT":"Honduras","GU_A3":"HND","SU_DIF":0,"SUBUNIT":"Honduras","SU_A3":"HND","BRK_DIFF":0,"NAME":"Honduras","NAME_LONG":"Honduras","BRK_A3":"HND","BRK_NAME":"Honduras","BRK_GROUP":null,"ABBREV":"Hond.","POSTAL":"HN","FORMAL_EN":"Republic of Honduras","FORMAL_FR":null,"NAME_CIAWF":"Honduras","NOTE_ADM0":null,"NOTE_BRK":null,"NAME_SORT":"Honduras","NAME_ALT":null,"MAPCOLOR7":2,"MAPCOLOR8":5,"MAPCOLOR9":2,"MAPCOLOR13":5,"POP_EST":9038741,"POP_RANK":13,"GDP_MD_EST":43190,"POP_YEAR":2017,"LASTCENSUS":2001,"GDP_YEAR":2016,"ECONOMY":"6. Developing region","INCOME_GRP":"4. Lower middle income","WIKIPEDIA":-99,"FIPS_10_":"HO","ISO_A2":"HN","ISO_A3":"HND","ISO_A3_EH":"HND","ISO_N3":"340","UN_A3":"340","WB_A2":"HN","WB_A3":"HND","WOE_ID":23424841,"WOE_ID_EH":23424841,"WOE_NOTE":"Exact WOE match as country","ADM0_A3_IS":"HND","ADM0_A3_US":"HND","ADM0_A3_UN":-99,"ADM0_A3_WB":-99,"CONTINENT":"North America","REGION_UN":"Americas","SUBREGION":"Central America","REGION_WB":"Latin America & Caribbean","NAME_LEN":8,"LONG_LEN":8,"ABBREV_LEN":5,"TINY":-99,"HOMEPART":1,"MIN_ZOOM":0,"MIN_LABEL":4.5,"MAX_LABEL":9.5},"bbox":[-89.353326,12.984686,-83.147219,16.005406],"geometry":{"type":"Polygon","coordinates":[[[-89.353,14.424],[-89.146,14.678],[-89.225,14.874],[-89.155,15.066],[-88.681,15.346],[-88.225,15.728],[-88.121,15.689],[-87.902,15.864],[-87.616,15.879],[-87.523,15.797],[-87.368,15.847],[-86.903,15.757],[-86.441,15.783],[-86.119,15.893],[-86.002,16.005],[-85.683,15.954],[-85.444,15.886],[-85.182,15.909],[-84.984,15.996],[-84.527,15.857],[-84.368,15.835],[-84.063,15.648],[-83.774,15.424],[-83.41,15.271],[-83.147,14.996],[-83.49,15.016],[-83.629,14.88],[-83.976,14.749],[-84.228,14.749],[-84.449,14.622],[-84.65,14.667],[-84.82,14.82],[-84.925,14.79],[-85.053,14.552],[-85.149,14.56],[-85.165,14.354],[-85.514,14.079],[-85.699,13.96],[-85.801,13.836],[-86.096,14.038],[-86.312,13.771],[-86.521,13.778],[-86.755,13.755],[-86.734,13.263],[-86.881,13.254],[-87.006,13.026],[-87.317,12.985],[-87.489,13.298],[-87.793,13.384],[-87.724,13.785],[-87.86,13.893],[-88.065,13.965],[-88.504,13.845],[-88.541,13.98],[-88.843,14.141],[-89.059,14.34],[-89.353,14.424]]]}},{"type":"Feature","properties":{"scalerank":1,"featurecla":"Admin-0 country","LABELRANK":6,"SOVEREIGNT":"Croatia","SOV_A3":"HRV","ADM0_DIF":0,"LEVEL":2,"TYPE":"Sovereign country","ADMIN":"Croatia","ADM0_A3":"HRV","GEOU_DIF":0,"GEOUNIT":"Croatia","GU_A3":"HRV","SU_DIF":0,"SUBUNIT":"Croatia","SU_A3":"HRV","BRK_DIFF":0,"NAME":"Croatia","NAME_LONG":"Croatia","BRK_A3":"HRV","BRK_NAME":"Croatia","BRK_GROUP":null,"ABBREV":"Cro.","POSTAL":"HR","FORMAL_EN":"Republic of Croatia","FORMAL_FR":null,"NAME_CIAWF":"Croatia","NOTE_ADM0":null,"NOTE_BRK":null,"NAME_SORT":"Croatia","NAME_ALT":null,"MAPCOLOR7":5,"MAPCOLOR8":4,"MAPCOLOR9":5,"MAPCOLOR13":1,"POP_EST":4292095,"POP_RANK":12,"GDP_MD_EST":94240,"POP_YEAR":2017,"LASTCENSUS":2011,"GDP_YEAR":2016,"ECONOMY":"2. Developed region: nonG7","INCOME_GRP":"2. High income: nonOECD","WIKIPEDIA":-99,"FIPS_10_":"HR","ISO_A2":"HR","ISO_A3":"HRV","ISO_A3_EH":"HRV","ISO_N3":"191","UN_A3":"191","WB_A2":"HR","WB_A3":"HRV","WOE_ID":23424843,"WOE_ID_EH":23424843,"WOE_NOTE":"Exact WOE match as country","ADM0_A3_IS":"HRV","ADM0_A3_US":"HRV","ADM0_A3_UN":-99,"ADM0_A3_WB":-99,"CONTINENT":"Europe","REGION_UN":"Europe","SUBREGION":"Southern Europe","REGION_WB":"Europe & Central Asia","NAME_LEN":7,"LONG_LEN":7,"ABBREV_LEN":4,"TINY":-99,"HOMEPART":1,"MIN_ZOOM":0,"MIN_LABEL":4,"MAX_LABEL":9},"bbox":[13.656976,42.479991,19.390476,46.503751],"geometry":{"type":"Polygon","coordinates":[[[19.005,44.86],[18.553,45.082],[17.862,45.068],[17.002,45.234],[16.535,45.212],[16.318,45.004],[15.959,45.234],[15.75,44.819],[16.24,44.351],[16.456,44.041],[16.916,43.668],[17.297,43.446],[17.675,43.029],[18.56,42.65],[18.45,42.48],[18.45,42.48],[17.51,42.85],[16.93,43.21],[16.015,43.507],[15.174,44.243],[15.376,44.318],[14.92,44.738],[14.902,45.076],[14.259,45.234],[13.952,44.802],[13.657,45.137],[13.679,45.484],[13.715,45.5],[14.412,45.466],[14.595,45.635],[14.935,45.472],[15.328,45.452],[15.324,45.732],[15.672,45.834],[15.769,46.238],[16.565,46.504],[16.883,46.381],[17.63,45.952],[18.456,45.759],[18.83,45.909],[19.073,45.522],[19.39,45.237],[19.005,44.86]]]}},{"type":"Feature","properties":{"scalerank":1,"featurecla":"Admin-0 country","LABELRANK":5,"SOVEREIGNT":"Haiti","SOV_A3":"HTI","ADM0_DIF":0,"LEVEL":2,"TYPE":"Sovereign country","ADMIN":"Haiti","ADM0_A3":"HTI","GEOU_DIF":0,"GEOUNIT":"Haiti","GU_A3":"HTI","SU_DIF":0,"SUBUNIT":"Haiti","SU_A3":"HTI","BRK_DIFF":0,"NAME":"Haiti","NAME_LONG":"Haiti","BRK_A3":"HTI","BRK_NAME":"Haiti","BRK_GROUP":null,"ABBREV":"Haiti","POSTAL":"HT","FORMAL_EN":"Republic of Haiti","FORMAL_FR":null,"NAME_CIAWF":"Haiti","NOTE_ADM0":null,"NOTE_BRK":null,"NAME_SORT":"Haiti","NAME_ALT":null,"MAPCOLOR7":2,"MAPCOLOR8":1,"MAPCOLOR9":7,"MAPCOLOR13":2,"POP_EST":10646714,"POP_RANK":14,"GDP_MD_EST":19340,"POP_YEAR":2017,"LASTCENSUS":2003,"GDP_YEAR":2016,"ECONOMY":"7. Least developed region","INCOME_GRP":"5. Low income","WIKIPEDIA":-99,"FIPS_10_":"HA","ISO_A2":"HT","ISO_A3":"HTI","ISO_A3_EH":"HTI","ISO_N3":"332","UN_A3":"332","WB_A2":"HT","WB_A3":"HTI","WOE_ID":23424839,"WOE_ID_EH":23424839,"WOE_NOTE":"Exact WOE match as country","ADM0_A3_IS":"HTI","ADM0_A3_US":"HTI","ADM0_A3_UN":-99,"ADM0_A3_WB":-99,"CONTINENT":"North America","REGION_UN":"Americas","SUBREGION":"Caribbean","REGION_WB":"Latin America & Caribbean","NAME_LEN":5,"LONG_LEN":5,"ABBREV_LEN":5,"TINY":-99,"HOMEPART":1,"MIN_ZOOM":0,"MIN_LABEL":4,"MAX_LABEL":9},"bbox":[-74.458034,18.030993,-71.624873,19.915684],"geometry":{"type":"Polygon","coordinates":[[[-71.712,19.714],[-71.625,19.17],[-71.701,18.785],[-71.945,18.617],[-71.688,18.317],[-71.708,18.045],[-72.372,18.215],[-72.844,18.146],[-73.455,18.218],[-73.922,18.031],[-74.458,18.343],[-74.37,18.665],[-73.45,18.526],[-72.695,18.446],[-72.335,18.668],[-72.792,19.102],[-72.784,19.484],[-73.415,19.64],[-73.19,19.916],[-72.58,19.872],[-71.712,19.714]]]}},{"type":"Feature","properties":{"scalerank":1,"featurecla":"Admin-0 country","LABELRANK":5,"SOVEREIGNT":"Hungary","SOV_A3":"HUN","ADM0_DIF":0,"LEVEL":2,"TYPE":"Sovereign country","ADMIN":"Hungary","ADM0_A3":"HUN","GEOU_DIF":0,"GEOUNIT":"Hungary","GU_A3":"HUN","SU_DIF":0,"SUBUNIT":"Hungary","SU_A3":"HUN","BRK_DIFF":0,"NAME":"Hungary","NAME_LONG":"Hungary","BRK_A3":"HUN","BRK_NAME":"Hungary","BRK_GROUP":null,"ABBREV":"Hun.","POSTAL":"HU","FORMAL_EN":"Republic of Hungary","FORMAL_FR":null,"NAME_CIAWF":"Hungary","NOTE_ADM0":null,"NOTE_BRK":null,"NAME_SORT":"Hungary","NAME_ALT":null,"MAPCOLOR7":4,"MAPCOLOR8":6,"MAPCOLOR9":1,"MAPCOLOR13":5,"POP_EST":9850845,"POP_RANK":13,"GDP_MD_EST":267600,"POP_YEAR":2017,"LASTCENSUS":2001,"GDP_YEAR":2016,"ECONOMY":"2. Developed region: nonG7","INCOME_GRP":"1. High income: OECD","WIKIPEDIA":-99,"FIPS_10_":"HU","ISO_A2":"HU","ISO_A3":"HUN","ISO_A3_EH":"HUN","ISO_N3":"348","UN_A3":"348","WB_A2":"HU","WB_A3":"HUN","WOE_ID":23424844,"WOE_ID_EH":23424844,"WOE_NOTE":"Exact WOE match as country","ADM0_A3_IS":"HUN","ADM0_A3_US":"HUN","ADM0_A3_UN":-99,"ADM0_A3_WB":-99,"CONTINENT":"Europe","REGION_UN":"Europe","SUBREGION":"Eastern Europe","REGION_WB":"Europe & Central Asia","NAME_LEN":7,"LONG_LEN":7,"ABBREV_LEN":4,"TINY":-99,"HOMEPART":1,"MIN_ZOOM":0,"MIN_LABEL":4,"MAX_LABEL":9},"bbox":[16.202298,45.759481,22.710531,48.623854],"geometry":{"type":"Polygon","coordinates":[[[16.202,46.852],[16.534,47.496],[16.341,47.713],[16.904,47.715],[16.98,48.123],[17.488,47.867],[17.857,47.758],[18.697,47.881],[18.777,48.082],[19.174,48.111],[19.661,48.267],[19.769,48.203],[20.239,48.328],[20.474,48.563],[20.801,48.624],[21.872,48.32],[22.086,48.422],[22.641,48.15],[22.711,47.882],[22.1,47.672],[21.627,46.994],[21.022,46.316],[20.22,46.127],[19.596,46.172],[18.83,45.909],[18.83,45.909],[18.456,45.759],[17.63,45.952],[16.883,46.381],[16.565,46.504],[16.371,46.841],[16.202,46.852]]]}},{"type":"Feature","properties":{"scalerank":1,"featurecla":"Admin-0 country","LABELRANK":2,"SOVEREIGNT":"Indonesia","SOV_A3":"IDN","ADM0_DIF":0,"LEVEL":2,"TYPE":"Sovereign country","ADMIN":"Indonesia","ADM0_A3":"IDN","GEOU_DIF":0,"GEOUNIT":"Indonesia","GU_A3":"IDN","SU_DIF":0,"SUBUNIT":"Indonesia","SU_A3":"IDN","BRK_DIFF":0,"NAME":"Indonesia","NAME_LONG":"Indonesia","BRK_A3":"IDN","BRK_NAME":"Indonesia","BRK_GROUP":null,"ABBREV":"Indo.","POSTAL":"INDO","FORMAL_EN":"Republic of Indonesia","FORMAL_FR":null,"NAME_CIAWF":"Indonesia","NOTE_ADM0":null,"NOTE_BRK":null,"NAME_SORT":"Indonesia","NAME_ALT":null,"MAPCOLOR7":6,"MAPCOLOR8":6,"MAPCOLOR9":6,"MAPCOLOR13":11,"POP_EST":260580739,"POP_RANK":17,"GDP_MD_EST":3028000,"POP_YEAR":2017,"LASTCENSUS":2010,"GDP_YEAR":2016,"ECONOMY":"4. Emerging region: MIKT","INCOME_GRP":"4. Lower middle income","WIKIPEDIA":-99,"FIPS_10_":"ID","ISO_A2":"ID","ISO_A3":"IDN","ISO_A3_EH":"IDN","ISO_N3":"360","UN_A3":"360","WB_A2":"ID","WB_A3":"IDN","WOE_ID":23424846,"WOE_ID_EH":23424846,"WOE_NOTE":"Exact WOE match as country","ADM0_A3_IS":"IDN","ADM0_A3_US":"IDN","ADM0_A3_UN":-99,"ADM0_A3_WB":-99,"CONTINENT":"Asia","REGION_UN":"Asia","SUBREGION":"South-Eastern Asia","REGION_WB":"East Asia & Pacific","NAME_LEN":9,"LONG_LEN":9,"ABBREV_LEN":5,"TINY":-99,"HOMEPART":1,"MIN_ZOOM":0,"MIN_LABEL":1.7,"MAX_LABEL":6.7},"bbox":[95.293026,-10.359987,141.033852,5.479821],"geometry":{"type":"MultiPolygon","coordinates":[[[[120.716,-10.24],[120.295,-10.259],[118.968,-9.558],[119.9,-9.361],[120.426,-9.666],[120.776,-9.97],[120.716,-10.24]]],[[[124.969,-8.893],[125.07,-9.09],[125.089,-9.393],[124.436,-10.14],[123.58,-10.36],[123.46,-10.24],[123.55,-9.9],[123.98,-9.29],[124.969,-8.893]]],[[[117.9,-8.096],[118.261,-8.362],[118.878,-8.281],[119.127,-8.706],[117.97,-8.907],[117.278,-9.041],[116.74,-9.033],[117.084,-8.457],[117.632,-8.449],[117.9,-8.096]]],[[[122.904,-8.094],[122.757,-8.65],[121.254,-8.934],[119.924,-8.81],[119.921,-8.445],[120.715,-8.237],[121.342,-8.537],[122.007,-8.461],[122.904,-8.094]]],[[[108.623,-6.778],[110.539,-6.877],[110.76,-6.465],[112.615,-6.946],[112.979,-7.594],[114.479,-7.777],[115.706,-8.371],[114.565,-8.752],[113.465,-8.349],[112.56,-8.376],[111.522,-8.302],[110.586,-8.123],[109.428,-7.741],[108.694,-7.642],[108.278,-7.767],[106.454,-7.355],[106.281,-6.925],[105.365,-6.851],[106.052,-5.896],[107.265,-5.955],[108.072,-6.346],[108.487,-6.422],[108.623,-6.778]]],[[[134.725,-6.214],[134.21,-6.895],[134.113,-6.142],[134.29,-5.783],[134.5,-5.445],[134.727,-5.738],[134.725,-6.214]]],[[[127.249,-3.459],[126.875,-3.791],[126.184,-3.607],[125.989,-3.177],[127.001,-3.129],[127.249,-3.459]]],[[[130.471,-3.094],[130.835,-3.858],[129.991,-3.446],[129.155,-3.363],[128.591,-3.429],[127.899,-3.393],[128.136,-2.844],[129.371,-2.802],[130.471,-3.094]]],[[[141,-2.6],[141.017,-5.859],[141.034,-9.118],[140.143,-8.297],[139.128,-8.096],[138.881,-8.381],[137.614,-8.412],[138.039,-7.598],[138.669,-7.32],[138.408,-6.233],[137.928,-5.393],[135.989,-4.547],[135.165,-4.463],[133.663,-3.539],[133.368,-4.025],[132.984,-4.113],[132.757,-3.746],[132.754,-3.312],[131.99,-2.821],[133.067,-2.46],[133.78,-2.48],[133.696,-2.215],[132.232,-2.213],[131.836,-1.617],[130.943,-1.433],[130.52,-0.938],[131.868,-0.695],[132.38,-0.37],[133.986,-0.78],[134.143,-1.152],[134.423,-2.769],[135.458,-3.368],[136.293,-2.307],[137.441,-1.704],[138.33,-1.703],[139.185,-2.051],[139.927,-2.409],[141,-2.6]]],[[[125.241,1.42],[124.437,0.428],[123.686,0.236],[122.723,0.431],[121.057,0.381],[120.183,0.237],[120.041,-0.52],[120.936,-1.409],[121.476,-0.956],[123.341,-0.616],[123.258,-1.076],[122.823,-0.931],[122.389,-1.517],[121.508,-1.904],[122.455,-3.186],[122.272,-3.529],[123.171,-4.684],[123.162,-5.341],[122.629,-5.635],[122.236,-5.283],[122.72,-4.464],[121.738,-4.851],[121.489,-4.575],[121.619,-4.188],[120.898,-3.602],[120.972,-2.628],[120.305,-2.932],[120.39,-4.098],[120.431,-5.528],[119.797,-5.673],[119.367,-5.38],[119.654,-4.459],[119.499,-3.494],[119.078,-3.487],[118.768,-2.802],[119.181,-2.147],[119.323,-1.353],[119.826,0.154],[120.036,0.566],[120.886,1.309],[121.667,1.014],[122.928,0.875],[124.078,0.917],[125.066,1.643],[125.241,1.42]]],[[[128.688,1.132],[128.636,0.258],[128.12,0.356],[127.968,-0.252],[128.38,-0.78],[128.1,-0.9],[127.696,-0.267],[127.399,1.012],[127.601,1.811],[127.932,2.175],[128.004,1.629],[128.595,1.541],[128.688,1.132]]],[[[109.663,2.006],[109.83,1.338],[110.514,0.773],[111.159,0.976],[111.798,0.904],[112.38,1.41],[112.86,1.498],[113.806,1.218],[114.621,1.431],[115.134,2.821],[115.519,3.169],[115.866,4.307],[117.015,4.306],[117.882,4.138],[117.313,3.234],[118.048,2.288],[117.876,1.828],[118.997,0.902],[117.812,0.784],[117.478,0.102],[117.522,-0.804],[116.56,-1.488],[116.534,-2.484],[116.148,-4.013],[116.001,-3.657],[114.865,-4.107],[114.469,-3.496],[113.756,-3.439],[113.257,-3.119],[112.068,-3.478],[111.703,-2.994],[111.048,-3.049],[110.224,-2.934],[110.071,-1.593],[109.572,-1.315],[109.092,-0.46],[108.953,0.415],[109.069,1.342],[109.663,2.006]]],[[[105.818,-5.852],[104.71,-5.873],[103.868,-5.037],[102.584,-4.22],[102.156,-3.614],[101.399,-2.8],[100.903,-2.05],[100.142,-0.65],[99.264,0.183],[98.97,1.043],[98.601,1.824],[97.7,2.453],[97.177,3.309],[96.424,3.869],[95.381,4.971],[95.293,5.48],[95.937,5.44],[97.485,5.246],[98.369,4.268],[99.143,3.59],[99.694,3.174],[100.641,2.099],[101.658,2.084],[102.498,1.399],[103.077,0.561],[103.838,0.105],[103.438,-0.712],[104.011,-1.059],[104.37,-1.085],[104.539,-1.782],[104.888,-2.34],[105.622,-2.429],[106.109,-3.062],[105.857,-4.306],[105.818,-5.852]]]]}},{"type":"Feature","properties":{"scalerank":1,"featurecla":"Admin-0 country","LABELRANK":2,"SOVEREIGNT":"India","SOV_A3":"IND","ADM0_DIF":0,"LEVEL":2,"TYPE":"Sovereign country","ADMIN":"India","ADM0_A3":"IND","GEOU_DIF":0,"GEOUNIT":"India","GU_A3":"IND","SU_DIF":0,"SUBUNIT":"India","SU_A3":"IND","BRK_DIFF":0,"NAME":"India","NAME_LONG":"India","BRK_A3":"IND","BRK_NAME":"India","BRK_GROUP":null,"ABBREV":"India","POSTAL":"IND","FORMAL_EN":"Republic of India","FORMAL_FR":null,"NAME_CIAWF":"India","NOTE_ADM0":null,"NOTE_BRK":null,"NAME_SORT":"India","NAME_ALT":null,"MAPCOLOR7":1,"MAPCOLOR8":3,"MAPCOLOR9":2,"MAPCOLOR13":2,"POP_EST":1281935911,"POP_RANK":18,"GDP_MD_EST":8721000,"POP_YEAR":2017,"LASTCENSUS":2011,"GDP_YEAR":2016,"ECONOMY":"3. Emerging region: BRIC","INCOME_GRP":"4. Lower middle income","WIKIPEDIA":-99,"FIPS_10_":"IN","ISO_A2":"IN","ISO_A3":"IND","ISO_A3_EH":"IND","ISO_N3":"356","UN_A3":"356","WB_A2":"IN","WB_A3":"IND","WOE_ID":23424848,"WOE_ID_EH":23424848,"WOE_NOTE":"Exact WOE match as country","ADM0_A3_IS":"IND","ADM0_A3_US":"IND","ADM0_A3_UN":-99,"ADM0_A3_WB":-99,"CONTINENT":"Asia","REGION_UN":"Asia","SUBREGION":"Southern Asia","REGION_WB":"South Asia","NAME_LEN":5,"LONG_LEN":5,"ABBREV_LEN":5,"TINY":-99,"HOMEPART":1,"MIN_ZOOM":0,"MIN_LABEL":1.7,"MAX_LABEL":6.7},"bbox":[68.176645,7.965535,97.402561,35.49401],"geometry":{"type":"Polygon","coordinates":[[[92.673,22.041],[92.146,23.627],[91.87,23.624],[91.706,22.985],[91.159,23.504],[91.468,24.073],[91.915,24.13],[92.376,24.977],[91.8,25.147],[90.872,25.133],[89.921,25.27],[89.832,25.965],[89.355,26.014],[88.563,26.447],[88.21,25.768],[88.932,25.239],[88.306,24.866],[88.084,24.502],[88.7,24.234],[88.53,23.631],[88.876,22.879],[89.032,22.056],[88.889,21.691],[88.208,21.703],[86.976,21.496],[87.033,20.743],[86.499,20.152],[85.06,19.479],[83.941,18.302],[83.189,17.671],[82.193,17.017],[82.191,16.557],[81.693,16.31],[80.792,15.952],[80.325,15.899],[80.025,15.136],[80.233,13.836],[80.286,13.006],[79.863,12.056],[79.858,10.357],[79.341,10.309],[78.885,9.546],[79.19,9.217],[78.278,8.933],[77.941,8.253],[77.54,7.966],[76.593,8.899],[76.13,10.3],[75.746,11.308],[75.396,11.781],[74.865,12.742],[74.617,13.993],[74.444,14.617],[73.534,15.991],[73.12,17.929],[72.821,19.208],[72.824,20.42],[72.631,21.356],[71.175,20.757],[70.47,20.877],[69.164,22.089],[69.645,22.451],[69.35,22.843],[68.177,23.692],[68.843,24.359],[71.043,24.357],[70.845,25.215],[70.283,25.722],[70.169,26.492],[69.514,26.941],[70.616,27.989],[71.778,27.913],[72.824,28.962],[73.451,29.976],[74.421,30.98],[74.406,31.693],[75.259,32.271],[74.452,32.765],[74.104,33.441],[73.75,34.318],[74.24,34.749],[75.757,34.505],[76.872,34.654],[77.837,35.494],[78.912,34.322],[78.811,33.506],[79.209,32.994],[79.176,32.484],[78.458,32.618],[78.739,31.516],[79.721,30.883],[81.111,30.183],[80.477,29.73],[80.088,28.794],[81.057,28.416],[82,27.925],[83.304,27.365],[84.675,27.235],[85.252,26.726],[86.024,26.631],[87.227,26.398],[88.06,26.415],[88.175,26.81],[88.043,27.446],[88.12,27.877],[88.73,28.087],[88.814,27.299],[88.836,27.099],[89.745,26.719],[90.373,26.876],[91.218,26.809],[92.033,26.838],[92.104,27.453],[91.697,27.772],[92.503,27.897],[93.413,28.641],[94.566,29.277],[95.405,29.032],[96.118,29.453],[96.587,28.831],[96.249,28.411],[97.327,28.262],[97.403,27.883],[97.052,27.699],[97.134,27.084],[96.419,27.265],[95.125,26.574],[95.155,26.001],[94.603,25.162],[94.553,24.675],[94.107,23.851],[93.325,24.079],[93.286,23.044],[93.06,22.703],[93.166,22.278],[92.673,22.041]]]}},{"type":"Feature","properties":{"scalerank":1,"featurecla":"Admin-0 country","LABELRANK":3,"SOVEREIGNT":"Ireland","SOV_A3":"IRL","ADM0_DIF":0,"LEVEL":2,"TYPE":"Sovereign country","ADMIN":"Ireland","ADM0_A3":"IRL","GEOU_DIF":0,"GEOUNIT":"Ireland","GU_A3":"IRL","SU_DIF":0,"SUBUNIT":"Ireland","SU_A3":"IRL","BRK_DIFF":0,"NAME":"Ireland","NAME_LONG":"Ireland","BRK_A3":"IRL","BRK_NAME":"Ireland","BRK_GROUP":null,"ABBREV":"Ire.","POSTAL":"IRL","FORMAL_EN":"Ireland","FORMAL_FR":null,"NAME_CIAWF":"Ireland","NOTE_ADM0":null,"NOTE_BRK":null,"NAME_SORT":"Ireland","NAME_ALT":null,"MAPCOLOR7":2,"MAPCOLOR8":3,"MAPCOLOR9":2,"MAPCOLOR13":2,"POP_EST":5011102,"POP_RANK":13,"GDP_MD_EST":322000,"POP_YEAR":2017,"LASTCENSUS":2011,"GDP_YEAR":2016,"ECONOMY":"2. Developed region: nonG7","INCOME_GRP":"1. High income: OECD","WIKIPEDIA":-99,"FIPS_10_":"EI","ISO_A2":"IE","ISO_A3":"IRL","ISO_A3_EH":"IRL","ISO_N3":"372","UN_A3":"372","WB_A2":"IE","WB_A3":"IRL","WOE_ID":23424803,"WOE_ID_EH":23424803,"WOE_NOTE":"Exact WOE match as country","ADM0_A3_IS":"IRL","ADM0_A3_US":"IRL","ADM0_A3_UN":-99,"ADM0_A3_WB":-99,"CONTINENT":"Europe","REGION_UN":"Europe","SUBREGION":"Northern Europe","REGION_WB":"Europe & Central Asia","NAME_LEN":7,"LONG_LEN":7,"ABBREV_LEN":4,"TINY":-99,"HOMEPART":1,"MIN_ZOOM":0,"MIN_LABEL":3,"MAX_LABEL":8},"bbox":[-9.977086,51.669301,-6.032985,55.131622],"geometry":{"type":"Polygon","coordinates":[[[-7.572,55.132],[-7.366,54.596],[-7.572,54.06],[-6.954,54.074],[-6.198,53.868],[-6.033,53.153],[-6.789,52.26],[-8.562,51.669],[-9.977,51.82],[-9.166,52.865],[-9.689,53.881],[-8.328,54.665],[-7.572,55.132]]]}},{"type":"Feature","properties":{"scalerank":1,"featurecla":"Admin-0 country","LABELRANK":2,"SOVEREIGNT":"Iran","SOV_A3":"IRN","ADM0_DIF":0,"LEVEL":2,"TYPE":"Sovereign country","ADMIN":"Iran","ADM0_A3":"IRN","GEOU_DIF":0,"GEOUNIT":"Iran","GU_A3":"IRN","SU_DIF":0,"SUBUNIT":"Iran","SU_A3":"IRN","BRK_DIFF":0,"NAME":"Iran","NAME_LONG":"Iran","BRK_A3":"IRN","BRK_NAME":"Iran","BRK_GROUP":null,"ABBREV":"Iran","POSTAL":"IRN","FORMAL_EN":"Islamic Republic of Iran","FORMAL_FR":null,"NAME_CIAWF":"Iran","NOTE_ADM0":null,"NOTE_BRK":null,"NAME_SORT":"Iran, Islamic Rep.","NAME_ALT":null,"MAPCOLOR7":4,"MAPCOLOR8":3,"MAPCOLOR9":4,"MAPCOLOR13":13,"POP_EST":82021564,"POP_RANK":16,"GDP_MD_EST":1459000,"POP_YEAR":2017,"LASTCENSUS":2006,"GDP_YEAR":2016,"ECONOMY":"5. Emerging region: G20","INCOME_GRP":"3. Upper middle income","WIKIPEDIA":-99,"FIPS_10_":"IR","ISO_A2":"IR","ISO_A3":"IRN","ISO_A3_EH":"IRN","ISO_N3":"364","UN_A3":"364","WB_A2":"IR","WB_A3":"IRN","WOE_ID":23424851,"WOE_ID_EH":23424851,"WOE_NOTE":"Exact WOE match as country","ADM0_A3_IS":"IRN","ADM0_A3_US":"IRN","ADM0_A3_UN":-99,"ADM0_A3_WB":-99,"CONTINENT":"Asia","REGION_UN":"Asia","SUBREGION":"Southern Asia","REGION_WB":"Middle East & North Africa","NAME_LEN":4,"LONG_LEN":4,"ABBREV_LEN":4,"TINY":-99,"HOMEPART":1,"MIN_ZOOM":0,"MIN_LABEL":2.5,"MAX_LABEL":6.7},"bbox":[44.109225,25.078237,63.316632,39.713003],"geometry":{"type":"Polygon","coordinates":[[[61.211,35.65],[60.803,34.404],[60.528,33.676],[60.964,33.529],[60.536,32.981],[60.864,32.183],[60.942,31.548],[61.699,31.38],[61.781,30.736],[60.874,29.829],[61.369,29.303],[61.772,28.699],[62.728,28.26],[62.755,27.379],[63.234,27.217],[63.317,26.757],[61.874,26.24],[61.497,25.078],[59.616,25.38],[58.526,25.61],[57.397,25.74],[56.971,26.966],[56.492,27.143],[55.724,26.965],[54.715,26.481],[53.493,26.812],[52.484,27.581],[51.521,27.866],[50.853,28.815],[50.115,30.148],[49.577,29.986],[48.941,30.317],[48.568,29.927],[48.015,30.452],[48.005,30.985],[47.685,30.985],[47.849,31.709],[47.335,32.469],[46.109,33.017],[45.417,33.968],[45.648,34.748],[46.152,35.093],[46.076,35.677],[45.421,35.978],[44.773,37.17],[44.773,37.17],[44.226,37.972],[44.421,38.281],[44.109,39.428],[44.794,39.713],[44.953,39.336],[45.458,38.874],[46.144,38.741],[46.506,38.771],[47.685,39.508],[48.06,39.582],[48.356,39.289],[48.011,38.794],[48.634,38.27],[48.883,38.32],[49.2,37.583],[50.148,37.375],[50.842,36.873],[52.264,36.7],[53.826,36.965],[53.922,37.199],[54.8,37.392],[55.512,37.964],[56.18,37.935],[56.619,38.121],[57.33,38.029],[58.436,37.522],[59.235,37.413],[60.378,36.527],[61.123,36.492],[61.211,35.65]]]}},{"type":"Feature","properties":{"scalerank":1,"featurecla":"Admin-0 country","LABELRANK":3,"SOVEREIGNT":"Iraq","SOV_A3":"IRQ","ADM0_DIF":0,"LEVEL":2,"TYPE":"Sovereign country","ADMIN":"Iraq","ADM0_A3":"IRQ","GEOU_DIF":0,"GEOUNIT":"Iraq","GU_A3":"IRQ","SU_DIF":0,"SUBUNIT":"Iraq","SU_A3":"IRQ","BRK_DIFF":0,"NAME":"Iraq","NAME_LONG":"Iraq","BRK_A3":"IRQ","BRK_NAME":"Iraq","BRK_GROUP":null,"ABBREV":"Iraq","POSTAL":"IRQ","FORMAL_EN":"Republic of Iraq","FORMAL_FR":null,"NAME_CIAWF":"Iraq","NOTE_ADM0":null,"NOTE_BRK":null,"NAME_SORT":"Iraq","NAME_ALT":null,"MAPCOLOR7":1,"MAPCOLOR8":4,"MAPCOLOR9":3,"MAPCOLOR13":1,"POP_EST":39192111,"POP_RANK":15,"GDP_MD_EST":596700,"POP_YEAR":2017,"LASTCENSUS":1997,"GDP_YEAR":2016,"ECONOMY":"6. Developing region","INCOME_GRP":"4. Lower middle income","WIKIPEDIA":-99,"FIPS_10_":"IZ","ISO_A2":"IQ","ISO_A3":"IRQ","ISO_A3_EH":"IRQ","ISO_N3":"368","UN_A3":"368","WB_A2":"IQ","WB_A3":"IRQ","WOE_ID":23424855,"WOE_ID_EH":23424855,"WOE_NOTE":"Exact WOE match as country","ADM0_A3_IS":"IRQ","ADM0_A3_US":"IRQ","ADM0_A3_UN":-99,"ADM0_A3_WB":-99,"CONTINENT":"Asia","REGION_UN":"Asia","SUBREGION":"Western Asia","REGION_WB":"Middle East & North Africa","NAME_LEN":4,"LONG_LEN":4,"ABBREV_LEN":4,"TINY":-99,"HOMEPART":1,"MIN_ZOOM":0,"MIN_LABEL":3,"MAX_LABEL":7.5},"bbox":[38.792341,29.099025,48.567971,37.385264],"geometry":{"type":"Polygon","coordinates":[[[44.773,37.17],[45.421,35.978],[46.076,35.677],[46.152,35.093],[45.648,34.748],[45.417,33.968],[46.109,33.017],[47.335,32.469],[47.849,31.709],[47.685,30.985],[48.005,30.985],[48.015,30.452],[48.568,29.927],[47.975,29.976],[47.303,30.059],[46.569,29.099],[44.709,29.179],[41.89,31.19],[40.4,31.89],[39.195,32.161],[38.792,33.379],[41.006,34.419],[41.384,35.628],[41.29,36.359],[41.837,36.606],[42.35,37.23],[42.779,37.385],[43.942,37.256],[44.293,37.002],[44.773,37.17]]]}},{"type":"Feature","properties":{"scalerank":1,"featurecla":"Admin-0 country","LABELRANK":3,"SOVEREIGNT":"Iceland","SOV_A3":"ISL","ADM0_DIF":0,"LEVEL":2,"TYPE":"Sovereign country","ADMIN":"Iceland","ADM0_A3":"ISL","GEOU_DIF":0,"GEOUNIT":"Iceland","GU_A3":"ISL","SU_DIF":0,"SUBUNIT":"Iceland","SU_A3":"ISL","BRK_DIFF":0,"NAME":"Iceland","NAME_LONG":"Iceland","BRK_A3":"ISL","BRK_NAME":"Iceland","BRK_GROUP":null,"ABBREV":"Iceland","POSTAL":"IS","FORMAL_EN":"Republic of Iceland","FORMAL_FR":null,"NAME_CIAWF":"Iceland","NOTE_ADM0":null,"NOTE_BRK":null,"NAME_SORT":"Iceland","NAME_ALT":null,"MAPCOLOR7":1,"MAPCOLOR8":4,"MAPCOLOR9":4,"MAPCOLOR13":9,"POP_EST":339747,"POP_RANK":10,"GDP_MD_EST":16150,"POP_YEAR":2017,"LASTCENSUS":-99,"GDP_YEAR":2016,"ECONOMY":"2. Developed region: nonG7","INCOME_GRP":"1. High income: OECD","WIKIPEDIA":-99,"FIPS_10_":"IC","ISO_A2":"IS","ISO_A3":"ISL","ISO_A3_EH":"ISL","ISO_N3":"352","UN_A3":"352","WB_A2":"IS","WB_A3":"ISL","WOE_ID":23424845,"WOE_ID_EH":23424845,"WOE_NOTE":"Exact WOE match as country","ADM0_A3_IS":"ISL","ADM0_A3_US":"ISL","ADM0_A3_UN":-99,"ADM0_A3_WB":-99,"CONTINENT":"Europe","REGION_UN":"Europe","SUBREGION":"Northern Europe","REGION_WB":"Europe & Central Asia","NAME_LEN":7,"LONG_LEN":7,"ABBREV_LEN":7,"TINY":-99,"HOMEPART":1,"MIN_ZOOM":0,"MIN_LABEL":2,"MAX_LABEL":7},"bbox":[-24.326184,63.496383,-13.609732,66.526792],"geometry":{"type":"Polygon","coordinates":[[[-14.509,66.456],[-14.74,65.809],[-13.61,65.127],[-14.91,64.364],[-17.794,63.679],[-18.656,63.496],[-19.973,63.644],[-22.763,63.96],[-21.778,64.402],[-23.955,64.891],[-22.184,65.085],[-22.227,65.379],[-24.326,65.611],[-23.651,66.263],[-22.135,66.41],[-20.576,65.732],[-19.057,66.277],[-17.799,65.994],[-16.168,66.527],[-14.509,66.456]]]}},{"type":"Feature","properties":{"scalerank":1,"featurecla":"Admin-0 country","LABELRANK":4,"SOVEREIGNT":"Israel","SOV_A3":"IS1","ADM0_DIF":1,"LEVEL":2,"TYPE":"Country","ADMIN":"Israel","ADM0_A3":"ISR","GEOU_DIF":0,"GEOUNIT":"Israel","GU_A3":"ISR","SU_DIF":0,"SUBUNIT":"Israel","SU_A3":"ISR","BRK_DIFF":0,"NAME":"Israel","NAME_LONG":"Israel","BRK_A3":"ISR","BRK_NAME":"Israel","BRK_GROUP":null,"ABBREV":"Isr.","POSTAL":"IS","FORMAL_EN":"State of Israel","FORMAL_FR":null,"NAME_CIAWF":"Israel","NOTE_ADM0":null,"NOTE_BRK":null,"NAME_SORT":"Israel","NAME_ALT":null,"MAPCOLOR7":3,"MAPCOLOR8":2,"MAPCOLOR9":5,"MAPCOLOR13":9,"POP_EST":8299706,"POP_RANK":13,"GDP_MD_EST":297000,"POP_YEAR":2017,"LASTCENSUS":2009,"GDP_YEAR":2016,"ECONOMY":"2. Developed region: nonG7","INCOME_GRP":"1. High income: OECD","WIKIPEDIA":-99,"FIPS_10_":"-99","ISO_A2":"IL","ISO_A3":"ISR","ISO_A3_EH":"ISR","ISO_N3":"376","UN_A3":"376","WB_A2":"IL","WB_A3":"ISR","WOE_ID":23424852,"WOE_ID_EH":23424852,"WOE_NOTE":"Exact WOE match as country","ADM0_A3_IS":"ISR","ADM0_A3_US":"ISR","ADM0_A3_UN":-99,"ADM0_A3_WB":-99,"CONTINENT":"Asia","REGION_UN":"Asia","SUBREGION":"Western Asia","REGION_WB":"Middle East & North Africa","NAME_LEN":6,"LONG_LEN":6,"ABBREV_LEN":4,"TINY":-99,"HOMEPART":1,"MIN_ZOOM":0,"MIN_LABEL":3,"MAX_LABEL":8},"bbox":[34.265433,29.501326,35.836397,33.277426],"geometry":{"type":"Polygon","coordinates":[[[34.823,29.761],[34.265,31.219],[34.265,31.219],[34.265,31.219],[34.556,31.549],[34.488,31.606],[34.753,32.073],[34.955,32.827],[35.098,33.081],[35.126,33.091],[35.461,33.089],[35.553,33.264],[35.821,33.277],[35.836,32.868],[35.701,32.716],[35.72,32.709],[35.546,32.394],[35.184,32.533],[34.975,31.867],[35.226,31.754],[34.971,31.617],[34.927,31.353],[35.398,31.489],[35.421,31.1],[34.923,29.501],[34.823,29.761]]]}},{"type":"Feature","properties":{"scalerank":1,"featurecla":"Admin-0 country","LABELRANK":2,"SOVEREIGNT":"Italy","SOV_A3":"ITA","ADM0_DIF":0,"LEVEL":2,"TYPE":"Sovereign country","ADMIN":"Italy","ADM0_A3":"ITA","GEOU_DIF":0,"GEOUNIT":"Italy","GU_A3":"ITA","SU_DIF":0,"SUBUNIT":"Italy","SU_A3":"ITA","BRK_DIFF":0,"NAME":"Italy","NAME_LONG":"Italy","BRK_A3":"ITA","BRK_NAME":"Italy","BRK_GROUP":null,"ABBREV":"Italy","POSTAL":"I","FORMAL_EN":"Italian Republic","FORMAL_FR":null,"NAME_CIAWF":"Italy","NOTE_ADM0":null,"NOTE_BRK":null,"NAME_SORT":"Italy","NAME_ALT":null,"MAPCOLOR7":6,"MAPCOLOR8":7,"MAPCOLOR9":8,"MAPCOLOR13":7,"POP_EST":62137802,"POP_RANK":16,"GDP_MD_EST":2221000,"POP_YEAR":2017,"LASTCENSUS":2012,"GDP_YEAR":2016,"ECONOMY":"1. Developed region: G7","INCOME_GRP":"1. High income: OECD","WIKIPEDIA":-99,"FIPS_10_":"IT","ISO_A2":"IT","ISO_A3":"ITA","ISO_A3_EH":"ITA","ISO_N3":"380","UN_A3":"380","WB_A2":"IT","WB_A3":"ITA","WOE_ID":23424853,"WOE_ID_EH":23424853,"WOE_NOTE":"Exact WOE match as country","ADM0_A3_IS":"ITA","ADM0_A3_US":"ITA","ADM0_A3_UN":-99,"ADM0_A3_WB":-99,"CONTINENT":"Europe","REGION_UN":"Europe","SUBREGION":"Southern Europe","REGION_WB":"Europe & Central Asia","NAME_LEN":5,"LONG_LEN":5,"ABBREV_LEN":5,"TINY":-99,"HOMEPART":1,"MIN_ZOOM":0,"MIN_LABEL":2,"MAX_LABEL":7},"bbox":[6.749955,36.619987,18.480247,47.115393],"geometry":{"type":"MultiPolygon","coordinates":[[[[10.443,46.894],[11.049,46.751],[11.165,46.942],[12.153,47.115],[12.376,46.768],[13.806,46.509],[13.698,46.017],[13.938,45.591],[13.142,45.737],[12.329,45.382],[12.384,44.885],[12.261,44.6],[12.589,44.091],[13.527,43.588],[14.03,42.761],[15.143,41.955],[15.926,41.961],[16.17,41.74],[15.889,41.541],[16.785,41.18],[17.519,40.877],[18.377,40.356],[18.48,40.169],[18.293,39.811],[17.738,40.278],[16.87,40.442],[16.449,39.795],[17.171,39.425],[17.053,38.903],[16.635,38.844],[16.101,37.986],[15.684,37.909],[15.688,38.215],[15.892,38.751],[16.109,38.965],[15.719,39.544],[15.414,40.048],[14.998,40.173],[14.703,40.605],[14.061,40.786],[13.628,41.188],[12.888,41.253],[12.107,41.705],[11.192,42.355],[10.512,42.931],[10.2,43.92],[9.702,44.036],[8.889,44.366],[8.429,44.231],[7.851,43.767],[7.435,43.694],[7.55,44.128],[7.008,44.255],[6.75,45.029],[7.097,45.333],[6.802,45.709],[6.844,45.991],[7.274,45.777],[7.756,45.824],[8.317,46.164],[8.49,46.005],[8.966,46.037],[9.183,46.44],[9.923,46.315],[10.363,46.484],[10.443,46.894]]],[[[15.52,38.231],[15.16,37.444],[15.31,37.134],[15.1,36.62],[14.335,36.997],[13.827,37.105],[12.431,37.613],[12.571,38.126],[13.741,38.035],[14.761,38.144],[15.52,38.231]]],[[[9.21,41.21],[9.81,40.5],[9.67,39.177],[9.215,39.24],[8.807,38.907],[8.428,39.172],[8.388,40.378],[8.16,40.95],[8.71,40.9],[9.21,41.21]]]]}},{"type":"Feature","properties":{"scalerank":1,"featurecla":"Admin-0 country","LABELRANK":4,"SOVEREIGNT":"Jamaica","SOV_A3":"JAM","ADM0_DIF":0,"LEVEL":2,"TYPE":"Sovereign country","ADMIN":"Jamaica","ADM0_A3":"JAM","GEOU_DIF":0,"GEOUNIT":"Jamaica","GU_A3":"JAM","SU_DIF":0,"SUBUNIT":"Jamaica","SU_A3":"JAM","BRK_DIFF":0,"NAME":"Jamaica","NAME_LONG":"Jamaica","BRK_A3":"JAM","BRK_NAME":"Jamaica","BRK_GROUP":null,"ABBREV":"Jam.","POSTAL":"J","FORMAL_EN":"Jamaica","FORMAL_FR":null,"NAME_CIAWF":"Jamaica","NOTE_ADM0":null,"NOTE_BRK":null,"NAME_SORT":"Jamaica","NAME_ALT":null,"MAPCOLOR7":1,"MAPCOLOR8":2,"MAPCOLOR9":4,"MAPCOLOR13":10,"POP_EST":2990561,"POP_RANK":12,"GDP_MD_EST":25390,"POP_YEAR":2017,"LASTCENSUS":2011,"GDP_YEAR":2016,"ECONOMY":"6. Developing region","INCOME_GRP":"3. Upper middle income","WIKIPEDIA":-99,"FIPS_10_":"JM","ISO_A2":"JM","ISO_A3":"JAM","ISO_A3_EH":"JAM","ISO_N3":"388","UN_A3":"388","WB_A2":"JM","WB_A3":"JAM","WOE_ID":23424858,"WOE_ID_EH":23424858,"WOE_NOTE":"Exact WOE match as country","ADM0_A3_IS":"JAM","ADM0_A3_US":"JAM","ADM0_A3_UN":-99,"ADM0_A3_WB":-99,"CONTINENT":"North America","REGION_UN":"Americas","SUBREGION":"Caribbean","REGION_WB":"Latin America & Caribbean","NAME_LEN":7,"LONG_LEN":7,"ABBREV_LEN":4,"TINY":-99,"HOMEPART":1,"MIN_ZOOM":0,"MIN_LABEL":4,"MAX_LABEL":9},"bbox":[-78.337719,17.701116,-76.199659,18.524218],"geometry":{"type":"Polygon","coordinates":[[[-77.57,18.491],[-76.897,18.401],[-76.365,18.161],[-76.2,17.887],[-76.903,17.868],[-77.206,17.701],[-77.766,17.862],[-78.338,18.226],[-78.218,18.455],[-77.797,18.524],[-77.57,18.491]]]}},{"type":"Feature","properties":{"scalerank":1,"featurecla":"Admin-0 country","LABELRANK":4,"SOVEREIGNT":"Jordan","SOV_A3":"JOR","ADM0_DIF":0,"LEVEL":2,"TYPE":"Sovereign country","ADMIN":"Jordan","ADM0_A3":"JOR","GEOU_DIF":0,"GEOUNIT":"Jordan","GU_A3":"JOR","SU_DIF":0,"SUBUNIT":"Jordan","SU_A3":"JOR","BRK_DIFF":0,"NAME":"Jordan","NAME_LONG":"Jordan","BRK_A3":"JOR","BRK_NAME":"Jordan","BRK_GROUP":null,"ABBREV":"Jord.","POSTAL":"J","FORMAL_EN":"Hashemite Kingdom of Jordan","FORMAL_FR":null,"NAME_CIAWF":"Jordan","NOTE_ADM0":null,"NOTE_BRK":null,"NAME_SORT":"Jordan","NAME_ALT":null,"MAPCOLOR7":5,"MAPCOLOR8":3,"MAPCOLOR9":4,"MAPCOLOR13":4,"POP_EST":10248069,"POP_RANK":14,"GDP_MD_EST":86190,"POP_YEAR":2017,"LASTCENSUS":2004,"GDP_YEAR":2016,"ECONOMY":"6. Developing region","INCOME_GRP":"3. Upper middle income","WIKIPEDIA":-99,"FIPS_10_":"JO","ISO_A2":"JO","ISO_A3":"JOR","ISO_A3_EH":"JOR","ISO_N3":"400","UN_A3":"400","WB_A2":"JO","WB_A3":"JOR","WOE_ID":23424860,"WOE_ID_EH":23424860,"WOE_NOTE":"Exact WOE match as country","ADM0_A3_IS":"JOR","ADM0_A3_US":"JOR","ADM0_A3_UN":-99,"ADM0_A3_WB":-99,"CONTINENT":"Asia","REGION_UN":"Asia","SUBREGION":"Western Asia","REGION_WB":"Middle East & North Africa","NAME_LEN":6,"LONG_LEN":6,"ABBREV_LEN":5,"TINY":-99,"HOMEPART":1,"MIN_ZOOM":0,"MIN_LABEL":4,"MAX_LABEL":9},"bbox":[34.922603,29.197495,39.195468,33.378686],"geometry":{"type":"Polygon","coordinates":[[[38.792,33.379],[39.195,32.161],[39.005,32.01],[37.002,31.508],[37.999,30.509],[37.668,30.339],[37.504,30.004],[36.741,29.865],[36.501,29.505],[36.069,29.197],[34.956,29.357],[34.923,29.501],[35.421,31.1],[35.398,31.489],[35.545,31.783],[35.546,32.394],[35.72,32.709],[36.834,32.313],[38.792,33.379]]]}},{"type":"Feature","properties":{"scalerank":1,"featurecla":"Admin-0 country","LABELRANK":2,"SOVEREIGNT":"Japan","SOV_A3":"JPN","ADM0_DIF":0,"LEVEL":2,"TYPE":"Sovereign country","ADMIN":"Japan","ADM0_A3":"JPN","GEOU_DIF":0,"GEOUNIT":"Japan","GU_A3":"JPN","SU_DIF":0,"SUBUNIT":"Japan","SU_A3":"JPN","BRK_DIFF":0,"NAME":"Japan","NAME_LONG":"Japan","BRK_A3":"JPN","BRK_NAME":"Japan","BRK_GROUP":null,"ABBREV":"Japan","POSTAL":"J","FORMAL_EN":"Japan","FORMAL_FR":null,"NAME_CIAWF":"Japan","NOTE_ADM0":null,"NOTE_BRK":null,"NAME_SORT":"Japan","NAME_ALT":null,"MAPCOLOR7":5,"MAPCOLOR8":3,"MAPCOLOR9":5,"MAPCOLOR13":4,"POP_EST":126451398,"POP_RANK":17,"GDP_MD_EST":4932000,"POP_YEAR":2017,"LASTCENSUS":2010,"GDP_YEAR":2016,"ECONOMY":"1. Developed region: G7","INCOME_GRP":"1. High income: OECD","WIKIPEDIA":-99,"FIPS_10_":"JA","ISO_A2":"JP","ISO_A3":"JPN","ISO_A3_EH":"JPN","ISO_N3":"392","UN_A3":"392","WB_A2":"JP","WB_A3":"JPN","WOE_ID":23424856,"WOE_ID_EH":23424856,"WOE_NOTE":"Exact WOE match as country","ADM0_A3_IS":"JPN","ADM0_A3_US":"JPN","ADM0_A3_UN":-99,"ADM0_A3_WB":-99,"CONTINENT":"Asia","REGION_UN":"Asia","SUBREGION":"Eastern Asia","REGION_WB":"East Asia & Pacific","NAME_LEN":5,"LONG_LEN":5,"ABBREV_LEN":5,"TINY":-99,"HOMEPART":1,"MIN_ZOOM":0,"MIN_LABEL":1.7,"MAX_LABEL":7},"bbox":[129.408463,31.029579,145.543137,45.551483],"geometry":{"type":"MultiPolygon","coordinates":[[[[134.638,34.149],[134.766,33.806],[134.203,33.201],[133.793,33.522],[133.28,33.29],[133.015,32.705],[132.363,32.989],[132.371,33.464],[132.924,34.06],[133.493,33.945],[133.904,34.365],[134.638,34.149]]],[[[140.976,37.142],[140.6,36.344],[140.774,35.843],[140.253,35.138],[138.976,34.668],[137.218,34.606],[135.793,33.465],[135.121,33.849],[135.079,34.597],[133.34,34.376],[132.157,33.905],[130.986,33.886],[132,33.15],[131.333,31.45],[130.686,31.03],[130.202,31.418],[130.448,32.319],[129.815,32.61],[129.408,33.296],[130.354,33.604],[130.878,34.233],[131.884,34.75],[132.618,35.433],[134.608,35.732],[135.678,35.527],[136.724,37.305],[137.391,36.827],[138.858,37.827],[139.426,38.216],[140.055,39.439],[139.883,40.563],[140.306,41.195],[141.369,41.379],[141.914,39.992],[141.885,39.181],[140.959,38.174],[140.976,37.142]]],[[[143.91,44.174],[144.613,43.961],[145.321,44.385],[145.543,43.262],[144.06,42.988],[143.184,41.995],[141.611,42.679],[141.067,41.585],[139.955,41.57],[139.818,42.564],[140.312,43.333],[141.381,43.389],[141.672,44.772],[141.968,45.551],[143.143,44.51],[143.91,44.174]]]]}},{"type":"Feature","properties":{"scalerank":1,"featurecla":"Admin-0 country","LABELRANK":3,"SOVEREIGNT":"Kazakhstan","SOV_A3":"KAZ","ADM0_DIF":0,"LEVEL":2,"TYPE":"Sovereign country","ADMIN":"Kazakhstan","ADM0_A3":"KAZ","GEOU_DIF":0,"GEOUNIT":"Kazakhstan","GU_A3":"KAZ","SU_DIF":0,"SUBUNIT":"Kazakhstan","SU_A3":"KAZ","BRK_DIFF":0,"NAME":"Kazakhstan","NAME_LONG":"Kazakhstan","BRK_A3":"KAZ","BRK_NAME":"Kazakhstan","BRK_GROUP":null,"ABBREV":"Kaz.","POSTAL":"KZ","FORMAL_EN":"Republic of Kazakhstan","FORMAL_FR":null,"NAME_CIAWF":"Kazakhstan","NOTE_ADM0":null,"NOTE_BRK":null,"NAME_SORT":"Kazakhstan","NAME_ALT":null,"MAPCOLOR7":6,"MAPCOLOR8":1,"MAPCOLOR9":6,"MAPCOLOR13":1,"POP_EST":18556698,"POP_RANK":14,"GDP_MD_EST":460700,"POP_YEAR":2017,"LASTCENSUS":2009,"GDP_YEAR":2016,"ECONOMY":"6. Developing region","INCOME_GRP":"3. Upper middle income","WIKIPEDIA":-99,"FIPS_10_":"KZ","ISO_A2":"KZ","ISO_A3":"KAZ","ISO_A3_EH":"KAZ","ISO_N3":"398","UN_A3":"398","WB_A2":"KZ","WB_A3":"KAZ","WOE_ID":-90,"WOE_ID_EH":23424871,"WOE_NOTE":"Includes Baykonur Cosmodrome as an admin-1","ADM0_A3_IS":"KAZ","ADM0_A3_US":"KAZ","ADM0_A3_UN":-99,"ADM0_A3_WB":-99,"CONTINENT":"Asia","REGION_UN":"Asia","SUBREGION":"Central Asia","REGION_WB":"Europe & Central Asia","NAME_LEN":10,"LONG_LEN":10,"ABBREV_LEN":4,"TINY":-99,"HOMEPART":1,"MIN_ZOOM":0,"MIN_LABEL":3,"MAX_LABEL":7},"bbox":[46.466446,40.662325,87.35997,55.38525],"geometry":{"type":"Polygon","coordinates":[[[87.36,49.215],[86.599,48.549],[85.768,48.456],[85.72,47.453],[85.164,47.001],[83.18,47.33],[82.459,45.54],[81.947,45.317],[79.966,44.918],[80.866,43.18],[80.18,42.92],[80.26,42.35],[79.644,42.497],[79.142,42.856],[77.658,42.961],[76,42.988],[75.637,42.878],[74.213,43.298],[73.645,43.091],[73.49,42.501],[71.845,42.845],[71.186,42.704],[70.962,42.266],[70.389,42.081],[69.07,41.384],[68.632,40.669],[68.26,40.662],[67.986,41.136],[66.714,41.168],[66.511,41.988],[66.023,41.995],[66.098,42.998],[64.901,43.728],[63.186,43.65],[62.013,43.504],[61.058,44.406],[60.24,44.784],[58.69,45.5],[58.503,45.587],[55.929,44.996],[55.968,41.309],[55.455,41.26],[54.755,42.044],[54.079,42.324],[52.944,42.116],[52.502,41.783],[52.446,42.027],[52.692,42.444],[52.501,42.792],[51.342,43.133],[50.891,44.031],[50.339,44.284],[50.306,44.61],[51.279,44.515],[51.317,45.246],[52.167,45.408],[53.041,45.259],[53.221,46.235],[53.043,46.853],[52.042,46.805],[51.192,47.049],[50.034,46.609],[49.101,46.399],[48.593,46.561],[48.695,47.076],[48.057,47.744],[47.315,47.716],[46.466,48.394],[47.044,49.152],[46.752,49.356],[47.549,50.455],[48.578,49.875],[48.702,50.605],[50.767,51.693],[52.329,51.719],[54.533,51.026],[55.717,50.622],[56.778,51.044],[58.363,51.064],[59.642,50.545],[59.933,50.842],[61.337,50.799],[61.588,51.273],[59.968,51.96],[60.927,52.448],[60.74,52.72],[61.7,52.98],[60.978,53.665],[61.437,54.006],[65.179,54.354],[65.667,54.601],[68.169,54.97],[69.068,55.385],[70.865,55.17],[71.18,54.133],[72.224,54.377],[73.509,54.036],[73.426,53.49],[74.385,53.547],[76.891,54.491],[76.525,54.177],[77.801,53.404],[80.036,50.865],[80.568,51.388],[81.946,50.812],[83.383,51.069],[83.935,50.889],[84.416,50.311],[85.116,50.117],[85.541,49.693],[86.829,49.827],[87.36,49.215]]]}},{"type":"Feature","properties":{"scalerank":1,"featurecla":"Admin-0 country","LABELRANK":2,"SOVEREIGNT":"Kenya","SOV_A3":"KEN","ADM0_DIF":0,"LEVEL":2,"TYPE":"Sovereign country","ADMIN":"Kenya","ADM0_A3":"KEN","GEOU_DIF":0,"GEOUNIT":"Kenya","GU_A3":"KEN","SU_DIF":0,"SUBUNIT":"Kenya","SU_A3":"KEN","BRK_DIFF":0,"NAME":"Kenya","NAME_LONG":"Kenya","BRK_A3":"KEN","BRK_NAME":"Kenya","BRK_GROUP":null,"ABBREV":"Ken.","POSTAL":"KE","FORMAL_EN":"Republic of Kenya","FORMAL_FR":null,"NAME_CIAWF":"Kenya","NOTE_ADM0":null,"NOTE_BRK":null,"NAME_SORT":"Kenya","NAME_ALT":null,"MAPCOLOR7":5,"MAPCOLOR8":2,"MAPCOLOR9":7,"MAPCOLOR13":3,"POP_EST":47615739,"POP_RANK":15,"GDP_MD_EST":152700,"POP_YEAR":2017,"LASTCENSUS":2009,"GDP_YEAR":2016,"ECONOMY":"5. Emerging region: G20","INCOME_GRP":"5. Low income","WIKIPEDIA":-99,"FIPS_10_":"KE","ISO_A2":"KE","ISO_A3":"KEN","ISO_A3_EH":"KEN","ISO_N3":"404","UN_A3":"404","WB_A2":"KE","WB_A3":"KEN","WOE_ID":23424863,"WOE_ID_EH":23424863,"WOE_NOTE":"Exact WOE match as country","ADM0_A3_IS":"KEN","ADM0_A3_US":"KEN","ADM0_A3_UN":-99,"ADM0_A3_WB":-99,"CONTINENT":"Africa","REGION_UN":"Africa","SUBREGION":"Eastern Africa","REGION_WB":"Sub-Saharan Africa","NAME_LEN":5,"LONG_LEN":5,"ABBREV_LEN":4,"TINY":-99,"HOMEPART":1,"MIN_ZOOM":0,"MIN_LABEL":1.7,"MAX_LABEL":6.7},"bbox":[33.893569,-4.67677,41.855083,5.506],"geometry":{"type":"Polygon","coordinates":[[[35.298,5.506],[35.817,5.338],[35.817,4.777],[36.159,4.448],[36.855,4.448],[38.121,3.599],[38.437,3.589],[38.671,3.616],[38.893,3.501],[39.559,3.422],[39.855,3.839],[40.768,4.257],[41.172,3.919],[41.855,3.919],[40.981,2.785],[40.993,-0.858],[41.585,-1.683],[40.885,-2.083],[40.638,-2.5],[40.263,-2.573],[40.121,-3.278],[39.8,-3.681],[39.605,-4.347],[39.202,-4.677],[37.767,-3.677],[37.699,-3.097],[34.073,-1.06],[33.904,-0.95],[33.894,0.11],[34.18,0.515],[34.672,1.177],[35.036,1.906],[34.596,3.054],[34.479,3.556],[34.005,4.25],[34.62,4.847],[35.298,5.506]]]}},{"type":"Feature","properties":{"scalerank":1,"featurecla":"Admin-0 country","LABELRANK":4,"SOVEREIGNT":"Kyrgyzstan","SOV_A3":"KGZ","ADM0_DIF":0,"LEVEL":2,"TYPE":"Sovereign country","ADMIN":"Kyrgyzstan","ADM0_A3":"KGZ","GEOU_DIF":0,"GEOUNIT":"Kyrgyzstan","GU_A3":"KGZ","SU_DIF":0,"SUBUNIT":"Kyrgyzstan","SU_A3":"KGZ","BRK_DIFF":0,"NAME":"Kyrgyzstan","NAME_LONG":"Kyrgyzstan","BRK_A3":"KGZ","BRK_NAME":"Kyrgyzstan","BRK_GROUP":null,"ABBREV":"Kgz.","POSTAL":"KG","FORMAL_EN":"Kyrgyz Republic","FORMAL_FR":null,"NAME_CIAWF":"Kyrgyzstan","NOTE_ADM0":null,"NOTE_BRK":null,"NAME_SORT":"Kyrgyz Republic","NAME_ALT":null,"MAPCOLOR7":5,"MAPCOLOR8":7,"MAPCOLOR9":7,"MAPCOLOR13":6,"POP_EST":5789122,"POP_RANK":13,"GDP_MD_EST":21010,"POP_YEAR":2017,"LASTCENSUS":2009,"GDP_YEAR":2016,"ECONOMY":"6. Developing region","INCOME_GRP":"5. Low income","WIKIPEDIA":-99,"FIPS_10_":"KG","ISO_A2":"KG","ISO_A3":"KGZ","ISO_A3_EH":"KGZ","ISO_N3":"417","UN_A3":"417","WB_A2":"KG","WB_A3":"KGZ","WOE_ID":23424864,"WOE_ID_EH":23424864,"WOE_NOTE":"Exact WOE match as country","ADM0_A3_IS":"KGZ","ADM0_A3_US":"KGZ","ADM0_A3_UN":-99,"ADM0_A3_WB":-99,"CONTINENT":"Asia","REGION_UN":"Asia","SUBREGION":"Central Asia","REGION_WB":"Europe & Central Asia","NAME_LEN":10,"LONG_LEN":10,"ABBREV_LEN":4,"TINY":-99,"HOMEPART":1,"MIN_ZOOM":0,"MIN_LABEL":3,"MAX_LABEL":8},"bbox":[69.464887,39.279463,80.25999,43.298339],"geometry":{"type":"Polygon","coordinates":[[[80.26,42.35],[80.119,42.124],[78.544,41.582],[78.187,41.185],[76.904,41.066],[76.526,40.428],[75.468,40.562],[74.777,40.366],[73.822,39.894],[73.96,39.66],[73.675,39.431],[71.785,39.279],[70.549,39.604],[69.465,39.527],[69.56,40.103],[70.648,39.936],[71.014,40.244],[71.775,40.146],[73.055,40.866],[71.87,41.393],[71.158,41.144],[70.42,41.52],[71.259,42.168],[70.962,42.266],[71.186,42.704],[71.845,42.845],[73.49,42.501],[73.645,43.091],[74.213,43.298],[75.637,42.878],[76,42.988],[77.658,42.961],[79.142,42.856],[79.644,42.497],[80.26,42.35]]]}},{"type":"Feature","properties":{"scalerank":1,"featurecla":"Admin-0 country","LABELRANK":3,"SOVEREIGNT":"Cambodia","SOV_A3":"KHM","ADM0_DIF":0,"LEVEL":2,"TYPE":"Sovereign country","ADMIN":"Cambodia","ADM0_A3":"KHM","GEOU_DIF":0,"GEOUNIT":"Cambodia","GU_A3":"KHM","SU_DIF":0,"SUBUNIT":"Cambodia","SU_A3":"KHM","BRK_DIFF":0,"NAME":"Cambodia","NAME_LONG":"Cambodia","BRK_A3":"KHM","BRK_NAME":"Cambodia","BRK_GROUP":null,"ABBREV":"Camb.","POSTAL":"KH","FORMAL_EN":"Kingdom of Cambodia","FORMAL_FR":null,"NAME_CIAWF":"Cambodia","NOTE_ADM0":null,"NOTE_BRK":null,"NAME_SORT":"Cambodia","NAME_ALT":null,"MAPCOLOR7":6,"MAPCOLOR8":3,"MAPCOLOR9":6,"MAPCOLOR13":5,"POP_EST":16204486,"POP_RANK":14,"GDP_MD_EST":58940,"POP_YEAR":2017,"LASTCENSUS":2008,"GDP_YEAR":2016,"ECONOMY":"7. Least developed region","INCOME_GRP":"5. Low income","WIKIPEDIA":-99,"FIPS_10_":"CB","ISO_A2":"KH","ISO_A3":"KHM","ISO_A3_EH":"KHM","ISO_N3":"116","UN_A3":"116","WB_A2":"KH","WB_A3":"KHM","WOE_ID":23424776,"WOE_ID_EH":23424776,"WOE_NOTE":"Exact WOE match as country","ADM0_A3_IS":"KHM","ADM0_A3_US":"KHM","ADM0_A3_UN":-99,"ADM0_A3_WB":-99,"CONTINENT":"Asia","REGION_UN":"Asia","SUBREGION":"South-Eastern Asia","REGION_WB":"East Asia & Pacific","NAME_LEN":8,"LONG_LEN":8,"ABBREV_LEN":5,"TINY":-99,"HOMEPART":1,"MIN_ZOOM":0,"MIN_LABEL":3,"MAX_LABEL":8},"bbox":[102.348099,10.486544,107.614548,14.570584],"geometry":{"type":"Polygon","coordinates":[[[102.585,12.187],[102.348,13.394],[102.988,14.226],[104.281,14.417],[105.219,14.273],[106.044,13.881],[106.496,14.571],[107.383,14.202],[107.615,13.536],[107.491,12.337],[105.811,11.568],[106.25,10.962],[105.2,10.889],[104.334,10.487],[103.497,10.633],[103.091,11.154],[102.585,12.187]]]}},{"type":"Feature","properties":{"scalerank":1,"featurecla":"Admin-0 country","LABELRANK":2,"SOVEREIGNT":"South Korea","SOV_A3":"KOR","ADM0_DIF":0,"LEVEL":2,"TYPE":"Sovereign country","ADMIN":"South Korea","ADM0_A3":"KOR","GEOU_DIF":0,"GEOUNIT":"South Korea","GU_A3":"KOR","SU_DIF":0,"SUBUNIT":"South Korea","SU_A3":"KOR","BRK_DIFF":0,"NAME":"South Korea","NAME_LONG":"Republic of Korea","BRK_A3":"KOR","BRK_NAME":"Republic of Korea","BRK_GROUP":null,"ABBREV":"S.K.","POSTAL":"KR","FORMAL_EN":"Republic of Korea","FORMAL_FR":null,"NAME_CIAWF":"Korea, South","NOTE_ADM0":null,"NOTE_BRK":null,"NAME_SORT":"Korea, Rep.","NAME_ALT":null,"MAPCOLOR7":4,"MAPCOLOR8":1,"MAPCOLOR9":1,"MAPCOLOR13":5,"POP_EST":51181299,"POP_RANK":16,"GDP_MD_EST":1929000,"POP_YEAR":2017,"LASTCENSUS":2010,"GDP_YEAR":2016,"ECONOMY":"4. Emerging region: MIKT","INCOME_GRP":"1. High income: OECD","WIKIPEDIA":-99,"FIPS_10_":"KS","ISO_A2":"KR","ISO_A3":"KOR","ISO_A3_EH":"KOR","ISO_N3":"410","UN_A3":"410","WB_A2":"KR","WB_A3":"KOR","WOE_ID":23424868,"WOE_ID_EH":23424868,"WOE_NOTE":"Exact WOE match as country","ADM0_A3_IS":"KOR","ADM0_A3_US":"KOR","ADM0_A3_UN":-99,"ADM0_A3_WB":-99,"CONTINENT":"Asia","REGION_UN":"Asia","SUBREGION":"Eastern Asia","REGION_WB":"East Asia & Pacific","NAME_LEN":11,"LONG_LEN":17,"ABBREV_LEN":4,"TINY":-99,"HOMEPART":1,"MIN_ZOOM":0,"MIN_LABEL":3,"MAX_LABEL":7},"bbox":[126.117398,34.390046,129.468304,38.612243],"geometry":{"type":"Polygon","coordinates":[[[128.35,38.612],[129.213,37.432],[129.46,36.784],[129.468,35.632],[129.091,35.082],[128.186,34.89],[127.387,34.476],[126.486,34.39],[126.374,34.935],[126.559,35.685],[126.117,36.725],[126.86,36.894],[126.175,37.75],[126.237,37.84],[126.684,37.805],[127.073,38.256],[127.78,38.305],[128.206,38.37],[128.35,38.612]]]}},{"type":"Feature","properties":{"scalerank":1,"featurecla":"Admin-0 country","LABELRANK":6,"SOVEREIGNT":"Kosovo","SOV_A3":"KOS","ADM0_DIF":0,"LEVEL":2,"TYPE":"Sovereign country","ADMIN":"Kosovo","ADM0_A3":"KOS","GEOU_DIF":0,"GEOUNIT":"Kosovo","GU_A3":"KOS","SU_DIF":0,"SUBUNIT":"Kosovo","SU_A3":"KOS","BRK_DIFF":0,"NAME":"Kosovo","NAME_LONG":"Kosovo","BRK_A3":"KOS","BRK_NAME":"Kosovo","BRK_GROUP":null,"ABBREV":"Kos.","POSTAL":"KO","FORMAL_EN":"Republic of Kosovo","FORMAL_FR":null,"NAME_CIAWF":"Kosovo","NOTE_ADM0":null,"NOTE_BRK":null,"NAME_SORT":"Kosovo","NAME_ALT":null,"MAPCOLOR7":2,"MAPCOLOR8":2,"MAPCOLOR9":3,"MAPCOLOR13":11,"POP_EST":1895250,"POP_RANK":12,"GDP_MD_EST":18490,"POP_YEAR":2017,"LASTCENSUS":1981,"GDP_YEAR":2016,"ECONOMY":"6. Developing region","INCOME_GRP":"4. Lower middle income","WIKIPEDIA":-99,"FIPS_10_":"KV","ISO_A2":"XK","ISO_A3":"-99","ISO_A3_EH":"-99","ISO_N3":"-99","UN_A3":"-099","WB_A2":"KV","WB_A3":"KSV","WOE_ID":-90,"WOE_ID_EH":29389201,"WOE_NOTE":"Subunit of Serbia in WOE still; should include 29389201, 29389207, 29389218, 29389209 and 29389214.","ADM0_A3_IS":"KOS","ADM0_A3_US":"KOS","ADM0_A3_UN":-99,"ADM0_A3_WB":-99,"CONTINENT":"Europe","REGION_UN":"Europe","SUBREGION":"Southern Europe","REGION_WB":"Europe & Central Asia","NAME_LEN":6,"LONG_LEN":6,"ABBREV_LEN":4,"TINY":-99,"HOMEPART":1,"MIN_ZOOM":0,"MIN_LABEL":5,"MAX_LABEL":10},"bbox":[20.0707,41.84711,21.77505,43.27205],"geometry":{"type":"Polygon","coordinates":[[[20.59,41.855],[20.523,42.218],[20.284,42.32],[20.071,42.589],[20.258,42.813],[20.497,42.885],[20.635,43.217],[20.814,43.272],[20.957,43.131],[21.143,43.069],[21.274,42.91],[21.439,42.863],[21.633,42.677],[21.775,42.683],[21.663,42.439],[21.543,42.32],[21.577,42.245],[21.353,42.207],[20.762,42.052],[20.717,41.847],[20.59,41.855]]]}},{"type":"Feature","properties":{"scalerank":1,"featurecla":"Admin-0 country","LABELRANK":6,"SOVEREIGNT":"Kuwait","SOV_A3":"KWT","ADM0_DIF":0,"LEVEL":2,"TYPE":"Sovereign country","ADMIN":"Kuwait","ADM0_A3":"KWT","GEOU_DIF":0,"GEOUNIT":"Kuwait","GU_A3":"KWT","SU_DIF":0,"SUBUNIT":"Kuwait","SU_A3":"KWT","BRK_DIFF":0,"NAME":"Kuwait","NAME_LONG":"Kuwait","BRK_A3":"KWT","BRK_NAME":"Kuwait","BRK_GROUP":null,"ABBREV":"Kwt.","POSTAL":"KW","FORMAL_EN":"State of Kuwait","FORMAL_FR":null,"NAME_CIAWF":"Kuwait","NOTE_ADM0":null,"NOTE_BRK":null,"NAME_SORT":"Kuwait","NAME_ALT":null,"MAPCOLOR7":2,"MAPCOLOR8":2,"MAPCOLOR9":2,"MAPCOLOR13":2,"POP_EST":2875422,"POP_RANK":12,"GDP_MD_EST":301100,"POP_YEAR":2017,"LASTCENSUS":2010,"GDP_YEAR":2016,"ECONOMY":"6. Developing region","INCOME_GRP":"2. High income: nonOECD","WIKIPEDIA":-99,"FIPS_10_":"KU","ISO_A2":"KW","ISO_A3":"KWT","ISO_A3_EH":"KWT","ISO_N3":"414","UN_A3":"414","WB_A2":"KW","WB_A3":"KWT","WOE_ID":23424870,"WOE_ID_EH":23424870,"WOE_NOTE":"Exact WOE match as country","ADM0_A3_IS":"KWT","ADM0_A3_US":"KWT","ADM0_A3_UN":-99,"ADM0_A3_WB":-99,"CONTINENT":"Asia","REGION_UN":"Asia","SUBREGION":"Western Asia","REGION_WB":"Middle East & North Africa","NAME_LEN":6,"LONG_LEN":6,"ABBREV_LEN":4,"TINY":-99,"HOMEPART":1,"MIN_ZOOM":0,"MIN_LABEL":5,"MAX_LABEL":10},"bbox":[46.568713,28.526063,48.416094,30.05907],"geometry":{"type":"Polygon","coordinates":[[[46.569,29.099],[47.303,30.059],[47.975,29.976],[48.183,29.534],[48.094,29.306],[48.416,28.552],[47.709,28.526],[47.46,29.003],[46.569,29.099]]]}},{"type":"Feature","properties":{"scalerank":1,"featurecla":"Admin-0 country","LABELRANK":4,"SOVEREIGNT":"Laos","SOV_A3":"LAO","ADM0_DIF":0,"LEVEL":2,"TYPE":"Sovereign country","ADMIN":"Laos","ADM0_A3":"LAO","GEOU_DIF":0,"GEOUNIT":"Laos","GU_A3":"LAO","SU_DIF":0,"SUBUNIT":"Laos","SU_A3":"LAO","BRK_DIFF":0,"NAME":"Laos","NAME_LONG":"Lao PDR","BRK_A3":"LAO","BRK_NAME":"Laos","BRK_GROUP":null,"ABBREV":"Laos","POSTAL":"LA","FORMAL_EN":"Lao People's Democratic Republic","FORMAL_FR":null,"NAME_CIAWF":"Laos","NOTE_ADM0":null,"NOTE_BRK":null,"NAME_SORT":"Lao PDR","NAME_ALT":null,"MAPCOLOR7":1,"MAPCOLOR8":1,"MAPCOLOR9":1,"MAPCOLOR13":9,"POP_EST":7126706,"POP_RANK":13,"GDP_MD_EST":40960,"POP_YEAR":2017,"LASTCENSUS":2005,"GDP_YEAR":2016,"ECONOMY":"7. Least developed region","INCOME_GRP":"4. Lower middle income","WIKIPEDIA":-99,"FIPS_10_":"LA","ISO_A2":"LA","ISO_A3":"LAO","ISO_A3_EH":"LAO","ISO_N3":"418","UN_A3":"418","WB_A2":"LA","WB_A3":"LAO","WOE_ID":23424872,"WOE_ID_EH":23424872,"WOE_NOTE":"Exact WOE match as country","ADM0_A3_IS":"LAO","ADM0_A3_US":"LAO","ADM0_A3_UN":-99,"ADM0_A3_WB":-99,"CONTINENT":"Asia","REGION_UN":"Asia","SUBREGION":"South-Eastern Asia","REGION_WB":"East Asia & Pacific","NAME_LEN":4,"LONG_LEN":7,"ABBREV_LEN":4,"TINY":-99,"HOMEPART":1,"MIN_ZOOM":0,"MIN_LABEL":4,"MAX_LABEL":9},"bbox":[100.115988,13.881091,107.564525,22.464753],"geometry":{"type":"Polygon","coordinates":[[[101.18,21.437],[101.27,21.202],[101.803,21.174],[101.652,22.318],[102.17,22.465],[102.755,21.675],[103.204,20.767],[104.435,20.759],[104.823,19.887],[104.183,19.625],[103.897,19.265],[105.095,18.667],[105.926,17.485],[106.556,16.604],[107.313,15.909],[107.565,15.202],[107.383,14.202],[106.496,14.571],[106.044,13.881],[105.219,14.273],[105.544,14.724],[105.589,15.57],[104.779,16.442],[104.717,17.429],[103.956,18.241],[103.2,18.31],[102.999,17.962],[102.413,17.933],[102.114,18.109],[101.06,17.512],[101.036,18.409],[101.282,19.463],[100.606,19.508],[100.549,20.109],[100.116,20.418],[100.329,20.786],[101.18,21.437]]]}},{"type":"Feature","properties":{"scalerank":1,"featurecla":"Admin-0 country","LABELRANK":5,"SOVEREIGNT":"Lebanon","SOV_A3":"LBN","ADM0_DIF":0,"LEVEL":2,"TYPE":"Sovereign country","ADMIN":"Lebanon","ADM0_A3":"LBN","GEOU_DIF":0,"GEOUNIT":"Lebanon","GU_A3":"LBN","SU_DIF":0,"SUBUNIT":"Lebanon","SU_A3":"LBN","BRK_DIFF":0,"NAME":"Lebanon","NAME_LONG":"Lebanon","BRK_A3":"LBN","BRK_NAME":"Lebanon","BRK_GROUP":null,"ABBREV":"Leb.","POSTAL":"LB","FORMAL_EN":"Lebanese Republic","FORMAL_FR":null,"NAME_CIAWF":"Lebanon","NOTE_ADM0":null,"NOTE_BRK":null,"NAME_SORT":"Lebanon","NAME_ALT":null,"MAPCOLOR7":4,"MAPCOLOR8":4,"MAPCOLOR9":4,"MAPCOLOR13":12,"POP_EST":6229794,"POP_RANK":13,"GDP_MD_EST":85160,"POP_YEAR":2017,"LASTCENSUS":1970,"GDP_YEAR":2016,"ECONOMY":"6. Developing region","INCOME_GRP":"3. Upper middle income","WIKIPEDIA":-99,"FIPS_10_":"LE","ISO_A2":"LB","ISO_A3":"LBN","ISO_A3_EH":"LBN","ISO_N3":"422","UN_A3":"422","WB_A2":"LB","WB_A3":"LBN","WOE_ID":23424873,"WOE_ID_EH":23424873,"WOE_NOTE":"Exact WOE match as country","ADM0_A3_IS":"LBN","ADM0_A3_US":"LBN","ADM0_A3_UN":-99,"ADM0_A3_WB":-99,"CONTINENT":"Asia","REGION_UN":"Asia","SUBREGION":"Western Asia","REGION_WB":"Middle East & North Africa","NAME_LEN":7,"LONG_LEN":7,"ABBREV_LEN":4,"TINY":4,"HOMEPART":1,"MIN_ZOOM":0,"MIN_LABEL":4,"MAX_LABEL":9},"bbox":[35.126053,33.08904,36.61175,34.644914],"geometry":{"type":"Polygon","coordinates":[[[35.821,33.277],[35.553,33.264],[35.461,33.089],[35.126,33.091],[35.482,33.905],[35.98,34.61],[35.998,34.645],[36.448,34.594],[36.612,34.202],[36.066,33.825],[35.821,33.277]]]}},{"type":"Feature","properties":{"scalerank":1,"featurecla":"Admin-0 country","LABELRANK":4,"SOVEREIGNT":"Liberia","SOV_A3":"LBR","ADM0_DIF":0,"LEVEL":2,"TYPE":"Sovereign country","ADMIN":"Liberia","ADM0_A3":"LBR","GEOU_DIF":0,"GEOUNIT":"Liberia","GU_A3":"LBR","SU_DIF":0,"SUBUNIT":"Liberia","SU_A3":"LBR","BRK_DIFF":0,"NAME":"Liberia","NAME_LONG":"Liberia","BRK_A3":"LBR","BRK_NAME":"Liberia","BRK_GROUP":null,"ABBREV":"Liberia","POSTAL":"LR","FORMAL_EN":"Republic of Liberia","FORMAL_FR":null,"NAME_CIAWF":"Liberia","NOTE_ADM0":null,"NOTE_BRK":null,"NAME_SORT":"Liberia","NAME_ALT":null,"MAPCOLOR7":2,"MAPCOLOR8":3,"MAPCOLOR9":4,"MAPCOLOR13":9,"POP_EST":4689021,"POP_RANK":12,"GDP_MD_EST":3881,"POP_YEAR":2017,"LASTCENSUS":2008,"GDP_YEAR":2016,"ECONOMY":"7. Least developed region","INCOME_GRP":"5. Low income","WIKIPEDIA":-99,"FIPS_10_":"LI","ISO_A2":"LR","ISO_A3":"LBR","ISO_A3_EH":"LBR","ISO_N3":"430","UN_A3":"430","WB_A2":"LR","WB_A3":"LBR","WOE_ID":23424876,"WOE_ID_EH":23424876,"WOE_NOTE":"Exact WOE match as country","ADM0_A3_IS":"LBR","ADM0_A3_US":"LBR","ADM0_A3_UN":-99,"ADM0_A3_WB":-99,"CONTINENT":"Africa","REGION_UN":"Africa","SUBREGION":"Western Africa","REGION_WB":"Sub-Saharan Africa","NAME_LEN":7,"LONG_LEN":7,"ABBREV_LEN":7,"TINY":-99,"HOMEPART":1,"MIN_ZOOM":0,"MIN_LABEL":4,"MAX_LABEL":9},"bbox":[-11.438779,4.355755,-7.539715,8.541055],"geometry":{"type":"Polygon","coordinates":[[[-8.439,7.686],[-8.485,7.395],[-8.385,6.912],[-8.603,6.468],[-8.311,6.193],[-7.994,6.126],[-7.57,5.707],[-7.54,5.313],[-7.635,5.188],[-7.712,4.365],[-7.974,4.356],[-9.005,4.832],[-9.913,5.594],[-10.765,6.141],[-11.439,6.786],[-11.2,7.106],[-11.147,7.397],[-10.696,7.939],[-10.23,8.406],[-10.017,8.429],[-9.755,8.541],[-9.337,7.929],[-9.403,7.527],[-9.209,7.314],[-8.926,7.309],[-8.722,7.712],[-8.439,7.686]]]}},{"type":"Feature","properties":{"scalerank":1,"featurecla":"Admin-0 country","LABELRANK":3,"SOVEREIGNT":"Libya","SOV_A3":"LBY","ADM0_DIF":0,"LEVEL":2,"TYPE":"Sovereign country","ADMIN":"Libya","ADM0_A3":"LBY","GEOU_DIF":0,"GEOUNIT":"Libya","GU_A3":"LBY","SU_DIF":0,"SUBUNIT":"Libya","SU_A3":"LBY","BRK_DIFF":0,"NAME":"Libya","NAME_LONG":"Libya","BRK_A3":"LBY","BRK_NAME":"Libya","BRK_GROUP":null,"ABBREV":"Libya","POSTAL":"LY","FORMAL_EN":"Libya","FORMAL_FR":null,"NAME_CIAWF":"Libya","NOTE_ADM0":null,"NOTE_BRK":null,"NAME_SORT":"Libya","NAME_ALT":null,"MAPCOLOR7":1,"MAPCOLOR8":2,"MAPCOLOR9":2,"MAPCOLOR13":11,"POP_EST":6653210,"POP_RANK":13,"GDP_MD_EST":90890,"POP_YEAR":2017,"LASTCENSUS":2006,"GDP_YEAR":2016,"ECONOMY":"6. Developing region","INCOME_GRP":"3. Upper middle income","WIKIPEDIA":-99,"FIPS_10_":"LY","ISO_A2":"LY","ISO_A3":"LBY","ISO_A3_EH":"LBY","ISO_N3":"434","UN_A3":"434","WB_A2":"LY","WB_A3":"LBY","WOE_ID":23424882,"WOE_ID_EH":23424882,"WOE_NOTE":"Exact WOE match as country","ADM0_A3_IS":"LBY","ADM0_A3_US":"LBY","ADM0_A3_UN":-99,"ADM0_A3_WB":-99,"CONTINENT":"Africa","REGION_UN":"Africa","SUBREGION":"Northern Africa","REGION_WB":"Middle East & North Africa","NAME_LEN":5,"LONG_LEN":5,"ABBREV_LEN":5,"TINY":-99,"HOMEPART":1,"MIN_ZOOM":0,"MIN_LABEL":3,"MAX_LABEL":8},"bbox":[9.319411,19.58047,25.16482,33.136996],"geometry":{"type":"Polygon","coordinates":[[[12,23.472],[11.561,24.098],[10.771,24.563],[10.304,24.379],[9.948,24.937],[9.911,25.365],[9.319,26.094],[9.716,26.512],[9.629,27.141],[9.756,27.688],[9.684,28.144],[9.86,28.96],[9.806,29.425],[9.482,30.308],[9.97,30.539],[10.057,30.962],[9.95,31.376],[10.637,31.761],[10.945,32.082],[11.432,32.369],[11.489,33.137],[12.663,32.793],[13.083,32.879],[13.919,32.712],[15.246,32.265],[15.714,31.376],[16.612,31.182],[18.021,30.764],[19.086,30.266],[19.574,30.526],[20.053,30.986],[19.82,31.752],[20.134,32.238],[20.855,32.707],[21.543,32.843],[22.896,32.639],[23.237,32.191],[23.609,32.187],[23.928,32.017],[24.921,31.899],[25.165,31.569],[24.803,31.089],[24.958,30.662],[24.7,30.044],[25,29.239],[25,25.683],[25,22],[25,20.003],[23.85,20],[23.838,19.58],[19.849,21.495],[15.861,23.41],[14.851,22.863],[14.144,22.491],[13.581,23.041],[12,23.472]]]}},{"type":"Feature","properties":{"scalerank":1,"featurecla":"Admin-0 country","LABELRANK":3,"SOVEREIGNT":"Sri Lanka","SOV_A3":"LKA","ADM0_DIF":0,"LEVEL":2,"TYPE":"Sovereign country","ADMIN":"Sri Lanka","ADM0_A3":"LKA","GEOU_DIF":0,"GEOUNIT":"Sri Lanka","GU_A3":"LKA","SU_DIF":0,"SUBUNIT":"Sri Lanka","SU_A3":"LKA","BRK_DIFF":0,"NAME":"Sri Lanka","NAME_LONG":"Sri Lanka","BRK_A3":"LKA","BRK_NAME":"Sri Lanka","BRK_GROUP":null,"ABBREV":"Sri L.","POSTAL":"LK","FORMAL_EN":"Democratic Socialist Republic of Sri Lanka","FORMAL_FR":null,"NAME_CIAWF":"Sri Lanka","NOTE_ADM0":null,"NOTE_BRK":null,"NAME_SORT":"Sri Lanka","NAME_ALT":null,"MAPCOLOR7":3,"MAPCOLOR8":5,"MAPCOLOR9":4,"MAPCOLOR13":9,"POP_EST":22409381,"POP_RANK":15,"GDP_MD_EST":236700,"POP_YEAR":2017,"LASTCENSUS":2001,"GDP_YEAR":2016,"ECONOMY":"6. Developing region","INCOME_GRP":"4. Lower middle income","WIKIPEDIA":-99,"FIPS_10_":"CE","ISO_A2":"LK","ISO_A3":"LKA","ISO_A3_EH":"LKA","ISO_N3":"144","UN_A3":"144","WB_A2":"LK","WB_A3":"LKA","WOE_ID":23424778,"WOE_ID_EH":23424778,"WOE_NOTE":"Exact WOE match as country","ADM0_A3_IS":"LKA","ADM0_A3_US":"LKA","ADM0_A3_UN":-99,"ADM0_A3_WB":-99,"CONTINENT":"Asia","REGION_UN":"Asia","SUBREGION":"Southern Asia","REGION_WB":"South Asia","NAME_LEN":9,"LONG_LEN":9,"ABBREV_LEN":6,"TINY":-99,"HOMEPART":1,"MIN_ZOOM":0,"MIN_LABEL":3,"MAX_LABEL":8},"bbox":[79.695167,5.96837,81.787959,9.824078],"geometry":{"type":"Polygon","coordinates":[[[81.788,7.523],[81.637,6.482],[81.218,6.197],[80.348,5.968],[79.872,6.763],[79.695,8.201],[80.148,9.824],[80.839,9.268],[81.304,8.564],[81.788,7.523]]]}},{"type":"Feature","properties":{"scalerank":1,"featurecla":"Admin-0 country","LABELRANK":6,"SOVEREIGNT":"Lesotho","SOV_A3":"LSO","ADM0_DIF":0,"LEVEL":2,"TYPE":"Sovereign country","ADMIN":"Lesotho","ADM0_A3":"LSO","GEOU_DIF":0,"GEOUNIT":"Lesotho","GU_A3":"LSO","SU_DIF":0,"SUBUNIT":"Lesotho","SU_A3":"LSO","BRK_DIFF":0,"NAME":"Lesotho","NAME_LONG":"Lesotho","BRK_A3":"LSO","BRK_NAME":"Lesotho","BRK_GROUP":null,"ABBREV":"Les.","POSTAL":"LS","FORMAL_EN":"Kingdom of Lesotho","FORMAL_FR":null,"NAME_CIAWF":"Lesotho","NOTE_ADM0":null,"NOTE_BRK":null,"NAME_SORT":"Lesotho","NAME_ALT":null,"MAPCOLOR7":1,"MAPCOLOR8":5,"MAPCOLOR9":2,"MAPCOLOR13":8,"POP_EST":1958042,"POP_RANK":12,"GDP_MD_EST":6019,"POP_YEAR":2017,"LASTCENSUS":2006,"GDP_YEAR":2016,"ECONOMY":"7. Least developed region","INCOME_GRP":"4. Lower middle income","WIKIPEDIA":-99,"FIPS_10_":"LT","ISO_A2":"LS","ISO_A3":"LSO","ISO_A3_EH":"LSO","ISO_N3":"426","UN_A3":"426","WB_A2":"LS","WB_A3":"LSO","WOE_ID":23424880,"WOE_ID_EH":23424880,"WOE_NOTE":"Exact WOE match as country","ADM0_A3_IS":"LSO","ADM0_A3_US":"LSO","ADM0_A3_UN":-99,"ADM0_A3_WB":-99,"CONTINENT":"Africa","REGION_UN":"Africa","SUBREGION":"Southern Africa","REGION_WB":"Sub-Saharan Africa","NAME_LEN":7,"LONG_LEN":7,"ABBREV_LEN":4,"TINY":-99,"HOMEPART":1,"MIN_ZOOM":0,"MIN_LABEL":4,"MAX_LABEL":9},"bbox":[26.999262,-30.645106,29.325166,-28.647502],"geometry":{"type":"Polygon","coordinates":[[[28.978,-28.956],[29.325,-29.257],[29.018,-29.744],[28.848,-30.07],[28.291,-30.226],[28.107,-30.546],[27.749,-30.645],[26.999,-29.876],[27.533,-29.243],[28.074,-28.851],[28.542,-28.648],[28.978,-28.956]]]}},{"type":"Feature","properties":{"scalerank":1,"featurecla":"Admin-0 country","LABELRANK":5,"SOVEREIGNT":"Lithuania","SOV_A3":"LTU","ADM0_DIF":0,"LEVEL":2,"TYPE":"Sovereign country","ADMIN":"Lithuania","ADM0_A3":"LTU","GEOU_DIF":0,"GEOUNIT":"Lithuania","GU_A3":"LTU","SU_DIF":0,"SUBUNIT":"Lithuania","SU_A3":"LTU","BRK_DIFF":0,"NAME":"Lithuania","NAME_LONG":"Lithuania","BRK_A3":"LTU","BRK_NAME":"Lithuania","BRK_GROUP":null,"ABBREV":"Lith.","POSTAL":"LT","FORMAL_EN":"Republic of Lithuania","FORMAL_FR":null,"NAME_CIAWF":"Lithuania","NOTE_ADM0":null,"NOTE_BRK":null,"NAME_SORT":"Lithuania","NAME_ALT":null,"MAPCOLOR7":6,"MAPCOLOR8":3,"MAPCOLOR9":3,"MAPCOLOR13":9,"POP_EST":2823859,"POP_RANK":12,"GDP_MD_EST":85620,"POP_YEAR":2017,"LASTCENSUS":2011,"GDP_YEAR":2016,"ECONOMY":"2. Developed region: nonG7","INCOME_GRP":"3. Upper middle income","WIKIPEDIA":-99,"FIPS_10_":"LH","ISO_A2":"LT","ISO_A3":"LTU","ISO_A3_EH":"LTU","ISO_N3":"440","UN_A3":"440","WB_A2":"LT","WB_A3":"LTU","WOE_ID":23424875,"WOE_ID_EH":23424875,"WOE_NOTE":"Exact WOE match as country","ADM0_A3_IS":"LTU","ADM0_A3_US":"LTU","ADM0_A3_UN":-99,"ADM0_A3_WB":-99,"CONTINENT":"Europe","REGION_UN":"Europe","SUBREGION":"Northern Europe","REGION_WB":"Europe & Central Asia","NAME_LEN":9,"LONG_LEN":9,"ABBREV_LEN":5,"TINY":-99,"HOMEPART":1,"MIN_ZOOM":0,"MIN_LABEL":4,"MAX_LABEL":9},"bbox":[21.0558,53.905702,26.588279,56.372528],"geometry":{"type":"Polygon","coordinates":[[[26.494,55.615],[26.588,55.167],[25.768,54.847],[25.536,54.282],[24.451,53.906],[23.484,53.912],[23.244,54.221],[22.731,54.328],[22.651,54.583],[22.758,54.857],[22.316,55.015],[21.268,55.19],[21.056,56.031],[22.201,56.338],[23.878,56.274],[24.861,56.373],[25.001,56.165],[25.533,56.1],[26.494,55.615]]]}},{"type":"Feature","properties":{"scalerank":1,"featurecla":"Admin-0 country","LABELRANK":6,"SOVEREIGNT":"Luxembourg","SOV_A3":"LUX","ADM0_DIF":0,"LEVEL":2,"TYPE":"Sovereign country","ADMIN":"Luxembourg","ADM0_A3":"LUX","GEOU_DIF":0,"GEOUNIT":"Luxembourg","GU_A3":"LUX","SU_DIF":0,"SUBUNIT":"Luxembourg","SU_A3":"LUX","BRK_DIFF":0,"NAME":"Luxembourg","NAME_LONG":"Luxembourg","BRK_A3":"LUX","BRK_NAME":"Luxembourg","BRK_GROUP":null,"ABBREV":"Lux.","POSTAL":"L","FORMAL_EN":"Grand Duchy of Luxembourg","FORMAL_FR":null,"NAME_CIAWF":"Luxembourg","NOTE_ADM0":null,"NOTE_BRK":null,"NAME_SORT":"Luxembourg","NAME_ALT":null,"MAPCOLOR7":1,"MAPCOLOR8":7,"MAPCOLOR9":3,"MAPCOLOR13":7,"POP_EST":594130,"POP_RANK":11,"GDP_MD_EST":58740,"POP_YEAR":2017,"LASTCENSUS":2011,"GDP_YEAR":2016,"ECONOMY":"2. Developed region: nonG7","INCOME_GRP":"1. High income: OECD","WIKIPEDIA":-99,"FIPS_10_":"LU","ISO_A2":"LU","ISO_A3":"LUX","ISO_A3_EH":"LUX","ISO_N3":"442","UN_A3":"442","WB_A2":"LU","WB_A3":"LUX","WOE_ID":23424881,"WOE_ID_EH":23424881,"WOE_NOTE":"Exact WOE match as country","ADM0_A3_IS":"LUX","ADM0_A3_US":"LUX","ADM0_A3_UN":-99,"ADM0_A3_WB":-99,"CONTINENT":"Europe","REGION_UN":"Europe","SUBREGION":"Western Europe","REGION_WB":"Europe & Central Asia","NAME_LEN":10,"LONG_LEN":10,"ABBREV_LEN":4,"TINY":5,"HOMEPART":1,"MIN_ZOOM":0,"MIN_LABEL":5.7,"MAX_LABEL":10},"bbox":[5.674052,49.442667,6.242751,50.128052],"geometry":{"type":"Polygon","coordinates":[[[5.674,49.529],[5.782,50.09],[6.043,50.128],[6.243,49.902],[6.186,49.464],[5.898,49.443],[5.674,49.529]]]}},{"type":"Feature","properties":{"scalerank":1,"featurecla":"Admin-0 country","LABELRANK":5,"SOVEREIGNT":"Latvia","SOV_A3":"LVA","ADM0_DIF":0,"LEVEL":2,"TYPE":"Sovereign country","ADMIN":"Latvia","ADM0_A3":"LVA","GEOU_DIF":0,"GEOUNIT":"Latvia","GU_A3":"LVA","SU_DIF":0,"SUBUNIT":"Latvia","SU_A3":"LVA","BRK_DIFF":0,"NAME":"Latvia","NAME_LONG":"Latvia","BRK_A3":"LVA","BRK_NAME":"Latvia","BRK_GROUP":null,"ABBREV":"Lat.","POSTAL":"LV","FORMAL_EN":"Republic of Latvia","FORMAL_FR":null,"NAME_CIAWF":"Latvia","NOTE_ADM0":null,"NOTE_BRK":null,"NAME_SORT":"Latvia","NAME_ALT":null,"MAPCOLOR7":4,"MAPCOLOR8":7,"MAPCOLOR9":6,"MAPCOLOR13":13,"POP_EST":1944643,"POP_RANK":12,"GDP_MD_EST":50650,"POP_YEAR":2017,"LASTCENSUS":2011,"GDP_YEAR":2016,"ECONOMY":"2. Developed region: nonG7","INCOME_GRP":"3. Upper middle income","WIKIPEDIA":-99,"FIPS_10_":"LG","ISO_A2":"LV","ISO_A3":"LVA","ISO_A3_EH":"LVA","ISO_N3":"428","UN_A3":"428","WB_A2":"LV","WB_A3":"LVA","WOE_ID":23424874,"WOE_ID_EH":23424874,"WOE_NOTE":"Exact WOE match as country","ADM0_A3_IS":"LVA","ADM0_A3_US":"LVA","ADM0_A3_UN":-99,"ADM0_A3_WB":-99,"CONTINENT":"Europe","REGION_UN":"Europe","SUBREGION":"Northern Europe","REGION_WB":"Europe & Central Asia","NAME_LEN":6,"LONG_LEN":6,"ABBREV_LEN":4,"TINY":-99,"HOMEPART":1,"MIN_ZOOM":0,"MIN_LABEL":4,"MAX_LABEL":9},"bbox":[21.0558,55.615107,28.176709,57.970157],"geometry":{"type":"Polygon","coordinates":[[[28.177,56.169],[27.102,55.783],[26.494,55.615],[25.533,56.1],[25.001,56.165],[24.861,56.373],[23.878,56.274],[22.201,56.338],[21.056,56.031],[21.09,56.784],[21.582,57.412],[22.524,57.753],[23.318,57.006],[24.121,57.026],[24.313,57.793],[25.165,57.97],[25.603,57.848],[26.464,57.476],[27.288,57.475],[27.77,57.244],[27.855,56.759],[28.177,56.169]]]}},{"type":"Feature","properties":{"scalerank":1,"featurecla":"Admin-0 country","LABELRANK":3,"SOVEREIGNT":"Morocco","SOV_A3":"MAR","ADM0_DIF":0,"LEVEL":2,"TYPE":"Sovereign country","ADMIN":"Morocco","ADM0_A3":"MAR","GEOU_DIF":0,"GEOUNIT":"Morocco","GU_A3":"MAR","SU_DIF":0,"SUBUNIT":"Morocco","SU_A3":"MAR","BRK_DIFF":0,"NAME":"Morocco","NAME_LONG":"Morocco","BRK_A3":"MAR","BRK_NAME":"Morocco","BRK_GROUP":null,"ABBREV":"Mor.","POSTAL":"MA","FORMAL_EN":"Kingdom of Morocco","FORMAL_FR":null,"NAME_CIAWF":"Morocco","NOTE_ADM0":null,"NOTE_BRK":null,"NAME_SORT":"Morocco","NAME_ALT":null,"MAPCOLOR7":2,"MAPCOLOR8":2,"MAPCOLOR9":3,"MAPCOLOR13":9,"POP_EST":33986655,"POP_RANK":15,"GDP_MD_EST":282800,"POP_YEAR":2017,"LASTCENSUS":2004,"GDP_YEAR":2016,"ECONOMY":"6. Developing region","INCOME_GRP":"4. Lower middle income","WIKIPEDIA":-99,"FIPS_10_":"MO","ISO_A2":"MA","ISO_A3":"MAR","ISO_A3_EH":"MAR","ISO_N3":"504","UN_A3":"504","WB_A2":"MA","WB_A3":"MAR","WOE_ID":23424893,"WOE_ID_EH":23424893,"WOE_NOTE":"Exact WOE match as country","ADM0_A3_IS":"MAR","ADM0_A3_US":"MAR","ADM0_A3_UN":-99,"ADM0_A3_WB":-99,"CONTINENT":"Africa","REGION_UN":"Africa","SUBREGION":"Northern Africa","REGION_WB":"Middle East & North Africa","NAME_LEN":7,"LONG_LEN":7,"ABBREV_LEN":4,"TINY":-99,"HOMEPART":1,"MIN_ZOOM":0,"MIN_LABEL":3,"MAX_LABEL":8},"bbox":[-17.020428,21.420734,-1.124551,35.759988],"geometry":{"type":"Polygon","coordinates":[[[-2.17,35.168],[-1.793,34.528],[-1.733,33.92],[-1.388,32.864],[-1.125,32.652],[-1.308,32.263],[-2.617,32.094],[-3.069,31.724],[-3.647,31.637],[-3.69,30.897],[-4.86,30.501],[-5.242,30],[-6.061,29.732],[-7.059,29.579],[-8.674,28.841],[-8.666,27.656],[-8.818,27.656],[-8.795,27.121],[-9.413,27.088],[-9.735,26.861],[-10.189,26.861],[-10.551,26.991],[-11.393,26.883],[-11.718,26.104],[-12.031,26.031],[-12.501,24.77],[-13.891,23.691],[-14.221,22.31],[-14.631,21.861],[-14.751,21.501],[-17.003,21.421],[-17.02,21.422],[-16.973,21.886],[-16.589,22.158],[-16.262,22.679],[-16.326,23.018],[-15.983,23.723],[-15.426,24.359],[-15.089,24.52],[-14.825,25.104],[-14.801,25.636],[-14.44,26.254],[-13.774,26.619],[-13.14,27.64],[-13.122,27.654],[-12.619,28.038],[-11.689,28.149],[-10.901,28.832],[-10.4,29.099],[-9.565,29.934],[-9.815,31.178],[-9.435,32.038],[-9.301,32.565],[-8.657,33.24],[-7.654,33.697],[-6.913,34.11],[-6.244,35.146],[-5.93,35.76],[-5.194,35.755],[-4.591,35.331],[-3.64,35.4],[-2.604,35.179],[-2.17,35.168]]]}},{"type":"Feature","properties":{"scalerank":1,"featurecla":"Admin-0 country","LABELRANK":6,"SOVEREIGNT":"Moldova","SOV_A3":"MDA","ADM0_DIF":0,"LEVEL":2,"TYPE":"Sovereign country","ADMIN":"Moldova","ADM0_A3":"MDA","GEOU_DIF":0,"GEOUNIT":"Moldova","GU_A3":"MDA","SU_DIF":0,"SUBUNIT":"Moldova","SU_A3":"MDA","BRK_DIFF":0,"NAME":"Moldova","NAME_LONG":"Moldova","BRK_A3":"MDA","BRK_NAME":"Moldova","BRK_GROUP":null,"ABBREV":"Mda.","POSTAL":"MD","FORMAL_EN":"Republic of Moldova","FORMAL_FR":null,"NAME_CIAWF":"Moldova","NOTE_ADM0":null,"NOTE_BRK":null,"NAME_SORT":"Moldova","NAME_ALT":null,"MAPCOLOR7":3,"MAPCOLOR8":5,"MAPCOLOR9":4,"MAPCOLOR13":12,"POP_EST":3474121,"POP_RANK":12,"GDP_MD_EST":18540,"POP_YEAR":2017,"LASTCENSUS":2004,"GDP_YEAR":2016,"ECONOMY":"6. Developing region","INCOME_GRP":"4. Lower middle income","WIKIPEDIA":-99,"FIPS_10_":"MD","ISO_A2":"MD","ISO_A3":"MDA","ISO_A3_EH":"MDA","ISO_N3":"498","UN_A3":"498","WB_A2":"MD","WB_A3":"MDA","WOE_ID":23424885,"WOE_ID_EH":23424885,"WOE_NOTE":"Exact WOE match as country","ADM0_A3_IS":"MDA","ADM0_A3_US":"MDA","ADM0_A3_UN":-99,"ADM0_A3_WB":-99,"CONTINENT":"Europe","REGION_UN":"Europe","SUBREGION":"Eastern Europe","REGION_WB":"Europe & Central Asia","NAME_LEN":7,"LONG_LEN":7,"ABBREV_LEN":4,"TINY":-99,"HOMEPART":1,"MIN_ZOOM":0,"MIN_LABEL":5,"MAX_LABEL":10},"bbox":[26.619337,45.488283,30.024659,48.467119],"geometry":{"type":"Polygon","coordinates":[[[26.619,48.221],[26.858,48.368],[27.523,48.467],[28.26,48.156],[28.671,48.118],[29.123,47.849],[29.051,47.51],[29.415,47.347],[29.56,46.929],[29.909,46.674],[29.838,46.525],[30.025,46.424],[29.76,46.35],[29.171,46.379],[29.072,46.518],[28.863,46.438],[28.934,46.259],[28.66,45.94],[28.485,45.597],[28.234,45.488],[28.054,45.945],[28.16,46.372],[28.128,46.81],[27.551,47.405],[27.234,47.827],[26.924,48.123],[26.619,48.221]]]}},{"type":"Feature","properties":{"scalerank":1,"featurecla":"Admin-0 country","LABELRANK":3,"SOVEREIGNT":"Madagascar","SOV_A3":"MDG","ADM0_DIF":0,"LEVEL":2,"TYPE":"Sovereign country","ADMIN":"Madagascar","ADM0_A3":"MDG","GEOU_DIF":0,"GEOUNIT":"Madagascar","GU_A3":"MDG","SU_DIF":0,"SUBUNIT":"Madagascar","SU_A3":"MDG","BRK_DIFF":0,"NAME":"Madagascar","NAME_LONG":"Madagascar","BRK_A3":"MDG","BRK_NAME":"Madagascar","BRK_GROUP":null,"ABBREV":"Mad.","POSTAL":"MG","FORMAL_EN":"Republic of Madagascar","FORMAL_FR":null,"NAME_CIAWF":"Madagascar","NOTE_ADM0":null,"NOTE_BRK":null,"NAME_SORT":"Madagascar","NAME_ALT":null,"MAPCOLOR7":6,"MAPCOLOR8":5,"MAPCOLOR9":2,"MAPCOLOR13":3,"POP_EST":25054161,"POP_RANK":15,"GDP_MD_EST":36860,"POP_YEAR":2017,"LASTCENSUS":1993,"GDP_YEAR":2016,"ECONOMY":"7. Least developed region","INCOME_GRP":"5. Low income","WIKIPEDIA":-99,"FIPS_10_":"MA","ISO_A2":"MG","ISO_A3":"MDG","ISO_A3_EH":"MDG","ISO_N3":"450","UN_A3":"450","WB_A2":"MG","WB_A3":"MDG","WOE_ID":23424883,"WOE_ID_EH":23424883,"WOE_NOTE":"Exact WOE match as country","ADM0_A3_IS":"MDG","ADM0_A3_US":"MDG","ADM0_A3_UN":-99,"ADM0_A3_WB":-99,"CONTINENT":"Africa","REGION_UN":"Africa","SUBREGION":"Eastern Africa","REGION_WB":"Sub-Saharan Africa","NAME_LEN":10,"LONG_LEN":10,"ABBREV_LEN":4,"TINY":-99,"HOMEPART":1,"MIN_ZOOM":0,"MIN_LABEL":3,"MAX_LABEL":7},"bbox":[43.254187,-25.601434,50.476537,-12.040557],"geometry":{"type":"Polygon","coordinates":[[[49.544,-12.47],[49.809,-12.895],[50.057,-13.556],[50.217,-14.759],[50.477,-15.227],[50.377,-15.706],[50.2,-16],[49.861,-15.414],[49.673,-15.71],[49.863,-16.451],[49.775,-16.875],[49.499,-17.106],[49.436,-17.953],[49.042,-19.119],[48.549,-20.497],[47.931,-22.392],[47.548,-23.782],[47.096,-24.942],[46.282,-25.178],[45.41,-25.601],[44.834,-25.346],[44.04,-24.988],[43.764,-24.461],[43.698,-23.574],[43.346,-22.777],[43.254,-22.057],[43.433,-21.336],[43.894,-21.163],[43.896,-20.83],[44.374,-20.072],[44.464,-19.435],[44.232,-18.962],[44.043,-18.331],[43.963,-17.41],[44.312,-16.85],[44.447,-16.216],[44.945,-16.179],[45.503,-15.974],[45.873,-15.793],[46.312,-15.78],[46.882,-15.21],[47.705,-14.594],[48.005,-14.091],[47.869,-13.664],[48.294,-13.784],[48.845,-13.089],[48.864,-12.488],[49.195,-12.041],[49.544,-12.47]]]}},{"type":"Feature","properties":{"scalerank":1,"featurecla":"Admin-0 country","LABELRANK":2,"SOVEREIGNT":"Mexico","SOV_A3":"MEX","ADM0_DIF":0,"LEVEL":2,"TYPE":"Sovereign country","ADMIN":"Mexico","ADM0_A3":"MEX","GEOU_DIF":0,"GEOUNIT":"Mexico","GU_A3":"MEX","SU_DIF":0,"SUBUNIT":"Mexico","SU_A3":"MEX","BRK_DIFF":0,"NAME":"Mexico","NAME_LONG":"Mexico","BRK_A3":"MEX","BRK_NAME":"Mexico","BRK_GROUP":null,"ABBREV":"Mex.","POSTAL":"MX","FORMAL_EN":"United Mexican States","FORMAL_FR":null,"NAME_CIAWF":"Mexico","NOTE_ADM0":null,"NOTE_BRK":null,"NAME_SORT":"Mexico","NAME_ALT":null,"MAPCOLOR7":6,"MAPCOLOR8":1,"MAPCOLOR9":7,"MAPCOLOR13":3,"POP_EST":124574795,"POP_RANK":17,"GDP_MD_EST":2307000,"POP_YEAR":2017,"LASTCENSUS":2010,"GDP_YEAR":2016,"ECONOMY":"4. Emerging region: MIKT","INCOME_GRP":"3. Upper middle income","WIKIPEDIA":-99,"FIPS_10_":"MX","ISO_A2":"MX","ISO_A3":"MEX","ISO_A3_EH":"MEX","ISO_N3":"484","UN_A3":"484","WB_A2":"MX","WB_A3":"MEX","WOE_ID":23424900,"WOE_ID_EH":23424900,"WOE_NOTE":"Exact WOE match as country","ADM0_A3_IS":"MEX","ADM0_A3_US":"MEX","ADM0_A3_UN":-99,"ADM0_A3_WB":-99,"CONTINENT":"North America","REGION_UN":"Americas","SUBREGION":"Central America","REGION_WB":"Latin America & Caribbean","NAME_LEN":6,"LONG_LEN":6,"ABBREV_LEN":4,"TINY":-99,"HOMEPART":1,"MIN_ZOOM":0,"MIN_LABEL":2,"MAX_LABEL":6.7},"bbox":[-117.12776,14.538829,-86.811982,32.72083],"geometry":{"type":"Polygon","coordinates":[[[-88.3,18.5],[-88.49,18.487],[-88.848,17.883],[-89.03,18.002],[-89.151,17.955],[-89.143,17.808],[-90.068,17.819],[-91.002,17.818],[-91.002,17.255],[-91.454,17.252],[-91.082,16.918],[-90.712,16.687],[-90.601,16.471],[-90.439,16.41],[-90.464,16.07],[-91.748,16.067],[-92.229,15.251],[-92.087,15.065],[-92.203,14.83],[-92.228,14.539],[-93.359,15.615],[-93.875,15.94],[-94.692,16.201],[-95.25,16.128],[-96.053,15.752],[-96.557,15.654],[-97.264,15.917],[-98.013,16.107],[-98.948,16.566],[-99.697,16.706],[-100.829,17.171],[-101.666,17.649],[-101.919,17.916],[-102.478,17.976],[-103.501,18.292],[-103.918,18.749],[-104.992,19.316],[-105.493,19.947],[-105.731,20.434],[-105.398,20.532],[-105.501,20.817],[-105.271,21.076],[-105.266,21.422],[-105.603,21.871],[-105.693,22.269],[-106.029,22.774],[-106.91,23.768],[-107.915,24.549],[-108.402,25.172],[-109.26,25.581],[-109.444,25.825],[-109.292,26.443],[-109.801,26.676],[-110.392,27.162],[-110.641,27.86],[-111.179,27.941],[-111.76,28.468],[-112.228,28.954],[-112.272,29.267],[-112.81,30.021],[-113.164,30.787],[-113.149,31.171],[-113.872,31.568],[-114.206,31.524],[-114.776,31.8],[-114.937,31.393],[-114.771,30.914],[-114.674,30.163],[-114.331,29.75],[-113.589,29.062],[-113.424,28.826],[-113.272,28.755],[-113.14,28.411],[-112.962,28.425],[-112.762,27.78],[-112.458,27.526],[-112.245,27.172],[-111.616,26.663],[-111.285,25.733],[-110.988,25.295],[-110.71,24.826],[-110.655,24.299],[-110.173,24.266],[-109.772,23.811],[-109.409,23.365],[-109.433,23.186],[-109.854,22.818],[-110.031,22.823],[-110.295,23.431],[-110.95,24.001],[-111.671,24.484],[-112.182,24.738],[-112.149,25.47],[-112.301,26.012],[-112.777,26.322],[-113.465,26.768],[-113.597,26.639],[-113.849,26.9],[-114.466,27.142],[-115.055,27.723],[-114.982,27.798],[-114.57,27.741],[-114.199,28.115],[-114.162,28.566],[-114.932,29.279],[-115.519,29.556],[-115.887,30.181],[-116.258,30.836],[-116.722,31.636],[-117.128,32.535],[-115.991,32.612],[-114.721,32.721],[-114.815,32.525],[-113.305,32.039],[-111.024,31.335],[-109.035,31.342],[-108.242,31.342],[-108.24,31.755],[-106.508,31.755],[-106.143,31.4],[-105.632,31.084],[-105.037,30.644],[-104.706,30.122],[-104.457,29.572],[-103.94,29.27],[-103.11,28.97],[-102.48,29.76],[-101.662,29.779],[-100.958,29.381],[-100.456,28.696],[-100.11,28.11],[-99.52,27.54],[-99.3,26.84],[-99.02,26.37],[-98.24,26.06],[-97.53,25.84],[-97.14,25.87],[-97.528,24.992],[-97.703,24.272],[-97.776,22.933],[-97.872,22.444],[-97.699,21.899],[-97.389,21.411],[-97.189,20.635],[-96.526,19.891],[-96.292,19.32],[-95.901,18.828],[-94.839,18.563],[-94.426,18.144],[-93.549,18.424],[-92.786,18.525],[-92.037,18.705],[-91.408,18.876],[-90.772,19.284],[-90.534,19.867],[-90.451,20.708],[-90.279,21],[-89.601,21.262],[-88.544,21.494],[-87.658,21.459],[-87.052,21.544],[-86.812,21.332],[-86.846,20.85],[-87.383,20.255],[-87.621,19.647],[-87.437,19.472],[-87.587,19.04],[-87.837,18.26],[-88.091,18.517],[-88.3,18.5]]]}},{"type":"Feature","properties":{"scalerank":1,"featurecla":"Admin-0 country","LABELRANK":6,"SOVEREIGNT":"Macedonia","SOV_A3":"MKD","ADM0_DIF":0,"LEVEL":2,"TYPE":"Sovereign country","ADMIN":"Macedonia","ADM0_A3":"MKD","GEOU_DIF":0,"GEOUNIT":"Macedonia","GU_A3":"MKD","SU_DIF":0,"SUBUNIT":"Macedonia","SU_A3":"MKD","BRK_DIFF":0,"NAME":"Macedonia","NAME_LONG":"Macedonia","BRK_A3":"MKD","BRK_NAME":"Macedonia","BRK_GROUP":null,"ABBREV":"Mkd.","POSTAL":"MK","FORMAL_EN":"Former Yugoslav Republic of Macedonia","FORMAL_FR":null,"NAME_CIAWF":"Macedonia","NOTE_ADM0":null,"NOTE_BRK":null,"NAME_SORT":"Macedonia, FYR","NAME_ALT":null,"MAPCOLOR7":5,"MAPCOLOR8":3,"MAPCOLOR9":7,"MAPCOLOR13":3,"POP_EST":2103721,"POP_RANK":12,"GDP_MD_EST":29520,"POP_YEAR":2017,"LASTCENSUS":2010,"GDP_YEAR":2016,"ECONOMY":"6. Developing region","INCOME_GRP":"3. Upper middle income","WIKIPEDIA":-99,"FIPS_10_":"MK","ISO_A2":"MK","ISO_A3":"MKD","ISO_A3_EH":"MKD","ISO_N3":"807","UN_A3":"807","WB_A2":"MK","WB_A3":"MKD","WOE_ID":23424890,"WOE_ID_EH":23424890,"WOE_NOTE":"Exact WOE match as country","ADM0_A3_IS":"MKD","ADM0_A3_US":"MKD","ADM0_A3_UN":-99,"ADM0_A3_WB":-99,"CONTINENT":"Europe","REGION_UN":"Europe","SUBREGION":"Southern Europe","REGION_WB":"Europe & Central Asia","NAME_LEN":9,"LONG_LEN":9,"ABBREV_LEN":4,"TINY":-99,"HOMEPART":1,"MIN_ZOOM":0,"MIN_LABEL":5,"MAX_LABEL":10},"bbox":[20.463175,40.842727,22.952377,42.32026],"geometry":{"type":"Polygon","coordinates":[[[21.02,40.843],[20.605,41.086],[20.463,41.515],[20.59,41.855],[20.59,41.855],[20.717,41.847],[20.762,42.052],[21.353,42.207],[21.577,42.245],[21.917,42.304],[22.381,42.32],[22.881,41.999],[22.952,41.338],[22.762,41.305],[22.597,41.13],[22.055,41.15],[21.674,40.931],[21.02,40.843]]]}},{"type":"Feature","properties":{"scalerank":1,"featurecla":"Admin-0 country","LABELRANK":3,"SOVEREIGNT":"Mali","SOV_A3":"MLI","ADM0_DIF":0,"LEVEL":2,"TYPE":"Sovereign country","ADMIN":"Mali","ADM0_A3":"MLI","GEOU_DIF":0,"GEOUNIT":"Mali","GU_A3":"MLI","SU_DIF":0,"SUBUNIT":"Mali","SU_A3":"MLI","BRK_DIFF":0,"NAME":"Mali","NAME_LONG":"Mali","BRK_A3":"MLI","BRK_NAME":"Mali","BRK_GROUP":null,"ABBREV":"Mali","POSTAL":"ML","FORMAL_EN":"Republic of Mali","FORMAL_FR":null,"NAME_CIAWF":"Mali","NOTE_ADM0":null,"NOTE_BRK":null,"NAME_SORT":"Mali","NAME_ALT":null,"MAPCOLOR7":1,"MAPCOLOR8":4,"MAPCOLOR9":1,"MAPCOLOR13":7,"POP_EST":17885245,"POP_RANK":14,"GDP_MD_EST":38090,"POP_YEAR":2017,"LASTCENSUS":2009,"GDP_YEAR":2016,"ECONOMY":"7. Least developed region","INCOME_GRP":"5. Low income","WIKIPEDIA":-99,"FIPS_10_":"ML","ISO_A2":"ML","ISO_A3":"MLI","ISO_A3_EH":"MLI","ISO_N3":"466","UN_A3":"466","WB_A2":"ML","WB_A3":"MLI","WOE_ID":23424891,"WOE_ID_EH":23424891,"WOE_NOTE":"Exact WOE match as country","ADM0_A3_IS":"MLI","ADM0_A3_US":"MLI","ADM0_A3_UN":-99,"ADM0_A3_WB":-99,"CONTINENT":"Africa","REGION_UN":"Africa","SUBREGION":"Western Africa","REGION_WB":"Sub-Saharan Africa","NAME_LEN":4,"LONG_LEN":4,"ABBREV_LEN":4,"TINY":-99,"HOMEPART":1,"MIN_ZOOM":0,"MIN_LABEL":3,"MAX_LABEL":7},"bbox":[-12.17075,10.096361,4.27021,24.974574],"geometry":{"type":"Polygon","coordinates":[[[0.375,14.929],[-0.266,14.924],[-0.516,15.116],[-1.066,14.974],[-2.001,14.559],[-2.192,14.246],[-2.968,13.798],[-3.104,13.541],[-3.523,13.338],[-4.006,13.472],[-4.28,13.228],[-4.427,12.543],[-5.221,11.714],[-5.198,11.375],[-5.471,10.951],[-5.404,10.371],[-5.817,10.223],[-6.05,10.096],[-6.205,10.524],[-6.494,10.411],[-6.666,10.431],[-6.851,10.139],[-7.623,10.147],[-7.9,10.297],[-8.03,10.207],[-8.335,10.495],[-8.282,10.793],[-8.407,10.909],[-8.62,10.811],[-8.581,11.136],[-8.376,11.394],[-8.786,11.813],[-8.905,12.088],[-9.127,12.308],[-9.328,12.334],[-9.568,12.194],[-9.891,12.06],[-10.165,11.844],[-10.593,11.924],[-10.871,12.178],[-11.037,12.211],[-11.298,12.078],[-11.456,12.077],[-11.514,12.443],[-11.468,12.755],[-11.553,13.141],[-11.928,13.422],[-12.125,13.995],[-12.171,14.617],[-11.834,14.799],[-11.666,15.388],[-11.349,15.411],[-10.651,15.133],[-10.087,15.33],[-9.7,15.264],[-9.55,15.486],[-5.538,15.502],[-5.315,16.202],[-5.489,16.325],[-5.971,20.641],[-6.454,24.957],[-4.923,24.975],[-1.55,22.793],[1.823,20.611],[2.061,20.142],[2.684,19.856],[3.147,19.694],[3.158,19.057],[4.267,19.155],[4.27,16.852],[3.723,16.184],[3.638,15.568],[2.75,15.41],[1.386,15.324],[1.016,14.968],[0.375,14.929]]]}},{"type":"Feature","properties":{"scalerank":1,"featurecla":"Admin-0 country","LABELRANK":3,"SOVEREIGNT":"Myanmar","SOV_A3":"MMR","ADM0_DIF":0,"LEVEL":2,"TYPE":"Sovereign country","ADMIN":"Myanmar","ADM0_A3":"MMR","GEOU_DIF":0,"GEOUNIT":"Myanmar","GU_A3":"MMR","SU_DIF":0,"SUBUNIT":"Myanmar","SU_A3":"MMR","BRK_DIFF":0,"NAME":"Myanmar","NAME_LONG":"Myanmar","BRK_A3":"MMR","BRK_NAME":"Myanmar","BRK_GROUP":null,"ABBREV":"Myan.","POSTAL":"MM","FORMAL_EN":"Republic of the Union of Myanmar","FORMAL_FR":null,"NAME_CIAWF":"Burma","NOTE_ADM0":null,"NOTE_BRK":null,"NAME_SORT":"Myanmar","NAME_ALT":null,"MAPCOLOR7":2,"MAPCOLOR8":2,"MAPCOLOR9":5,"MAPCOLOR13":13,"POP_EST":55123814,"POP_RANK":16,"GDP_MD_EST":311100,"POP_YEAR":2017,"LASTCENSUS":1983,"GDP_YEAR":2016,"ECONOMY":"7. Least developed region","INCOME_GRP":"5. Low income","WIKIPEDIA":-99,"FIPS_10_":"BM","ISO_A2":"MM","ISO_A3":"MMR","ISO_A3_EH":"MMR","ISO_N3":"104","UN_A3":"104","WB_A2":"MM","WB_A3":"MMR","WOE_ID":23424763,"WOE_ID_EH":23424763,"WOE_NOTE":"Exact WOE match as country","ADM0_A3_IS":"MMR","ADM0_A3_US":"MMR","ADM0_A3_UN":-99,"ADM0_A3_WB":-99,"CONTINENT":"Asia","REGION_UN":"Asia","SUBREGION":"South-Eastern Asia","REGION_WB":"East Asia & Pacific","NAME_LEN":7,"LONG_LEN":7,"ABBREV_LEN":5,"TINY":-99,"HOMEPART":1,"MIN_ZOOM":0,"MIN_LABEL":3,"MAX_LABEL":8},"bbox":[92.303234,9.93296,101.180005,28.335945],"geometry":{"type":"Polygon","coordinates":[[[92.369,20.671],[92.303,21.475],[92.652,21.324],[92.673,22.041],[93.166,22.278],[93.06,22.703],[93.286,23.044],[93.325,24.079],[94.107,23.851],[94.553,24.675],[94.603,25.162],[95.155,26.001],[95.125,26.574],[96.419,27.265],[97.134,27.084],[97.052,27.699],[97.403,27.883],[97.327,28.262],[97.912,28.336],[98.246,27.747],[98.683,27.509],[98.712,26.744],[98.672,25.919],[97.725,25.084],[97.605,23.897],[98.66,24.063],[98.899,23.143],[99.532,22.949],[99.241,22.118],[99.983,21.743],[100.417,21.559],[101.15,21.85],[101.18,21.437],[100.329,20.786],[100.116,20.418],[99.543,20.187],[98.96,19.753],[98.254,19.708],[97.798,18.627],[97.376,18.445],[97.859,17.568],[98.494,16.838],[98.903,16.178],[98.537,15.308],[98.192,15.124],[98.431,14.622],[99.098,13.828],[99.212,13.269],[99.196,12.805],[99.587,11.893],[99.038,10.961],[98.554,9.933],[98.457,10.675],[98.765,11.441],[98.428,12.033],[98.51,13.122],[98.104,13.64],[97.778,14.837],[97.597,16.101],[97.165,16.929],[96.506,16.427],[95.369,15.714],[94.808,15.803],[94.189,16.038],[94.533,17.277],[94.325,18.214],[93.541,19.366],[93.663,19.727],[93.078,19.855],[92.369,20.671]]]}},{"type":"Feature","properties":{"scalerank":1,"featurecla":"Admin-0 country","LABELRANK":6,"SOVEREIGNT":"Montenegro","SOV_A3":"MNE","ADM0_DIF":0,"LEVEL":2,"TYPE":"Sovereign country","ADMIN":"Montenegro","ADM0_A3":"MNE","GEOU_DIF":0,"GEOUNIT":"Montenegro","GU_A3":"MNE","SU_DIF":0,"SUBUNIT":"Montenegro","SU_A3":"MNE","BRK_DIFF":0,"NAME":"Montenegro","NAME_LONG":"Montenegro","BRK_A3":"MNE","BRK_NAME":"Montenegro","BRK_GROUP":null,"ABBREV":"Mont.","POSTAL":"ME","FORMAL_EN":"Montenegro","FORMAL_FR":null,"NAME_CIAWF":"Montenegro","NOTE_ADM0":null,"NOTE_BRK":null,"NAME_SORT":"Montenegro","NAME_ALT":null,"MAPCOLOR7":4,"MAPCOLOR8":1,"MAPCOLOR9":4,"MAPCOLOR13":5,"POP_EST":642550,"POP_RANK":11,"GDP_MD_EST":10610,"POP_YEAR":2017,"LASTCENSUS":2011,"GDP_YEAR":2016,"ECONOMY":"6. Developing region","INCOME_GRP":"3. Upper middle income","WIKIPEDIA":-99,"FIPS_10_":"MJ","ISO_A2":"ME","ISO_A3":"MNE","ISO_A3_EH":"MNE","ISO_N3":"499","UN_A3":"499","WB_A2":"ME","WB_A3":"MNE","WOE_ID":20069817,"WOE_ID_EH":20069817,"WOE_NOTE":"Exact WOE match as country","ADM0_A3_IS":"MNE","ADM0_A3_US":"MNE","ADM0_A3_UN":-99,"ADM0_A3_WB":-99,"CONTINENT":"Europe","REGION_UN":"Europe","SUBREGION":"Southern Europe","REGION_WB":"Europe & Central Asia","NAME_LEN":10,"LONG_LEN":10,"ABBREV_LEN":5,"TINY":-99,"HOMEPART":1,"MIN_ZOOM":0,"MIN_LABEL":5,"MAX_LABEL":10},"bbox":[18.450017,41.877551,20.3398,43.52384],"geometry":{"type":"Polygon","coordinates":[[[20.071,42.589],[19.802,42.5],[19.738,42.688],[19.304,42.196],[19.372,41.878],[19.162,41.955],[18.882,42.282],[18.45,42.48],[18.56,42.65],[18.706,43.2],[19.032,43.433],[19.219,43.524],[19.484,43.352],[19.63,43.214],[19.959,43.106],[20.34,42.899],[20.258,42.813],[20.071,42.589]]]}},{"type":"Feature","properties":{"scalerank":1,"featurecla":"Admin-0 country","LABELRANK":3,"SOVEREIGNT":"Mongolia","SOV_A3":"MNG","ADM0_DIF":0,"LEVEL":2,"TYPE":"Sovereign country","ADMIN":"Mongolia","ADM0_A3":"MNG","GEOU_DIF":0,"GEOUNIT":"Mongolia","GU_A3":"MNG","SU_DIF":0,"SUBUNIT":"Mongolia","SU_A3":"MNG","BRK_DIFF":0,"NAME":"Mongolia","NAME_LONG":"Mongolia","BRK_A3":"MNG","BRK_NAME":"Mongolia","BRK_GROUP":null,"ABBREV":"Mong.","POSTAL":"MN","FORMAL_EN":"Mongolia","FORMAL_FR":null,"NAME_CIAWF":"Mongolia","NOTE_ADM0":null,"NOTE_BRK":null,"NAME_SORT":"Mongolia","NAME_ALT":null,"MAPCOLOR7":3,"MAPCOLOR8":5,"MAPCOLOR9":5,"MAPCOLOR13":6,"POP_EST":3068243,"POP_RANK":12,"GDP_MD_EST":37000,"POP_YEAR":2017,"LASTCENSUS":2010,"GDP_YEAR":2016,"ECONOMY":"6. Developing region","INCOME_GRP":"4. Lower middle income","WIKIPEDIA":-99,"FIPS_10_":"MG","ISO_A2":"MN","ISO_A3":"MNG","ISO_A3_EH":"MNG","ISO_N3":"496","UN_A3":"496","WB_A2":"MN","WB_A3":"MNG","WOE_ID":23424887,"WOE_ID_EH":23424887,"WOE_NOTE":"Exact WOE match as country","ADM0_A3_IS":"MNG","ADM0_A3_US":"MNG","ADM0_A3_UN":-99,"ADM0_A3_WB":-99,"CONTINENT":"Asia","REGION_UN":"Asia","SUBREGION":"Eastern Asia","REGION_WB":"East Asia & Pacific","NAME_LEN":8,"LONG_LEN":8,"ABBREV_LEN":5,"TINY":-99,"HOMEPART":1,"MIN_ZOOM":0,"MIN_LABEL":3,"MAX_LABEL":7},"bbox":[87.751264,41.59741,119.772824,52.047366],"geometry":{"type":"Polygon","coordinates":[[[116.679,49.889],[116.192,49.135],[115.485,48.135],[115.743,47.727],[116.309,47.853],[117.296,47.698],[118.064,48.067],[118.867,47.747],[119.773,47.048],[119.663,46.693],[118.874,46.805],[117.422,46.673],[116.718,46.388],[115.985,45.727],[114.46,45.34],[113.464,44.809],[112.436,45.012],[111.873,45.102],[111.348,44.457],[111.668,44.073],[111.83,43.743],[111.13,43.407],[110.412,42.871],[109.244,42.519],[107.745,42.482],[106.129,42.134],[104.965,41.597],[104.522,41.908],[103.312,41.907],[101.833,42.515],[100.846,42.664],[99.516,42.525],[97.452,42.749],[96.349,42.726],[95.762,43.319],[95.307,44.241],[94.689,44.352],[93.481,44.975],[92.134,45.115],[90.946,45.286],[90.586,45.72],[90.971,46.888],[90.281,47.694],[88.854,48.069],[88.014,48.599],[87.751,49.297],[88.806,49.471],[90.714,50.332],[92.235,50.802],[93.104,50.495],[94.148,50.481],[94.816,50.013],[95.814,49.977],[97.26,49.726],[98.232,50.422],[97.826,51.011],[98.861,52.047],[99.982,51.634],[100.889,51.517],[102.065,51.26],[102.256,50.511],[103.677,50.09],[104.622,50.275],[105.887,50.406],[106.889,50.274],[107.868,49.794],[108.475,49.283],[109.402,49.293],[110.662,49.13],[111.581,49.378],[112.898,49.544],[114.362,50.248],[114.962,50.14],[115.486,49.805],[116.679,49.889]]]}},{"type":"Feature","properties":{"scalerank":1,"featurecla":"Admin-0 country","LABELRANK":3,"SOVEREIGNT":"Mozambique","SOV_A3":"MOZ","ADM0_DIF":0,"LEVEL":2,"TYPE":"Sovereign country","ADMIN":"Mozambique","ADM0_A3":"MOZ","GEOU_DIF":0,"GEOUNIT":"Mozambique","GU_A3":"MOZ","SU_DIF":0,"SUBUNIT":"Mozambique","SU_A3":"MOZ","BRK_DIFF":0,"NAME":"Mozambique","NAME_LONG":"Mozambique","BRK_A3":"MOZ","BRK_NAME":"Mozambique","BRK_GROUP":null,"ABBREV":"Moz.","POSTAL":"MZ","FORMAL_EN":"Republic of Mozambique","FORMAL_FR":null,"NAME_CIAWF":"Mozambique","NOTE_ADM0":null,"NOTE_BRK":null,"NAME_SORT":"Mozambique","NAME_ALT":null,"MAPCOLOR7":4,"MAPCOLOR8":2,"MAPCOLOR9":1,"MAPCOLOR13":4,"POP_EST":26573706,"POP_RANK":15,"GDP_MD_EST":35010,"POP_YEAR":2017,"LASTCENSUS":2007,"GDP_YEAR":2016,"ECONOMY":"7. Least developed region","INCOME_GRP":"5. Low income","WIKIPEDIA":-99,"FIPS_10_":"MZ","ISO_A2":"MZ","ISO_A3":"MOZ","ISO_A3_EH":"MOZ","ISO_N3":"508","UN_A3":"508","WB_A2":"MZ","WB_A3":"MOZ","WOE_ID":23424902,"WOE_ID_EH":23424902,"WOE_NOTE":"Exact WOE match as country","ADM0_A3_IS":"MOZ","ADM0_A3_US":"MOZ","ADM0_A3_UN":-99,"ADM0_A3_WB":-99,"CONTINENT":"Africa","REGION_UN":"Africa","SUBREGION":"Eastern Africa","REGION_WB":"Sub-Saharan Africa","NAME_LEN":10,"LONG_LEN":10,"ABBREV_LEN":4,"TINY":-99,"HOMEPART":1,"MIN_ZOOM":0,"MIN_LABEL":3,"MAX_LABEL":8},"bbox":[30.179481,-26.742192,40.775475,-10.317096],"geometry":{"type":"Polygon","coordinates":[[[34.56,-11.52],[35.312,-11.439],[36.514,-11.721],[36.775,-11.595],[37.471,-11.569],[37.828,-11.269],[38.428,-11.285],[39.521,-10.897],[40.317,-10.317],[40.317,-10.317],[40.317,-10.317],[40.478,-10.765],[40.437,-11.762],[40.561,-12.639],[40.6,-14.202],[40.775,-14.692],[40.477,-15.406],[40.089,-16.101],[39.453,-16.721],[38.538,-17.101],[37.411,-17.586],[36.281,-18.66],[35.896,-18.842],[35.198,-19.553],[34.786,-19.784],[34.702,-20.497],[35.176,-21.254],[35.373,-21.841],[35.386,-22.14],[35.563,-22.09],[35.534,-23.071],[35.372,-23.535],[35.607,-23.707],[35.459,-24.123],[35.041,-24.478],[34.216,-24.816],[33.013,-25.358],[32.575,-25.727],[32.66,-26.149],[32.916,-26.216],[32.83,-26.742],[32.072,-26.734],[31.986,-26.292],[31.838,-25.843],[31.752,-25.484],[31.931,-24.369],[31.67,-23.659],[31.191,-22.252],[32.245,-21.116],[32.509,-20.395],[32.66,-20.304],[32.773,-19.716],[32.612,-19.419],[32.655,-18.672],[32.85,-17.979],[32.848,-16.713],[32.328,-16.392],[31.852,-16.319],[31.636,-16.072],[31.173,-15.861],[30.339,-15.881],[30.274,-15.508],[30.179,-14.796],[33.214,-13.972],[33.79,-14.452],[34.065,-14.36],[34.46,-14.613],[34.518,-15.014],[34.307,-15.479],[34.381,-16.184],[35.034,-16.801],[35.339,-16.107],[35.772,-15.897],[35.687,-14.611],[35.268,-13.888],[34.907,-13.565],[34.56,-13.58],[34.28,-12.28],[34.56,-11.52]]]}},{"type":"Feature","properties":{"scalerank":1,"featurecla":"Admin-0 country","LABELRANK":3,"SOVEREIGNT":"Mauritania","SOV_A3":"MRT","ADM0_DIF":0,"LEVEL":2,"TYPE":"Sovereign country","ADMIN":"Mauritania","ADM0_A3":"MRT","GEOU_DIF":0,"GEOUNIT":"Mauritania","GU_A3":"MRT","SU_DIF":0,"SUBUNIT":"Mauritania","SU_A3":"MRT","BRK_DIFF":0,"NAME":"Mauritania","NAME_LONG":"Mauritania","BRK_A3":"MRT","BRK_NAME":"Mauritania","BRK_GROUP":null,"ABBREV":"Mrt.","POSTAL":"MR","FORMAL_EN":"Islamic Republic of Mauritania","FORMAL_FR":null,"NAME_CIAWF":"Mauritania","NOTE_ADM0":null,"NOTE_BRK":null,"NAME_SORT":"Mauritania","NAME_ALT":null,"MAPCOLOR7":3,"MAPCOLOR8":3,"MAPCOLOR9":2,"MAPCOLOR13":1,"POP_EST":3758571,"POP_RANK":12,"GDP_MD_EST":16710,"POP_YEAR":2017,"LASTCENSUS":2000,"GDP_YEAR":2016,"ECONOMY":"7. Least developed region","INCOME_GRP":"5. Low income","WIKIPEDIA":-99,"FIPS_10_":"MR","ISO_A2":"MR","ISO_A3":"MRT","ISO_A3_EH":"MRT","ISO_N3":"478","UN_A3":"478","WB_A2":"MR","WB_A3":"MRT","WOE_ID":23424896,"WOE_ID_EH":23424896,"WOE_NOTE":"Exact WOE match as country","ADM0_A3_IS":"MRT","ADM0_A3_US":"MRT","ADM0_A3_UN":-99,"ADM0_A3_WB":-99,"CONTINENT":"Africa","REGION_UN":"Africa","SUBREGION":"Western Africa","REGION_WB":"Sub-Saharan Africa","NAME_LEN":10,"LONG_LEN":10,"ABBREV_LEN":4,"TINY":-99,"HOMEPART":1,"MIN_ZOOM":0,"MIN_LABEL":3,"MAX_LABEL":8},"bbox":[-17.063423,14.616834,-4.923337,27.395744],"geometry":{"type":"Polygon","coordinates":[[[-8.684,27.396],[-4.923,24.975],[-6.454,24.957],[-5.971,20.641],[-5.489,16.325],[-5.315,16.202],[-5.538,15.502],[-9.55,15.486],[-9.7,15.264],[-10.087,15.33],[-10.651,15.133],[-11.349,15.411],[-11.666,15.388],[-11.834,14.799],[-12.171,14.617],[-12.831,15.304],[-13.436,16.039],[-14.1,16.304],[-14.577,16.598],[-15.136,16.587],[-15.624,16.369],[-16.121,16.456],[-16.463,16.135],[-16.55,16.674],[-16.271,17.167],[-16.146,18.108],[-16.257,19.097],[-16.378,19.594],[-16.278,20.093],[-16.536,20.568],[-17.063,21],[-16.845,21.333],[-12.929,21.327],[-13.119,22.771],[-12.874,23.285],[-11.937,23.375],[-11.969,25.933],[-8.687,25.881],[-8.684,27.396]]]}},{"type":"Feature","properties":{"scalerank":1,"featurecla":"Admin-0 country","LABELRANK":6,"SOVEREIGNT":"Malawi","SOV_A3":"MWI","ADM0_DIF":0,"LEVEL":2,"TYPE":"Sovereign country","ADMIN":"Malawi","ADM0_A3":"MWI","GEOU_DIF":0,"GEOUNIT":"Malawi","GU_A3":"MWI","SU_DIF":0,"SUBUNIT":"Malawi","SU_A3":"MWI","BRK_DIFF":0,"NAME":"Malawi","NAME_LONG":"Malawi","BRK_A3":"MWI","BRK_NAME":"Malawi","BRK_GROUP":null,"ABBREV":"Mal.","POSTAL":"MW","FORMAL_EN":"Republic of Malawi","FORMAL_FR":null,"NAME_CIAWF":"Malawi","NOTE_ADM0":null,"NOTE_BRK":null,"NAME_SORT":"Malawi","NAME_ALT":null,"MAPCOLOR7":1,"MAPCOLOR8":3,"MAPCOLOR9":4,"MAPCOLOR13":5,"POP_EST":19196246,"POP_RANK":14,"GDP_MD_EST":21200,"POP_YEAR":2017,"LASTCENSUS":2008,"GDP_YEAR":2016,"ECONOMY":"7. Least developed region","INCOME_GRP":"5. Low income","WIKIPEDIA":-99,"FIPS_10_":"MI","ISO_A2":"MW","ISO_A3":"MWI","ISO_A3_EH":"MWI","ISO_N3":"454","UN_A3":"454","WB_A2":"MW","WB_A3":"MWI","WOE_ID":23424889,"WOE_ID_EH":23424889,"WOE_NOTE":"Exact WOE match as country","ADM0_A3_IS":"MWI","ADM0_A3_US":"MWI","ADM0_A3_UN":-99,"ADM0_A3_WB":-99,"CONTINENT":"Africa","REGION_UN":"Africa","SUBREGION":"Eastern Africa","REGION_WB":"Sub-Saharan Africa","NAME_LEN":6,"LONG_LEN":6,"ABBREV_LEN":4,"TINY":-99,"HOMEPART":1,"MIN_ZOOM":0,"MIN_LABEL":4,"MAX_LABEL":9},"bbox":[32.688165,-16.8013,35.771905,-9.230599],"geometry":{"type":"Polygon","coordinates":[[[34.56,-11.52],[34.28,-12.28],[34.56,-13.58],[34.907,-13.565],[35.268,-13.888],[35.687,-14.611],[35.772,-15.897],[35.339,-16.107],[35.034,-16.801],[34.381,-16.184],[34.307,-15.479],[34.518,-15.014],[34.46,-14.613],[34.065,-14.36],[33.79,-14.452],[33.214,-13.972],[32.688,-13.713],[32.992,-12.784],[33.306,-12.436],[33.114,-11.607],[33.315,-10.797],[33.486,-10.526],[33.231,-9.677],[32.759,-9.231],[33.74,-9.417],[33.941,-9.694],[34.28,-10.16],[34.56,-11.52]]]}},{"type":"Feature","properties":{"scalerank":1,"featurecla":"Admin-0 country","LABELRANK":3,"SOVEREIGNT":"Malaysia","SOV_A3":"MYS","ADM0_DIF":0,"LEVEL":2,"TYPE":"Sovereign country","ADMIN":"Malaysia","ADM0_A3":"MYS","GEOU_DIF":0,"GEOUNIT":"Malaysia","GU_A3":"MYS","SU_DIF":0,"SUBUNIT":"Malaysia","SU_A3":"MYS","BRK_DIFF":0,"NAME":"Malaysia","NAME_LONG":"Malaysia","BRK_A3":"MYS","BRK_NAME":"Malaysia","BRK_GROUP":null,"ABBREV":"Malay.","POSTAL":"MY","FORMAL_EN":"Malaysia","FORMAL_FR":null,"NAME_CIAWF":"Malaysia","NOTE_ADM0":null,"NOTE_BRK":null,"NAME_SORT":"Malaysia","NAME_ALT":null,"MAPCOLOR7":2,"MAPCOLOR8":4,"MAPCOLOR9":3,"MAPCOLOR13":6,"POP_EST":31381992,"POP_RANK":15,"GDP_MD_EST":863000,"POP_YEAR":2017,"LASTCENSUS":2010,"GDP_YEAR":2016,"ECONOMY":"6. Developing region","INCOME_GRP":"3. Upper middle income","WIKIPEDIA":-99,"FIPS_10_":"MY","ISO_A2":"MY","ISO_A3":"MYS","ISO_A3_EH":"MYS","ISO_N3":"458","UN_A3":"458","WB_A2":"MY","WB_A3":"MYS","WOE_ID":23424901,"WOE_ID_EH":23424901,"WOE_NOTE":"Exact WOE match as country","ADM0_A3_IS":"MYS","ADM0_A3_US":"MYS","ADM0_A3_UN":-99,"ADM0_A3_WB":-99,"CONTINENT":"Asia","REGION_UN":"Asia","SUBREGION":"South-Eastern Asia","REGION_WB":"East Asia & Pacific","NAME_LEN":8,"LONG_LEN":8,"ABBREV_LEN":6,"TINY":-99,"HOMEPART":1,"MIN_ZOOM":0,"MIN_LABEL":3,"MAX_LABEL":8},"bbox":[100.085757,0.773131,119.181904,6.928053],"geometry":{"type":"MultiPolygon","coordinates":[[[[114.204,4.526],[114.66,4.008],[114.87,4.348],[115.347,4.317],[115.406,4.955],[115.451,5.448],[116.221,6.143],[116.725,6.925],[117.13,6.928],[117.643,6.422],[117.689,5.987],[118.348,5.709],[119.182,5.408],[119.111,5.016],[118.44,4.967],[118.618,4.478],[117.882,4.138],[117.015,4.306],[115.866,4.307],[115.519,3.169],[115.134,2.821],[114.621,1.431],[113.806,1.218],[112.86,1.498],[112.38,1.41],[111.798,0.904],[111.159,0.976],[110.514,0.773],[109.83,1.338],[109.663,2.006],[110.396,1.664],[111.169,1.851],[111.37,2.697],[111.797,2.886],[112.996,3.102],[113.713,3.894],[114.204,4.526]]],[[[102.141,6.222],[102.371,6.128],[102.962,5.524],[103.381,4.855],[103.439,4.182],[103.332,3.727],[103.429,3.383],[103.502,2.791],[103.855,2.515],[104.248,1.631],[104.229,1.293],[103.52,1.226],[102.574,1.967],[101.391,2.761],[101.274,3.27],[100.695,3.939],[100.557,4.767],[100.197,5.312],[100.306,6.041],[100.086,6.464],[100.26,6.643],[101.076,6.205],[101.154,5.691],[101.814,5.811],[102.141,6.222]]]]}},{"type":"Feature","properties":{"scalerank":1,"featurecla":"Admin-0 country","LABELRANK":3,"SOVEREIGNT":"Namibia","SOV_A3":"NAM","ADM0_DIF":0,"LEVEL":2,"TYPE":"Sovereign country","ADMIN":"Namibia","ADM0_A3":"NAM","GEOU_DIF":0,"GEOUNIT":"Namibia","GU_A3":"NAM","SU_DIF":0,"SUBUNIT":"Namibia","SU_A3":"NAM","BRK_DIFF":0,"NAME":"Namibia","NAME_LONG":"Namibia","BRK_A3":"NAM","BRK_NAME":"Namibia","BRK_GROUP":null,"ABBREV":"Nam.","POSTAL":"NA","FORMAL_EN":"Republic of Namibia","FORMAL_FR":null,"NAME_CIAWF":"Namibia","NOTE_ADM0":null,"NOTE_BRK":null,"NAME_SORT":"Namibia","NAME_ALT":null,"MAPCOLOR7":4,"MAPCOLOR8":1,"MAPCOLOR9":1,"MAPCOLOR13":7,"POP_EST":2484780,"POP_RANK":12,"GDP_MD_EST":25990,"POP_YEAR":2017,"LASTCENSUS":2001,"GDP_YEAR":2016,"ECONOMY":"6. Developing region","INCOME_GRP":"3. Upper middle income","WIKIPEDIA":-99,"FIPS_10_":"WA","ISO_A2":"NA","ISO_A3":"NAM","ISO_A3_EH":"NAM","ISO_N3":"516","UN_A3":"516","WB_A2":"NA","WB_A3":"NAM","WOE_ID":23424987,"WOE_ID_EH":23424987,"WOE_NOTE":"Exact WOE match as country","ADM0_A3_IS":"NAM","ADM0_A3_US":"NAM","ADM0_A3_UN":-99,"ADM0_A3_WB":-99,"CONTINENT":"Africa","REGION_UN":"Africa","SUBREGION":"Southern Africa","REGION_WB":"Sub-Saharan Africa","NAME_LEN":7,"LONG_LEN":7,"ABBREV_LEN":4,"TINY":-99,"HOMEPART":1,"MIN_ZOOM":0,"MIN_LABEL":3,"MAX_LABEL":7.5},"bbox":[11.734199,-29.045462,25.084443,-16.941343],"geometry":{"type":"Polygon","coordinates":[[[11.734,-17.302],[12.215,-17.112],[12.814,-16.941],[13.462,-16.971],[14.059,-17.423],[14.21,-17.353],[18.263,-17.31],[18.956,-17.789],[21.377,-17.931],[23.215,-17.523],[24.034,-17.296],[24.682,-17.353],[25.077,-17.579],[25.084,-17.662],[24.521,-17.887],[24.217,-17.889],[23.579,-18.281],[23.197,-17.869],[21.655,-18.219],[20.911,-18.252],[20.881,-21.814],[19.895,-21.849],[19.896,-24.768],[19.895,-28.461],[19.002,-28.972],[18.465,-29.045],[17.836,-28.856],[17.387,-28.784],[17.219,-28.356],[16.824,-28.082],[16.345,-28.577],[15.602,-27.821],[15.21,-27.091],[14.99,-26.117],[14.743,-25.393],[14.408,-23.853],[14.386,-22.657],[14.258,-22.111],[13.869,-21.699],[13.352,-20.873],[12.827,-19.673],[12.609,-19.045],[11.795,-18.069],[11.734,-17.302]]]}},{"type":"Feature","properties":{"scalerank":1,"featurecla":"Admin-0 country","LABELRANK":3,"SOVEREIGNT":"France","SOV_A3":"FR1","ADM0_DIF":1,"LEVEL":2,"TYPE":"Dependency","ADMIN":"New Caledonia","ADM0_A3":"NCL","GEOU_DIF":0,"GEOUNIT":"New Caledonia","GU_A3":"NCL","SU_DIF":0,"SUBUNIT":"New Caledonia","SU_A3":"NCL","BRK_DIFF":0,"NAME":"New Caledonia","NAME_LONG":"New Caledonia","BRK_A3":"NCL","BRK_NAME":"New Caledonia","BRK_GROUP":null,"ABBREV":"New C.","POSTAL":"NC","FORMAL_EN":"New Caledonia","FORMAL_FR":"Nouvelle-Calédonie","NAME_CIAWF":"New Caledonia","NOTE_ADM0":"Fr.","NOTE_BRK":null,"NAME_SORT":"New Caledonia","NAME_ALT":null,"MAPCOLOR7":7,"MAPCOLOR8":5,"MAPCOLOR9":9,"MAPCOLOR13":11,"POP_EST":279070,"POP_RANK":10,"GDP_MD_EST":10770,"POP_YEAR":2017,"LASTCENSUS":2009,"GDP_YEAR":2016,"ECONOMY":"6. Developing region","INCOME_GRP":"2. High income: nonOECD","WIKIPEDIA":-99,"FIPS_10_":"NC","ISO_A2":"NC","ISO_A3":"NCL","ISO_A3_EH":"NCL","ISO_N3":"540","UN_A3":"540","WB_A2":"NC","WB_A3":"NCL","WOE_ID":23424903,"WOE_ID_EH":23424903,"WOE_NOTE":"Exact WOE match as country","ADM0_A3_IS":"NCL","ADM0_A3_US":"NCL","ADM0_A3_UN":-99,"ADM0_A3_WB":-99,"CONTINENT":"Oceania","REGION_UN":"Oceania","SUBREGION":"Melanesia","REGION_WB":"East Asia & Pacific","NAME_LEN":13,"LONG_LEN":13,"ABBREV_LEN":6,"TINY":-99,"HOMEPART":-99,"MIN_ZOOM":0,"MIN_LABEL":4.6,"MAX_LABEL":8},"bbox":[164.029606,-22.399976,167.120011,-20.105646],"geometry":{"type":"Polygon","coordinates":[[[165.78,-21.08],[166.6,-21.7],[167.12,-22.16],[166.74,-22.4],[166.19,-22.13],[165.474,-21.68],[164.83,-21.15],[164.168,-20.445],[164.03,-20.106],[164.46,-20.12],[165.02,-20.46],[165.46,-20.8],[165.78,-21.08]]]}},{"type":"Feature","properties":{"scalerank":1,"featurecla":"Admin-0 country","LABELRANK":3,"SOVEREIGNT":"Niger","SOV_A3":"NER","ADM0_DIF":0,"LEVEL":2,"TYPE":"Sovereign country","ADMIN":"Niger","ADM0_A3":"NER","GEOU_DIF":0,"GEOUNIT":"Niger","GU_A3":"NER","SU_DIF":0,"SUBUNIT":"Niger","SU_A3":"NER","BRK_DIFF":0,"NAME":"Niger","NAME_LONG":"Niger","BRK_A3":"NER","BRK_NAME":"Niger","BRK_GROUP":null,"ABBREV":"Niger","POSTAL":"NE","FORMAL_EN":"Republic of Niger","FORMAL_FR":null,"NAME_CIAWF":"Niger","NOTE_ADM0":null,"NOTE_BRK":null,"NAME_SORT":"Niger","NAME_ALT":null,"MAPCOLOR7":4,"MAPCOLOR8":5,"MAPCOLOR9":3,"MAPCOLOR13":13,"POP_EST":19245344,"POP_RANK":14,"GDP_MD_EST":20150,"POP_YEAR":2017,"LASTCENSUS":2001,"GDP_YEAR":2016,"ECONOMY":"7. Least developed region","INCOME_GRP":"5. Low income","WIKIPEDIA":-99,"FIPS_10_":"NG","ISO_A2":"NE","ISO_A3":"NER","ISO_A3_EH":"NER","ISO_N3":"562","UN_A3":"562","WB_A2":"NE","WB_A3":"NER","WOE_ID":23424906,"WOE_ID_EH":23424906,"WOE_NOTE":"Exact WOE match as country","ADM0_A3_IS":"NER","ADM0_A3_US":"NER","ADM0_A3_UN":-99,"ADM0_A3_WB":-99,"CONTINENT":"Africa","REGION_UN":"Africa","SUBREGION":"Western Africa","REGION_WB":"Sub-Saharan Africa","NAME_LEN":5,"LONG_LEN":5,"ABBREV_LEN":5,"TINY":-99,"HOMEPART":1,"MIN_ZOOM":0,"MIN_LABEL":3,"MAX_LABEL":8},"bbox":[0.295646,11.660167,15.903247,23.471668],"geometry":{"type":"Polygon","coordinates":[[[3.611,11.66],[2.849,12.236],[2.49,12.233],[2.154,11.94],[2.177,12.625],[1.024,12.852],[0.993,13.336],[0.43,13.989],[0.296,14.444],[0.375,14.929],[1.016,14.968],[1.386,15.324],[2.75,15.41],[3.638,15.568],[3.723,16.184],[4.27,16.852],[4.267,19.155],[5.678,19.601],[8.573,21.566],[12,23.472],[13.581,23.041],[14.144,22.491],[14.851,22.863],[15.097,21.309],[15.471,21.048],[15.487,20.73],[15.903,20.388],[15.686,19.957],[15.3,17.928],[15.248,16.627],[13.972,15.684],[13.54,14.367],[13.957,13.997],[13.954,13.353],[14.596,13.33],[14.496,12.859],[14.214,12.802],[14.181,12.484],[13.995,12.462],[13.319,13.556],[13.084,13.596],[12.302,13.037],[11.528,13.329],[10.99,13.387],[10.701,13.247],[10.115,13.277],[9.525,12.851],[9.015,12.827],[7.805,13.344],[7.331,13.098],[6.82,13.115],[6.445,13.493],[5.443,13.866],[4.368,13.747],[4.108,13.531],[3.967,12.956],[3.681,12.553],[3.611,11.66]]]}},{"type":"Feature","properties":{"scalerank":1,"featurecla":"Admin-0 country","LABELRANK":2,"SOVEREIGNT":"Nigeria","SOV_A3":"NGA","ADM0_DIF":0,"LEVEL":2,"TYPE":"Sovereign country","ADMIN":"Nigeria","ADM0_A3":"NGA","GEOU_DIF":0,"GEOUNIT":"Nigeria","GU_A3":"NGA","SU_DIF":0,"SUBUNIT":"Nigeria","SU_A3":"NGA","BRK_DIFF":0,"NAME":"Nigeria","NAME_LONG":"Nigeria","BRK_A3":"NGA","BRK_NAME":"Nigeria","BRK_GROUP":null,"ABBREV":"Nigeria","POSTAL":"NG","FORMAL_EN":"Federal Republic of Nigeria","FORMAL_FR":null,"NAME_CIAWF":"Nigeria","NOTE_ADM0":null,"NOTE_BRK":null,"NAME_SORT":"Nigeria","NAME_ALT":null,"MAPCOLOR7":3,"MAPCOLOR8":2,"MAPCOLOR9":5,"MAPCOLOR13":2,"POP_EST":190632261,"POP_RANK":17,"GDP_MD_EST":1089000,"POP_YEAR":2017,"LASTCENSUS":2006,"GDP_YEAR":2016,"ECONOMY":"5. Emerging region: G20","INCOME_GRP":"4. Lower middle income","WIKIPEDIA":-99,"FIPS_10_":"NI","ISO_A2":"NG","ISO_A3":"NGA","ISO_A3_EH":"NGA","ISO_N3":"566","UN_A3":"566","WB_A2":"NG","WB_A3":"NGA","WOE_ID":23424908,"WOE_ID_EH":23424908,"WOE_NOTE":"Exact WOE match as country","ADM0_A3_IS":"NGA","ADM0_A3_US":"NGA","ADM0_A3_UN":-99,"ADM0_A3_WB":-99,"CONTINENT":"Africa","REGION_UN":"Africa","SUBREGION":"Western Africa","REGION_WB":"Sub-Saharan Africa","NAME_LEN":7,"LONG_LEN":7,"ABBREV_LEN":7,"TINY":-99,"HOMEPART":1,"MIN_ZOOM":0,"MIN_LABEL":1.7,"MAX_LABEL":6.7},"bbox":[2.691702,4.240594,14.577178,13.865924],"geometry":{"type":"Polygon","coordinates":[[[2.692,6.259],[2.749,7.871],[2.724,8.507],[2.912,9.138],[3.22,9.444],[3.705,10.063],[3.6,10.332],[3.797,10.735],[3.572,11.328],[3.611,11.66],[3.681,12.553],[3.967,12.956],[4.108,13.531],[4.368,13.747],[5.443,13.866],[6.445,13.493],[6.82,13.115],[7.331,13.098],[7.805,13.344],[9.015,12.827],[9.525,12.851],[10.115,13.277],[10.701,13.247],[10.99,13.387],[11.528,13.329],[12.302,13.037],[13.084,13.596],[13.319,13.556],[13.995,12.462],[14.181,12.484],[14.577,12.085],[14.468,11.905],[14.415,11.572],[13.573,10.799],[13.309,10.16],[13.168,9.641],[12.955,9.418],[12.754,8.718],[12.219,8.306],[12.064,7.8],[11.839,7.397],[11.746,6.981],[11.059,6.644],[10.497,7.055],[10.118,7.039],[9.523,6.453],[9.233,6.444],[8.758,5.48],[8.5,4.772],[7.462,4.412],[7.083,4.465],[6.698,4.241],[5.898,4.262],[5.363,4.888],[5.034,5.612],[4.326,6.271],[3.574,6.258],[2.692,6.259]]]}},{"type":"Feature","properties":{"scalerank":1,"featurecla":"Admin-0 country","LABELRANK":5,"SOVEREIGNT":"Nicaragua","SOV_A3":"NIC","ADM0_DIF":0,"LEVEL":2,"TYPE":"Sovereign country","ADMIN":"Nicaragua","ADM0_A3":"NIC","GEOU_DIF":0,"GEOUNIT":"Nicaragua","GU_A3":"NIC","SU_DIF":0,"SUBUNIT":"Nicaragua","SU_A3":"NIC","BRK_DIFF":0,"NAME":"Nicaragua","NAME_LONG":"Nicaragua","BRK_A3":"NIC","BRK_NAME":"Nicaragua","BRK_GROUP":null,"ABBREV":"Nic.","POSTAL":"NI","FORMAL_EN":"Republic of Nicaragua","FORMAL_FR":null,"NAME_CIAWF":"Nicaragua","NOTE_ADM0":null,"NOTE_BRK":null,"NAME_SORT":"Nicaragua","NAME_ALT":null,"MAPCOLOR7":1,"MAPCOLOR8":4,"MAPCOLOR9":1,"MAPCOLOR13":9,"POP_EST":6025951,"POP_RANK":13,"GDP_MD_EST":33550,"POP_YEAR":2017,"LASTCENSUS":2005,"GDP_YEAR":2016,"ECONOMY":"6. Developing region","INCOME_GRP":"4. Lower middle income","WIKIPEDIA":-99,"FIPS_10_":"NU","ISO_A2":"NI","ISO_A3":"NIC","ISO_A3_EH":"NIC","ISO_N3":"558","UN_A3":"558","WB_A2":"NI","WB_A3":"NIC","WOE_ID":23424915,"WOE_ID_EH":23424915,"WOE_NOTE":"Exact WOE match as country","ADM0_A3_IS":"NIC","ADM0_A3_US":"NIC","ADM0_A3_UN":-99,"ADM0_A3_WB":-99,"CONTINENT":"North America","REGION_UN":"Americas","SUBREGION":"Central America","REGION_WB":"Latin America & Caribbean","NAME_LEN":9,"LONG_LEN":9,"ABBREV_LEN":4,"TINY":-99,"HOMEPART":1,"MIN_ZOOM":0,"MIN_LABEL":4,"MAX_LABEL":9},"bbox":[-87.668493,10.726839,-83.147219,15.016267],"geometry":{"type":"Polygon","coordinates":[[[-83.656,10.939],[-83.895,10.727],[-84.19,10.793],[-84.356,10.999],[-84.673,11.083],[-84.903,10.952],[-85.562,11.217],[-85.713,11.088],[-86.058,11.403],[-86.526,11.807],[-86.746,12.144],[-87.168,12.458],[-87.668,12.91],[-87.557,13.065],[-87.392,12.914],[-87.317,12.985],[-87.006,13.026],[-86.881,13.254],[-86.734,13.263],[-86.755,13.755],[-86.521,13.778],[-86.312,13.771],[-86.096,14.038],[-85.801,13.836],[-85.699,13.96],[-85.514,14.079],[-85.165,14.354],[-85.149,14.56],[-85.053,14.552],[-84.925,14.79],[-84.82,14.82],[-84.65,14.667],[-84.449,14.622],[-84.228,14.749],[-83.976,14.749],[-83.629,14.88],[-83.49,15.016],[-83.147,14.996],[-83.233,14.9],[-83.284,14.677],[-83.182,14.311],[-83.412,13.97],[-83.52,13.568],[-83.552,13.127],[-83.499,12.869],[-83.473,12.419],[-83.626,12.321],[-83.72,11.893],[-83.651,11.629],[-83.855,11.373],[-83.809,11.103],[-83.656,10.939]]]}},{"type":"Feature","properties":{"scalerank":1,"featurecla":"Admin-0 country","LABELRANK":5,"SOVEREIGNT":"Netherlands","SOV_A3":"NL1","ADM0_DIF":1,"LEVEL":2,"TYPE":"Country","ADMIN":"Netherlands","ADM0_A3":"NLD","GEOU_DIF":0,"GEOUNIT":"Netherlands","GU_A3":"NLD","SU_DIF":0,"SUBUNIT":"Netherlands","SU_A3":"NLD","BRK_DIFF":0,"NAME":"Netherlands","NAME_LONG":"Netherlands","BRK_A3":"NLD","BRK_NAME":"Netherlands","BRK_GROUP":null,"ABBREV":"Neth.","POSTAL":"NL","FORMAL_EN":"Kingdom of the Netherlands","FORMAL_FR":null,"NAME_CIAWF":"Netherlands","NOTE_ADM0":null,"NOTE_BRK":null,"NAME_SORT":"Netherlands","NAME_ALT":null,"MAPCOLOR7":4,"MAPCOLOR8":2,"MAPCOLOR9":2,"MAPCOLOR13":9,"POP_EST":17084719,"POP_RANK":14,"GDP_MD_EST":870800,"POP_YEAR":2017,"LASTCENSUS":2011,"GDP_YEAR":2016,"ECONOMY":"2. Developed region: nonG7","INCOME_GRP":"1. High income: OECD","WIKIPEDIA":-99,"FIPS_10_":"NL","ISO_A2":"NL","ISO_A3":"NLD","ISO_A3_EH":"NLD","ISO_N3":"528","UN_A3":"528","WB_A2":"NL","WB_A3":"NLD","WOE_ID":-90,"WOE_ID_EH":23424909,"WOE_NOTE":"Doesn't include new former units of Netherlands Antilles (24549811, 24549808, and 24549809)","ADM0_A3_IS":"NLD","ADM0_A3_US":"NLD","ADM0_A3_UN":-99,"ADM0_A3_WB":-99,"CONTINENT":"Europe","REGION_UN":"Europe","SUBREGION":"Western Europe","REGION_WB":"Europe & Central Asia","NAME_LEN":11,"LONG_LEN":11,"ABBREV_LEN":5,"TINY":-99,"HOMEPART":1,"MIN_ZOOM":0,"MIN_LABEL":5,"MAX_LABEL":10},"bbox":[3.314971,50.803721,7.092053,53.510403],"geometry":{"type":"Polygon","coordinates":[[[6.157,50.804],[5.607,51.037],[4.974,51.475],[4.047,51.267],[3.315,51.346],[3.315,51.346],[3.83,51.621],[4.706,53.092],[6.074,53.51],[6.905,53.482],[7.092,53.144],[6.843,52.228],[6.589,51.852],[5.989,51.852],[6.157,50.804]]]}},{"type":"Feature","properties":{"scalerank":1,"featurecla":"Admin-0 country","LABELRANK":3,"SOVEREIGNT":"Norway","SOV_A3":"NOR","ADM0_DIF":0,"LEVEL":2,"TYPE":"Sovereign country","ADMIN":"Norway","ADM0_A3":"NOR","GEOU_DIF":0,"GEOUNIT":"Norway","GU_A3":"NOR","SU_DIF":0,"SUBUNIT":"Norway","SU_A3":"NOR","BRK_DIFF":0,"NAME":"Norway","NAME_LONG":"Norway","BRK_A3":"NOR","BRK_NAME":"Norway","BRK_GROUP":null,"ABBREV":"Nor.","POSTAL":"N","FORMAL_EN":"Kingdom of Norway","FORMAL_FR":null,"NAME_CIAWF":"Norway","NOTE_ADM0":null,"NOTE_BRK":null,"NAME_SORT":"Norway","NAME_ALT":null,"MAPCOLOR7":5,"MAPCOLOR8":3,"MAPCOLOR9":8,"MAPCOLOR13":12,"POP_EST":5320045,"POP_RANK":13,"GDP_MD_EST":364700,"POP_YEAR":2017,"LASTCENSUS":2001,"GDP_YEAR":2016,"ECONOMY":"2. Developed region: nonG7","INCOME_GRP":"1. High income: OECD","WIKIPEDIA":-99,"FIPS_10_":"-99","ISO_A2":"-99","ISO_A3":"-99","ISO_A3_EH":"-99","ISO_N3":"-99","UN_A3":"-99","WB_A2":"-99","WB_A3":"-99","WOE_ID":-90,"WOE_ID_EH":23424910,"WOE_NOTE":"Does not include Svalbard, Jan Mayen, or Bouvet Islands (28289410).","ADM0_A3_IS":"NOR","ADM0_A3_US":"NOR","ADM0_A3_UN":-99,"ADM0_A3_WB":-99,"CONTINENT":"Europe","REGION_UN":"Europe","SUBREGION":"Northern Europe","REGION_WB":"Europe & Central Asia","NAME_LEN":6,"LONG_LEN":6,"ABBREV_LEN":4,"TINY":-99,"HOMEPART":1,"MIN_ZOOM":0,"MIN_LABEL":3,"MAX_LABEL":7},"bbox":[4.992078,58.078884,31.293418,80.657144],"geometry":{"type":"MultiPolygon","coordinates":[[[[28.592,69.065],[29.016,69.766],[27.732,70.164],[26.18,69.825],[25.689,69.092],[24.736,68.65],[23.662,68.891],[22.356,68.842],[21.245,69.37],[20.646,69.106],[20.025,69.065],[19.879,68.407],[17.994,68.567],[17.729,68.011],[16.769,68.014],[16.109,67.302],[15.108,66.194],[13.556,64.787],[13.92,64.445],[13.572,64.049],[12.58,64.066],[11.931,63.128],[11.992,61.8],[12.631,61.294],[12.3,60.118],[11.468,59.432],[11.027,58.856],[10.357,59.47],[8.382,58.313],[7.049,58.079],[5.666,58.588],[5.308,59.663],[4.992,61.971],[5.913,62.614],[8.553,63.454],[10.528,64.486],[12.358,65.88],[14.761,67.811],[16.436,68.563],[19.184,69.817],[21.378,70.255],[23.024,70.202],[24.547,71.03],[26.37,70.986],[28.166,71.185],[31.293,70.454],[30.005,70.186],[31.101,69.558],[29.4,69.157],[28.592,69.065]]],[[[24.724,77.854],[22.49,77.445],[20.726,77.677],[21.416,77.935],[20.812,78.255],[22.884,78.455],[23.281,78.08],[24.724,77.854]]],[[[18.252,79.702],[21.544,78.956],[19.027,78.563],[18.472,77.827],[17.594,77.638],[17.118,76.809],[15.913,76.77],[13.763,77.38],[14.67,77.736],[13.171,78.025],[11.222,78.869],[10.445,79.652],[13.171,80.01],[13.719,79.66],[15.143,79.674],[15.523,80.016],[16.991,80.051],[18.252,79.702]]],[[[25.448,80.407],[27.408,80.056],[25.925,79.518],[23.024,79.4],[20.075,79.567],[19.897,79.842],[18.462,79.86],[17.368,80.319],[20.456,80.598],[21.908,80.358],[22.919,80.657],[25.448,80.407]]]]}},{"type":"Feature","properties":{"scalerank":1,"featurecla":"Admin-0 country","LABELRANK":3,"SOVEREIGNT":"Nepal","SOV_A3":"NPL","ADM0_DIF":0,"LEVEL":2,"TYPE":"Sovereign country","ADMIN":"Nepal","ADM0_A3":"NPL","GEOU_DIF":0,"GEOUNIT":"Nepal","GU_A3":"NPL","SU_DIF":0,"SUBUNIT":"Nepal","SU_A3":"NPL","BRK_DIFF":0,"NAME":"Nepal","NAME_LONG":"Nepal","BRK_A3":"NPL","BRK_NAME":"Nepal","BRK_GROUP":null,"ABBREV":"Nepal","POSTAL":"NP","FORMAL_EN":"Nepal","FORMAL_FR":null,"NAME_CIAWF":"Nepal","NOTE_ADM0":null,"NOTE_BRK":null,"NAME_SORT":"Nepal","NAME_ALT":null,"MAPCOLOR7":2,"MAPCOLOR8":2,"MAPCOLOR9":3,"MAPCOLOR13":12,"POP_EST":29384297,"POP_RANK":15,"GDP_MD_EST":71520,"POP_YEAR":2017,"LASTCENSUS":2001,"GDP_YEAR":2016,"ECONOMY":"7. Least developed region","INCOME_GRP":"5. Low income","WIKIPEDIA":-99,"FIPS_10_":"NP","ISO_A2":"NP","ISO_A3":"NPL","ISO_A3_EH":"NPL","ISO_N3":"524","UN_A3":"524","WB_A2":"NP","WB_A3":"NPL","WOE_ID":23424911,"WOE_ID_EH":23424911,"WOE_NOTE":"Exact WOE match as country","ADM0_A3_IS":"NPL","ADM0_A3_US":"NPL","ADM0_A3_UN":-99,"ADM0_A3_WB":-99,"CONTINENT":"Asia","REGION_UN":"Asia","SUBREGION":"Southern Asia","REGION_WB":"South Asia","NAME_LEN":5,"LONG_LEN":5,"ABBREV_LEN":5,"TINY":-99,"HOMEPART":1,"MIN_ZOOM":0,"MIN_LABEL":3,"MAX_LABEL":8},"bbox":[80.088425,26.397898,88.174804,30.422717],"geometry":{"type":"Polygon","coordinates":[[[81.111,30.183],[81.526,30.423],[82.328,30.115],[83.337,29.464],[83.899,29.32],[84.235,28.84],[85.012,28.643],[85.823,28.204],[86.955,27.974],[88.12,27.877],[88.043,27.446],[88.175,26.81],[88.06,26.415],[87.227,26.398],[86.024,26.631],[85.252,26.726],[84.675,27.235],[83.304,27.365],[82,27.925],[81.057,28.416],[80.088,28.794],[80.477,29.73],[81.111,30.183]]]}},{"type":"Feature","properties":{"scalerank":1,"featurecla":"Admin-0 country","LABELRANK":2,"SOVEREIGNT":"New Zealand","SOV_A3":"NZ1","ADM0_DIF":1,"LEVEL":2,"TYPE":"Country","ADMIN":"New Zealand","ADM0_A3":"NZL","GEOU_DIF":0,"GEOUNIT":"New Zealand","GU_A3":"NZL","SU_DIF":0,"SUBUNIT":"New Zealand","SU_A3":"NZL","BRK_DIFF":0,"NAME":"New Zealand","NAME_LONG":"New Zealand","BRK_A3":"NZL","BRK_NAME":"New Zealand","BRK_GROUP":null,"ABBREV":"N.Z.","POSTAL":"NZ","FORMAL_EN":"New Zealand","FORMAL_FR":null,"NAME_CIAWF":"New Zealand","NOTE_ADM0":null,"NOTE_BRK":null,"NAME_SORT":"New Zealand","NAME_ALT":null,"MAPCOLOR7":3,"MAPCOLOR8":3,"MAPCOLOR9":4,"MAPCOLOR13":4,"POP_EST":4510327,"POP_RANK":12,"GDP_MD_EST":174800,"POP_YEAR":2017,"LASTCENSUS":2006,"GDP_YEAR":2016,"ECONOMY":"2. Developed region: nonG7","INCOME_GRP":"1. High income: OECD","WIKIPEDIA":-99,"FIPS_10_":"NZ","ISO_A2":"NZ","ISO_A3":"NZL","ISO_A3_EH":"NZL","ISO_N3":"554","UN_A3":"554","WB_A2":"NZ","WB_A3":"NZL","WOE_ID":23424916,"WOE_ID_EH":23424916,"WOE_NOTE":"Exact WOE match as country","ADM0_A3_IS":"NZL","ADM0_A3_US":"NZL","ADM0_A3_UN":-99,"ADM0_A3_WB":-99,"CONTINENT":"Oceania","REGION_UN":"Oceania","SUBREGION":"Australia and New Zealand","REGION_WB":"East Asia & Pacific","NAME_LEN":11,"LONG_LEN":11,"ABBREV_LEN":4,"TINY":-99,"HOMEPART":1,"MIN_ZOOM":0,"MIN_LABEL":2,"MAX_LABEL":6.7},"bbox":[166.509144,-46.641235,178.517094,-34.450662],"geometry":{"type":"MultiPolygon","coordinates":[[[[173.02,-40.919],[173.247,-41.332],[173.958,-40.927],[174.248,-41.349],[174.249,-41.77],[173.876,-42.233],[173.223,-42.97],[172.711,-43.372],[173.08,-43.853],[172.309,-43.866],[171.453,-44.243],[171.185,-44.897],[170.617,-45.909],[169.831,-46.356],[169.332,-46.641],[168.411,-46.62],[167.764,-46.29],[166.677,-46.22],[166.509,-45.853],[167.046,-45.111],[168.304,-44.124],[168.949,-43.936],[169.668,-43.555],[170.525,-43.032],[171.125,-42.513],[171.57,-41.767],[171.949,-41.514],[172.097,-40.956],[172.799,-40.494],[173.02,-40.919]]],[[[174.612,-36.156],[175.337,-37.209],[175.358,-36.526],[175.809,-36.799],[175.958,-37.555],[176.763,-37.881],[177.439,-37.961],[178.01,-37.58],[178.517,-37.695],[178.275,-38.583],[177.97,-39.166],[177.207,-39.146],[176.94,-39.45],[177.033,-39.88],[176.886,-40.066],[176.508,-40.605],[176.012,-41.29],[175.24,-41.688],[175.068,-41.426],[174.651,-41.282],[175.228,-40.459],[174.9,-39.909],[173.824,-39.509],[173.852,-39.147],[174.575,-38.798],[174.743,-38.028],[174.697,-37.381],[174.292,-36.711],[174.319,-36.535],[173.841,-36.122],[173.054,-35.237],[172.636,-34.529],[173.007,-34.451],[173.551,-35.006],[174.329,-35.265],[174.612,-36.156]]]]}},{"type":"Feature","properties":{"scalerank":1,"featurecla":"Admin-0 country","LABELRANK":4,"SOVEREIGNT":"Oman","SOV_A3":"OMN","ADM0_DIF":0,"LEVEL":2,"TYPE":"Sovereign country","ADMIN":"Oman","ADM0_A3":"OMN","GEOU_DIF":0,"GEOUNIT":"Oman","GU_A3":"OMN","SU_DIF":0,"SUBUNIT":"Oman","SU_A3":"OMN","BRK_DIFF":0,"NAME":"Oman","NAME_LONG":"Oman","BRK_A3":"OMN","BRK_NAME":"Oman","BRK_GROUP":null,"ABBREV":"Oman","POSTAL":"OM","FORMAL_EN":"Sultanate of Oman","FORMAL_FR":null,"NAME_CIAWF":"Oman","NOTE_ADM0":null,"NOTE_BRK":null,"NAME_SORT":"Oman","NAME_ALT":null,"MAPCOLOR7":1,"MAPCOLOR8":4,"MAPCOLOR9":1,"MAPCOLOR13":6,"POP_EST":3424386,"POP_RANK":12,"GDP_MD_EST":173100,"POP_YEAR":2017,"LASTCENSUS":2010,"GDP_YEAR":2016,"ECONOMY":"6. Developing region","INCOME_GRP":"2. High income: nonOECD","WIKIPEDIA":-99,"FIPS_10_":"MU","ISO_A2":"OM","ISO_A3":"OMN","ISO_A3_EH":"OMN","ISO_N3":"512","UN_A3":"512","WB_A2":"OM","WB_A3":"OMN","WOE_ID":23424898,"WOE_ID_EH":23424898,"WOE_NOTE":"Exact WOE match as country","ADM0_A3_IS":"OMN","ADM0_A3_US":"OMN","ADM0_A3_UN":-99,"ADM0_A3_WB":-99,"CONTINENT":"Asia","REGION_UN":"Asia","SUBREGION":"Western Asia","REGION_WB":"Middle East & North Africa","NAME_LEN":4,"LONG_LEN":4,"ABBREV_LEN":4,"TINY":-99,"HOMEPART":1,"MIN_ZOOM":0,"MIN_LABEL":4,"MAX_LABEL":9},"bbox":[52.00001,16.651051,59.80806,26.395934],"geometry":{"type":"MultiPolygon","coordinates":[[[[56.261,25.715],[56.071,26.055],[56.362,26.396],[56.486,26.309],[56.391,25.896],[56.261,25.715]]],[[[55.208,22.708],[55.234,23.111],[55.526,23.525],[55.529,23.934],[55.981,24.131],[55.804,24.27],[55.886,24.921],[56.397,24.925],[56.845,24.242],[57.403,23.879],[58.137,23.748],[58.729,23.566],[59.181,22.992],[59.45,22.66],[59.808,22.534],[59.806,22.311],[59.442,21.715],[59.282,21.434],[58.861,21.114],[58.488,20.429],[58.034,20.481],[57.826,20.243],[57.666,19.736],[57.789,19.068],[57.694,18.945],[57.234,18.948],[56.61,18.574],[56.512,18.087],[56.284,17.876],[55.661,17.884],[55.27,17.632],[55.275,17.228],[54.791,16.951],[54.239,17.045],[53.571,16.708],[53.109,16.651],[52.782,17.35],[52,19],[55,20],[55.667,22],[55.208,22.708]]]]}},{"type":"Feature","properties":{"scalerank":1,"featurecla":"Admin-0 country","LABELRANK":2,"SOVEREIGNT":"Pakistan","SOV_A3":"PAK","ADM0_DIF":0,"LEVEL":2,"TYPE":"Sovereign country","ADMIN":"Pakistan","ADM0_A3":"PAK","GEOU_DIF":0,"GEOUNIT":"Pakistan","GU_A3":"PAK","SU_DIF":0,"SUBUNIT":"Pakistan","SU_A3":"PAK","BRK_DIFF":0,"NAME":"Pakistan","NAME_LONG":"Pakistan","BRK_A3":"PAK","BRK_NAME":"Pakistan","BRK_GROUP":null,"ABBREV":"Pak.","POSTAL":"PK","FORMAL_EN":"Islamic Republic of Pakistan","FORMAL_FR":null,"NAME_CIAWF":"Pakistan","NOTE_ADM0":null,"NOTE_BRK":null,"NAME_SORT":"Pakistan","NAME_ALT":null,"MAPCOLOR7":2,"MAPCOLOR8":2,"MAPCOLOR9":3,"MAPCOLOR13":11,"POP_EST":204924861,"POP_RANK":17,"GDP_MD_EST":988200,"POP_YEAR":2017,"LASTCENSUS":1998,"GDP_YEAR":2016,"ECONOMY":"5. Emerging region: G20","INCOME_GRP":"4. Lower middle income","WIKIPEDIA":-99,"FIPS_10_":"PK","ISO_A2":"PK","ISO_A3":"PAK","ISO_A3_EH":"PAK","ISO_N3":"586","UN_A3":"586","WB_A2":"PK","WB_A3":"PAK","WOE_ID":23424922,"WOE_ID_EH":23424922,"WOE_NOTE":"Exact WOE match as country","ADM0_A3_IS":"PAK","ADM0_A3_US":"PAK","ADM0_A3_UN":-99,"ADM0_A3_WB":-99,"CONTINENT":"Asia","REGION_UN":"Asia","SUBREGION":"Southern Asia","REGION_WB":"South Asia","NAME_LEN":8,"LONG_LEN":8,"ABBREV_LEN":4,"TINY":-99,"HOMEPART":1,"MIN_ZOOM":0,"MIN_LABEL":3,"MAX_LABEL":7},"bbox":[60.874248,23.691965,77.837451,37.133031],"geometry":{"type":"Polygon","coordinates":[[[60.874,29.829],[62.55,29.319],[63.55,29.468],[64.148,29.341],[64.35,29.56],[65.047,29.472],[66.346,29.888],[66.381,30.739],[66.939,31.305],[67.683,31.303],[67.793,31.583],[68.557,31.713],[68.927,31.62],[69.318,31.901],[69.263,32.502],[69.687,33.105],[70.324,33.359],[69.931,34.02],[70.882,33.989],[71.157,34.349],[71.115,34.733],[71.613,35.153],[71.499,35.651],[71.262,36.074],[71.846,36.51],[72.92,36.72],[74.068,36.836],[74.576,37.021],[75.158,37.133],[75.897,36.667],[76.193,35.898],[77.837,35.494],[76.872,34.654],[75.757,34.505],[74.24,34.749],[73.75,34.318],[74.104,33.441],[74.452,32.765],[75.259,32.271],[74.406,31.693],[74.421,30.98],[73.451,29.976],[72.824,28.962],[71.778,27.913],[70.616,27.989],[69.514,26.941],[70.169,26.492],[70.283,25.722],[70.845,25.215],[71.043,24.357],[68.843,24.359],[68.177,23.692],[67.444,23.945],[67.145,24.664],[66.373,25.425],[64.53,25.237],[62.906,25.218],[61.497,25.078],[61.874,26.24],[63.317,26.757],[63.234,27.217],[62.755,27.379],[62.728,28.26],[61.772,28.699],[61.369,29.303],[60.874,29.829]]]}},{"type":"Feature","properties":{"scalerank":1,"featurecla":"Admin-0 country","LABELRANK":4,"SOVEREIGNT":"Panama","SOV_A3":"PAN","ADM0_DIF":0,"LEVEL":2,"TYPE":"Sovereign country","ADMIN":"Panama","ADM0_A3":"PAN","GEOU_DIF":0,"GEOUNIT":"Panama","GU_A3":"PAN","SU_DIF":0,"SUBUNIT":"Panama","SU_A3":"PAN","BRK_DIFF":0,"NAME":"Panama","NAME_LONG":"Panama","BRK_A3":"PAN","BRK_NAME":"Panama","BRK_GROUP":null,"ABBREV":"Pan.","POSTAL":"PA","FORMAL_EN":"Republic of Panama","FORMAL_FR":null,"NAME_CIAWF":"Panama","NOTE_ADM0":null,"NOTE_BRK":null,"NAME_SORT":"Panama","NAME_ALT":null,"MAPCOLOR7":4,"MAPCOLOR8":4,"MAPCOLOR9":6,"MAPCOLOR13":3,"POP_EST":3753142,"POP_RANK":12,"GDP_MD_EST":93120,"POP_YEAR":2017,"LASTCENSUS":2010,"GDP_YEAR":2016,"ECONOMY":"6. Developing region","INCOME_GRP":"3. Upper middle income","WIKIPEDIA":-99,"FIPS_10_":"PM","ISO_A2":"PA","ISO_A3":"PAN","ISO_A3_EH":"PAN","ISO_N3":"591","UN_A3":"591","WB_A2":"PA","WB_A3":"PAN","WOE_ID":23424924,"WOE_ID_EH":23424924,"WOE_NOTE":"Exact WOE match as country","ADM0_A3_IS":"PAN","ADM0_A3_US":"PAN","ADM0_A3_UN":-99,"ADM0_A3_WB":-99,"CONTINENT":"North America","REGION_UN":"Americas","SUBREGION":"Central America","REGION_WB":"Latin America & Caribbean","NAME_LEN":6,"LONG_LEN":6,"ABBREV_LEN":4,"TINY":-99,"HOMEPART":1,"MIN_ZOOM":0,"MIN_LABEL":4,"MAX_LABEL":9},"bbox":[-82.965783,7.220541,-77.242566,9.61161],"geometry":{"type":"Polygon","coordinates":[[[-77.353,8.671],[-77.475,8.524],[-77.243,7.935],[-77.431,7.638],[-77.753,7.71],[-77.882,7.224],[-78.215,7.512],[-78.429,8.052],[-78.182,8.319],[-78.435,8.388],[-78.622,8.718],[-79.12,8.996],[-79.558,8.932],[-79.761,8.585],[-80.164,8.333],[-80.383,8.298],[-80.481,8.09],[-80.004,7.548],[-80.277,7.42],[-80.421,7.272],[-80.886,7.221],[-81.06,7.818],[-81.19,7.648],[-81.52,7.707],[-81.721,8.109],[-82.131,8.175],[-82.391,8.292],[-82.82,8.291],[-82.851,8.074],[-82.966,8.225],[-82.913,8.424],[-82.83,8.626],[-82.869,8.807],[-82.719,8.926],[-82.927,9.074],[-82.933,9.477],[-82.546,9.566],[-82.187,9.207],[-82.208,8.996],[-81.809,8.951],[-81.714,9.032],[-81.439,8.786],[-80.947,8.859],[-80.522,9.111],[-79.915,9.313],[-79.573,9.612],[-79.021,9.553],[-79.058,9.455],[-78.501,9.42],[-78.056,9.248],[-77.73,8.947],[-77.353,8.671]]]}},{"type":"Feature","properties":{"scalerank":1,"featurecla":"Admin-0 country","LABELRANK":2,"SOVEREIGNT":"Peru","SOV_A3":"PER","ADM0_DIF":0,"LEVEL":2,"TYPE":"Sovereign country","ADMIN":"Peru","ADM0_A3":"PER","GEOU_DIF":0,"GEOUNIT":"Peru","GU_A3":"PER","SU_DIF":0,"SUBUNIT":"Peru","SU_A3":"PER","BRK_DIFF":0,"NAME":"Peru","NAME_LONG":"Peru","BRK_A3":"PER","BRK_NAME":"Peru","BRK_GROUP":null,"ABBREV":"Peru","POSTAL":"PE","FORMAL_EN":"Republic of Peru","FORMAL_FR":null,"NAME_CIAWF":"Peru","NOTE_ADM0":null,"NOTE_BRK":null,"NAME_SORT":"Peru","NAME_ALT":null,"MAPCOLOR7":4,"MAPCOLOR8":4,"MAPCOLOR9":4,"MAPCOLOR13":11,"POP_EST":31036656,"POP_RANK":15,"GDP_MD_EST":410400,"POP_YEAR":2017,"LASTCENSUS":2007,"GDP_YEAR":2016,"ECONOMY":"5. Emerging region: G20","INCOME_GRP":"3. Upper middle income","WIKIPEDIA":-99,"FIPS_10_":"PE","ISO_A2":"PE","ISO_A3":"PER","ISO_A3_EH":"PER","ISO_N3":"604","UN_A3":"604","WB_A2":"PE","WB_A3":"PER","WOE_ID":23424919,"WOE_ID_EH":23424919,"WOE_NOTE":"Exact WOE match as country","ADM0_A3_IS":"PER","ADM0_A3_US":"PER","ADM0_A3_UN":-99,"ADM0_A3_WB":-99,"CONTINENT":"South America","REGION_UN":"Americas","SUBREGION":"South America","REGION_WB":"Latin America & Caribbean","NAME_LEN":4,"LONG_LEN":4,"ABBREV_LEN":4,"TINY":-99,"HOMEPART":1,"MIN_ZOOM":0,"MIN_LABEL":2,"MAX_LABEL":7},"bbox":[-81.410943,-18.347975,-68.66508,-0.057205],"geometry":{"type":"Polygon","coordinates":[[[-69.53,-10.952],[-68.665,-12.561],[-68.88,-12.9],[-68.929,-13.603],[-68.949,-14.454],[-69.34,-14.953],[-69.16,-15.324],[-69.39,-15.66],[-68.96,-16.501],[-69.59,-17.58],[-69.858,-18.093],[-70.373,-18.348],[-71.375,-17.774],[-71.462,-17.363],[-73.445,-16.359],[-75.238,-15.266],[-76.009,-14.649],[-76.423,-13.823],[-76.259,-13.535],[-77.106,-12.223],[-78.092,-10.378],[-79.037,-8.387],[-79.446,-7.931],[-79.761,-7.194],[-80.537,-6.542],[-81.25,-6.137],[-80.926,-5.691],[-81.411,-4.737],[-81.1,-4.036],[-80.303,-3.405],[-80.184,-3.821],[-80.469,-4.059],[-80.442,-4.426],[-80.029,-4.346],[-79.625,-4.454],[-79.205,-4.959],[-78.64,-4.548],[-78.451,-3.873],[-77.838,-3.003],[-76.635,-2.609],[-75.545,-1.562],[-75.234,-0.911],[-75.373,-0.152],[-75.107,-0.057],[-74.442,-0.531],[-74.122,-1.003],[-73.66,-1.26],[-73.07,-2.309],[-72.326,-2.434],[-71.775,-2.17],[-71.414,-2.343],[-70.813,-2.257],[-70.048,-2.725],[-70.693,-3.743],[-70.394,-3.767],[-69.894,-4.298],[-70.795,-4.251],[-70.929,-4.402],[-71.748,-4.594],[-72.892,-5.275],[-72.965,-5.741],[-73.22,-6.089],[-73.12,-6.63],[-73.724,-6.919],[-73.723,-7.341],[-73.987,-7.524],[-73.571,-8.424],[-73.015,-9.033],[-73.227,-9.462],[-72.563,-9.52],[-72.185,-10.054],[-71.302,-10.079],[-70.482,-9.49],[-70.549,-11.009],[-70.094,-11.124],[-69.53,-10.952]]]}},{"type":"Feature","properties":{"scalerank":1,"featurecla":"Admin-0 country","LABELRANK":2,"SOVEREIGNT":"Philippines","SOV_A3":"PHL","ADM0_DIF":0,"LEVEL":2,"TYPE":"Sovereign country","ADMIN":"Philippines","ADM0_A3":"PHL","GEOU_DIF":0,"GEOUNIT":"Philippines","GU_A3":"PHL","SU_DIF":0,"SUBUNIT":"Philippines","SU_A3":"PHL","BRK_DIFF":0,"NAME":"Philippines","NAME_LONG":"Philippines","BRK_A3":"PHL","BRK_NAME":"Philippines","BRK_GROUP":null,"ABBREV":"Phil.","POSTAL":"PH","FORMAL_EN":"Republic of the Philippines","FORMAL_FR":null,"NAME_CIAWF":"Philippines","NOTE_ADM0":null,"NOTE_BRK":null,"NAME_SORT":"Philippines","NAME_ALT":null,"MAPCOLOR7":3,"MAPCOLOR8":2,"MAPCOLOR9":2,"MAPCOLOR13":8,"POP_EST":104256076,"POP_RANK":17,"GDP_MD_EST":801900,"POP_YEAR":2017,"LASTCENSUS":2010,"GDP_YEAR":2016,"ECONOMY":"5. Emerging region: G20","INCOME_GRP":"4. Lower middle income","WIKIPEDIA":-99,"FIPS_10_":"RP","ISO_A2":"PH","ISO_A3":"PHL","ISO_A3_EH":"PHL","ISO_N3":"608","UN_A3":"608","WB_A2":"PH","WB_A3":"PHL","WOE_ID":23424934,"WOE_ID_EH":23424934,"WOE_NOTE":"Exact WOE match as country","ADM0_A3_IS":"PHL","ADM0_A3_US":"PHL","ADM0_A3_UN":-99,"ADM0_A3_WB":-99,"CONTINENT":"Asia","REGION_UN":"Asia","SUBREGION":"South-Eastern Asia","REGION_WB":"East Asia & Pacific","NAME_LEN":11,"LONG_LEN":11,"ABBREV_LEN":5,"TINY":-99,"HOMEPART":1,"MIN_ZOOM":0,"MIN_LABEL":3,"MAX_LABEL":7},"bbox":[117.174275,5.581003,126.537424,18.505227],"geometry":{"type":"MultiPolygon","coordinates":[[[[126.377,8.415],[126.479,7.75],[126.537,7.189],[126.197,6.274],[125.831,7.294],[125.364,6.786],[125.683,6.05],[125.397,5.581],[124.22,6.161],[123.939,6.885],[124.244,7.361],[123.61,7.834],[123.296,7.419],[122.826,7.457],[122.085,6.899],[121.92,7.192],[122.312,8.035],[122.942,8.316],[123.488,8.693],[123.841,8.24],[124.601,8.514],[124.765,8.96],[125.471,8.987],[125.412,9.76],[126.223,9.286],[126.307,8.782],[126.377,8.415]]],[[[123.982,10.279],[123.623,9.95],[123.31,9.318],[122.996,9.022],[122.38,9.713],[122.586,9.981],[122.837,10.261],[122.947,10.882],[123.499,10.941],[123.338,10.267],[124.078,11.233],[123.982,10.279]]],[[[118.505,9.316],[117.174,8.368],[117.664,9.067],[118.387,9.685],[118.987,10.376],[119.511,11.37],[119.69,10.554],[119.029,10.004],[118.505,9.316]]],[[[121.884,11.892],[122.484,11.582],[123.12,11.584],[123.101,11.166],[122.638,10.741],[122.003,10.441],[121.967,10.906],[122.038,11.416],[121.884,11.892]]],[[[125.503,12.163],[125.783,11.046],[125.012,11.311],[125.033,10.976],[125.277,10.359],[124.802,10.135],[124.76,10.838],[124.459,10.89],[124.303,11.495],[124.891,11.416],[124.878,11.794],[124.267,12.558],[125.227,12.536],[125.503,12.163]]],[[[121.527,13.07],[121.262,12.206],[120.834,12.704],[120.323,13.466],[121.18,13.43],[121.527,13.07]]],[[[121.321,18.504],[121.938,18.219],[122.246,18.479],[122.337,18.225],[122.174,17.81],[122.516,17.094],[122.252,16.262],[121.663,15.931],[121.505,15.125],[121.729,14.328],[122.259,14.218],[122.701,14.337],[123.95,13.782],[123.855,13.238],[124.181,12.998],[124.077,12.537],[123.298,13.028],[122.929,13.553],[122.671,13.186],[122.035,13.784],[121.126,13.637],[120.629,13.858],[120.679,14.271],[120.992,14.525],[120.693,14.757],[120.564,14.396],[120.07,14.971],[119.921,15.406],[119.884,16.364],[120.286,16.035],[120.39,17.599],[120.716,18.505],[121.321,18.504]]]]}},{"type":"Feature","properties":{"scalerank":1,"featurecla":"Admin-0 country","LABELRANK":2,"SOVEREIGNT":"Papua New Guinea","SOV_A3":"PNG","ADM0_DIF":0,"LEVEL":2,"TYPE":"Sovereign country","ADMIN":"Papua New Guinea","ADM0_A3":"PNG","GEOU_DIF":0,"GEOUNIT":"Papua New Guinea","GU_A3":"PNG","SU_DIF":1,"SUBUNIT":"Papua New Guinea","SU_A3":"PN1","BRK_DIFF":0,"NAME":"Papua New Guinea","NAME_LONG":"Papua New Guinea","BRK_A3":"PN1","BRK_NAME":"Papua New Guinea","BRK_GROUP":null,"ABBREV":"P.N.G.","POSTAL":"PG","FORMAL_EN":"Independent State of Papua New Guinea","FORMAL_FR":null,"NAME_CIAWF":"Papua New Guinea","NOTE_ADM0":null,"NOTE_BRK":null,"NAME_SORT":"Papua New Guinea","NAME_ALT":null,"MAPCOLOR7":4,"MAPCOLOR8":2,"MAPCOLOR9":3,"MAPCOLOR13":1,"POP_EST":6909701,"POP_RANK":13,"GDP_MD_EST":28020,"POP_YEAR":2017,"LASTCENSUS":2000,"GDP_YEAR":2016,"ECONOMY":"6. Developing region","INCOME_GRP":"4. Lower middle income","WIKIPEDIA":-99,"FIPS_10_":"PP","ISO_A2":"PG","ISO_A3":"PNG","ISO_A3_EH":"PNG","ISO_N3":"598","UN_A3":"598","WB_A2":"PG","WB_A3":"PNG","WOE_ID":23424926,"WOE_ID_EH":23424926,"WOE_NOTE":"Exact WOE match as country","ADM0_A3_IS":"PNG","ADM0_A3_US":"PNG","ADM0_A3_UN":-99,"ADM0_A3_WB":-99,"CONTINENT":"Oceania","REGION_UN":"Oceania","SUBREGION":"Melanesia","REGION_WB":"East Asia & Pacific","NAME_LEN":16,"LONG_LEN":16,"ABBREV_LEN":6,"TINY":-99,"HOMEPART":1,"MIN_ZOOM":0,"MIN_LABEL":2.5,"MAX_LABEL":7.5},"bbox":[141.00021,-10.652476,156.019965,-2.500002],"geometry":{"type":"MultiPolygon","coordinates":[[[[141.034,-9.118],[141.017,-5.859],[141,-2.6],[142.735,-3.289],[144.584,-3.861],[145.273,-4.374],[145.83,-4.876],[145.982,-5.466],[147.648,-6.084],[147.891,-6.614],[146.971,-6.722],[147.192,-7.388],[148.085,-8.044],[148.734,-9.105],[149.307,-9.071],[149.267,-9.514],[150.039,-9.684],[149.739,-9.873],[150.802,-10.294],[150.691,-10.583],[150.028,-10.652],[149.782,-10.393],[148.923,-10.281],[147.913,-10.13],[147.135,-9.492],[146.568,-8.943],[146.048,-8.067],[144.744,-7.63],[143.897,-7.915],[143.286,-8.245],[143.414,-8.983],[142.628,-9.327],[142.068,-9.16],[141.034,-9.118]]],[[[155.88,-6.82],[155.6,-6.92],[155.167,-6.536],[154.729,-5.901],[154.514,-5.139],[154.653,-5.042],[154.76,-5.34],[155.063,-5.567],[155.548,-6.201],[156.02,-6.54],[155.88,-6.82]]],[[[151.983,-5.478],[151.459,-5.56],[151.301,-5.841],[150.754,-6.084],[150.241,-6.318],[149.71,-6.317],[148.89,-6.026],[148.319,-5.747],[148.402,-5.438],[149.298,-5.584],[149.846,-5.506],[149.996,-5.026],[150.14,-5.001],[150.237,-5.532],[150.807,-5.456],[151.09,-5.114],[151.648,-4.757],[151.538,-4.168],[152.137,-4.149],[152.339,-4.313],[152.319,-4.868],[151.983,-5.478]]],[[[153.14,-4.5],[152.827,-4.766],[152.639,-4.176],[152.406,-3.79],[151.953,-3.462],[151.384,-3.035],[150.662,-2.741],[150.94,-2.5],[151.48,-2.78],[151.82,-3],[152.24,-3.24],[152.64,-3.66],[153.02,-3.98],[153.14,-4.5]]]]}},{"type":"Feature","properties":{"scalerank":1,"featurecla":"Admin-0 country","LABELRANK":3,"SOVEREIGNT":"Poland","SOV_A3":"POL","ADM0_DIF":0,"LEVEL":2,"TYPE":"Sovereign country","ADMIN":"Poland","ADM0_A3":"POL","GEOU_DIF":0,"GEOUNIT":"Poland","GU_A3":"POL","SU_DIF":0,"SUBUNIT":"Poland","SU_A3":"POL","BRK_DIFF":0,"NAME":"Poland","NAME_LONG":"Poland","BRK_A3":"POL","BRK_NAME":"Poland","BRK_GROUP":null,"ABBREV":"Pol.","POSTAL":"PL","FORMAL_EN":"Republic of Poland","FORMAL_FR":null,"NAME_CIAWF":"Poland","NOTE_ADM0":null,"NOTE_BRK":null,"NAME_SORT":"Poland","NAME_ALT":null,"MAPCOLOR7":3,"MAPCOLOR8":7,"MAPCOLOR9":1,"MAPCOLOR13":2,"POP_EST":38476269,"POP_RANK":15,"GDP_MD_EST":1052000,"POP_YEAR":2017,"LASTCENSUS":2011,"GDP_YEAR":2016,"ECONOMY":"2. Developed region: nonG7","INCOME_GRP":"1. High income: OECD","WIKIPEDIA":-99,"FIPS_10_":"PL","ISO_A2":"PL","ISO_A3":"POL","ISO_A3_EH":"POL","ISO_N3":"616","UN_A3":"616","WB_A2":"PL","WB_A3":"POL","WOE_ID":23424923,"WOE_ID_EH":23424923,"WOE_NOTE":"Exact WOE match as country","ADM0_A3_IS":"POL","ADM0_A3_US":"POL","ADM0_A3_UN":-99,"ADM0_A3_WB":-99,"CONTINENT":"Europe","REGION_UN":"Europe","SUBREGION":"Eastern Europe","REGION_WB":"Europe & Central Asia","NAME_LEN":6,"LONG_LEN":6,"ABBREV_LEN":4,"TINY":-99,"HOMEPART":1,"MIN_ZOOM":0,"MIN_LABEL":3,"MAX_LABEL":7},"bbox":[14.074521,49.027395,24.029986,54.851536],"geometry":{"type":"Polygon","coordinates":[[[23.484,53.912],[23.528,53.47],[23.805,53.09],[23.799,52.691],[23.199,52.487],[23.508,52.024],[23.527,51.578],[24.03,50.705],[23.923,50.425],[23.427,50.309],[22.518,49.477],[22.776,49.027],[22.558,49.086],[21.608,49.47],[20.888,49.329],[20.416,49.431],[19.825,49.217],[19.321,49.572],[18.91,49.436],[18.853,49.496],[18.393,49.989],[17.649,50.049],[17.555,50.362],[16.869,50.474],[16.719,50.216],[16.176,50.423],[16.239,50.698],[15.491,50.785],[15.017,51.107],[14.607,51.745],[14.685,52.09],[14.438,52.625],[14.075,52.981],[14.353,53.248],[14.12,53.757],[14.803,54.051],[16.363,54.513],[17.623,54.852],[18.621,54.683],[18.696,54.439],[19.661,54.426],[20.892,54.313],[22.731,54.328],[23.244,54.221],[23.484,53.912]]]}},{"type":"Feature","properties":{"scalerank":1,"featurecla":"Admin-0 country","LABELRANK":5,"SOVEREIGNT":"United States of America","SOV_A3":"US1","ADM0_DIF":1,"LEVEL":2,"TYPE":"Dependency","ADMIN":"Puerto Rico","ADM0_A3":"PRI","GEOU_DIF":0,"GEOUNIT":"Puerto Rico","GU_A3":"PRI","SU_DIF":0,"SUBUNIT":"Puerto Rico","SU_A3":"PRI","BRK_DIFF":0,"NAME":"Puerto Rico","NAME_LONG":"Puerto Rico","BRK_A3":"PRI","BRK_NAME":"Puerto Rico","BRK_GROUP":null,"ABBREV":"P.R.","POSTAL":"PR","FORMAL_EN":"Commonwealth of Puerto Rico","FORMAL_FR":null,"NAME_CIAWF":"Puerto Rico","NOTE_ADM0":"Commonwealth of U.S.A.","NOTE_BRK":null,"NAME_SORT":"Puerto Rico","NAME_ALT":null,"MAPCOLOR7":4,"MAPCOLOR8":5,"MAPCOLOR9":1,"MAPCOLOR13":1,"POP_EST":3351827,"POP_RANK":12,"GDP_MD_EST":131000,"POP_YEAR":2017,"LASTCENSUS":2010,"GDP_YEAR":2016,"ECONOMY":"6. Developing region","INCOME_GRP":"2. High income: nonOECD","WIKIPEDIA":-99,"FIPS_10_":"RQ","ISO_A2":"PR","ISO_A3":"PRI","ISO_A3_EH":"PRI","ISO_N3":"630","UN_A3":"630","WB_A2":"PR","WB_A3":"PRI","WOE_ID":23424935,"WOE_ID_EH":23424935,"WOE_NOTE":"Exact WOE match as country","ADM0_A3_IS":"PRI","ADM0_A3_US":"PRI","ADM0_A3_UN":-99,"ADM0_A3_WB":-99,"CONTINENT":"North America","REGION_UN":"Americas","SUBREGION":"Caribbean","REGION_WB":"Latin America & Caribbean","NAME_LEN":11,"LONG_LEN":11,"ABBREV_LEN":4,"TINY":-99,"HOMEPART":-99,"MIN_ZOOM":0,"MIN_LABEL":3,"MAX_LABEL":8},"bbox":[-67.242428,17.946553,-65.591004,18.520601],"geometry":{"type":"Polygon","coordinates":[[[-66.282,18.515],[-65.771,18.427],[-65.591,18.228],[-65.847,17.976],[-66.6,17.982],[-67.184,17.947],[-67.242,18.374],[-67.101,18.521],[-66.282,18.515]]]}},{"type":"Feature","properties":{"scalerank":1,"featurecla":"Admin-0 country","LABELRANK":3,"SOVEREIGNT":"North Korea","SOV_A3":"PRK","ADM0_DIF":0,"LEVEL":2,"TYPE":"Sovereign country","ADMIN":"North Korea","ADM0_A3":"PRK","GEOU_DIF":0,"GEOUNIT":"North Korea","GU_A3":"PRK","SU_DIF":0,"SUBUNIT":"North Korea","SU_A3":"PRK","BRK_DIFF":0,"NAME":"North Korea","NAME_LONG":"Dem. Rep. Korea","BRK_A3":"PRK","BRK_NAME":"Dem. Rep. Korea","BRK_GROUP":null,"ABBREV":"N.K.","POSTAL":"KP","FORMAL_EN":"Democratic People's Republic of Korea","FORMAL_FR":null,"NAME_CIAWF":"Korea, North","NOTE_ADM0":null,"NOTE_BRK":null,"NAME_SORT":"Korea, Dem. Rep.","NAME_ALT":null,"MAPCOLOR7":3,"MAPCOLOR8":5,"MAPCOLOR9":3,"MAPCOLOR13":9,"POP_EST":25248140,"POP_RANK":15,"GDP_MD_EST":40000,"POP_YEAR":2013,"LASTCENSUS":2009,"GDP_YEAR":2016,"ECONOMY":"7. Least developed region","INCOME_GRP":"5. Low income","WIKIPEDIA":-99,"FIPS_10_":"KN","ISO_A2":"KP","ISO_A3":"PRK","ISO_A3_EH":"PRK","ISO_N3":"408","UN_A3":"408","WB_A2":"KP","WB_A3":"PRK","WOE_ID":23424865,"WOE_ID_EH":23424865,"WOE_NOTE":"Exact WOE match as country","ADM0_A3_IS":"PRK","ADM0_A3_US":"PRK","ADM0_A3_UN":-99,"ADM0_A3_WB":-99,"CONTINENT":"Asia","REGION_UN":"Asia","SUBREGION":"Eastern Asia","REGION_WB":"East Asia & Pacific","NAME_LEN":11,"LONG_LEN":15,"ABBREV_LEN":4,"TINY":-99,"HOMEPART":1,"MIN_ZOOM":0,"MIN_LABEL":3,"MAX_LABEL":8},"bbox":[124.265625,37.669071,130.780007,42.985387],"geometry":{"type":"MultiPolygon","coordinates":[[[[124.266,39.928],[125.08,40.57],[126.182,41.107],[126.869,41.817],[127.344,41.503],[128.208,41.467],[128.052,41.994],[129.597,42.425],[129.994,42.985],[130.64,42.395],[130.64,42.395],[130.78,42.22],[130.4,42.28],[129.966,41.941],[129.667,41.601],[129.705,40.883],[129.188,40.662],[129.01,40.485],[128.633,40.19],[127.967,40.025],[127.533,39.757],[127.502,39.324],[127.385,39.213],[127.783,39.051],[128.35,38.612],[128.206,38.37],[127.78,38.305],[127.073,38.256],[126.684,37.805],[126.237,37.84],[126.175,37.75],[125.689,37.94],[125.568,37.752],[125.275,37.669],[125.24,37.857],[124.981,37.949],[124.712,38.108],[124.986,38.548],[125.222,38.666],[125.133,38.849],[125.387,39.388],[125.321,39.551],[124.737,39.66],[124.266,39.928]]],[[[130.78,42.22],[130.78,42.22],[130.78,42.22],[130.78,42.22]]]]}},{"type":"Feature","properties":{"scalerank":1,"featurecla":"Admin-0 country","LABELRANK":2,"SOVEREIGNT":"Portugal","SOV_A3":"PRT","ADM0_DIF":0,"LEVEL":2,"TYPE":"Sovereign country","ADMIN":"Portugal","ADM0_A3":"PRT","GEOU_DIF":0,"GEOUNIT":"Portugal","GU_A3":"PRT","SU_DIF":1,"SUBUNIT":"Portugal","SU_A3":"PR1","BRK_DIFF":0,"NAME":"Portugal","NAME_LONG":"Portugal","BRK_A3":"PR1","BRK_NAME":"Portugal","BRK_GROUP":null,"ABBREV":"Port.","POSTAL":"P","FORMAL_EN":"Portuguese Republic","FORMAL_FR":null,"NAME_CIAWF":"Portugal","NOTE_ADM0":null,"NOTE_BRK":null,"NAME_SORT":"Portugal","NAME_ALT":null,"MAPCOLOR7":1,"MAPCOLOR8":7,"MAPCOLOR9":1,"MAPCOLOR13":4,"POP_EST":10839514,"POP_RANK":14,"GDP_MD_EST":297100,"POP_YEAR":2017,"LASTCENSUS":2011,"GDP_YEAR":2016,"ECONOMY":"2. Developed region: nonG7","INCOME_GRP":"1. High income: OECD","WIKIPEDIA":-99,"FIPS_10_":"PO","ISO_A2":"PT","ISO_A3":"PRT","ISO_A3_EH":"PRT","ISO_N3":"620","UN_A3":"620","WB_A2":"PT","WB_A3":"PRT","WOE_ID":23424925,"WOE_ID_EH":23424925,"WOE_NOTE":"Exact WOE match as country","ADM0_A3_IS":"PRT","ADM0_A3_US":"PRT","ADM0_A3_UN":-99,"ADM0_A3_WB":-99,"CONTINENT":"Europe","REGION_UN":"Europe","SUBREGION":"Southern Europe","REGION_WB":"Europe & Central Asia","NAME_LEN":8,"LONG_LEN":8,"ABBREV_LEN":5,"TINY":-99,"HOMEPART":1,"MIN_ZOOM":0,"MIN_LABEL":3,"MAX_LABEL":8},"bbox":[-9.526571,36.838269,-6.389088,42.280469],"geometry":{"type":"Polygon","coordinates":[[[-9.035,41.881],[-8.672,42.135],[-8.264,42.28],[-8.013,41.791],[-7.423,41.792],[-7.251,41.918],[-6.669,41.883],[-6.389,41.382],[-6.851,41.111],[-6.864,40.331],[-7.026,40.185],[-7.067,39.712],[-7.499,39.63],[-7.098,39.03],[-7.374,38.373],[-7.029,38.076],[-7.167,37.804],[-7.537,37.429],[-7.454,37.098],[-7.856,36.838],[-8.383,36.979],[-8.899,36.869],[-8.746,37.651],[-8.84,38.266],[-9.287,38.358],[-9.527,38.737],[-9.447,39.392],[-9.048,39.755],[-8.977,40.159],[-8.769,40.761],[-8.791,41.184],[-8.991,41.543],[-9.035,41.881]]]}},{"type":"Feature","properties":{"scalerank":1,"featurecla":"Admin-0 country","LABELRANK":4,"SOVEREIGNT":"Paraguay","SOV_A3":"PRY","ADM0_DIF":0,"LEVEL":2,"TYPE":"Sovereign country","ADMIN":"Paraguay","ADM0_A3":"PRY","GEOU_DIF":0,"GEOUNIT":"Paraguay","GU_A3":"PRY","SU_DIF":0,"SUBUNIT":"Paraguay","SU_A3":"PRY","BRK_DIFF":0,"NAME":"Paraguay","NAME_LONG":"Paraguay","BRK_A3":"PRY","BRK_NAME":"Paraguay","BRK_GROUP":null,"ABBREV":"Para.","POSTAL":"PY","FORMAL_EN":"Republic of Paraguay","FORMAL_FR":null,"NAME_CIAWF":"Paraguay","NOTE_ADM0":null,"NOTE_BRK":null,"NAME_SORT":"Paraguay","NAME_ALT":null,"MAPCOLOR7":6,"MAPCOLOR8":3,"MAPCOLOR9":6,"MAPCOLOR13":2,"POP_EST":6943739,"POP_RANK":13,"GDP_MD_EST":64670,"POP_YEAR":2017,"LASTCENSUS":2002,"GDP_YEAR":2016,"ECONOMY":"5. Emerging region: G20","INCOME_GRP":"4. Lower middle income","WIKIPEDIA":-99,"FIPS_10_":"PA","ISO_A2":"PY","ISO_A3":"PRY","ISO_A3_EH":"PRY","ISO_N3":"600","UN_A3":"600","WB_A2":"PY","WB_A3":"PRY","WOE_ID":23424917,"WOE_ID_EH":23424917,"WOE_NOTE":"Exact WOE match as country","ADM0_A3_IS":"PRY","ADM0_A3_US":"PRY","ADM0_A3_UN":-99,"ADM0_A3_WB":-99,"CONTINENT":"South America","REGION_UN":"Americas","SUBREGION":"South America","REGION_WB":"Latin America & Caribbean","NAME_LEN":8,"LONG_LEN":8,"ABBREV_LEN":5,"TINY":-99,"HOMEPART":1,"MIN_ZOOM":0,"MIN_LABEL":3,"MAX_LABEL":8},"bbox":[-62.685057,-27.548499,-54.29296,-19.342747],"geometry":{"type":"Polygon","coordinates":[[[-54.625,-25.739],[-54.789,-26.622],[-55.696,-27.388],[-56.487,-27.548],[-57.61,-27.396],[-58.618,-27.124],[-57.634,-25.604],[-57.777,-25.162],[-58.807,-24.771],[-60.029,-24.033],[-60.847,-23.881],[-62.685,-22.249],[-62.291,-21.052],[-62.266,-20.514],[-61.786,-19.634],[-60.044,-19.343],[-59.115,-19.357],[-58.183,-19.868],[-58.166,-20.177],[-57.871,-20.733],[-57.937,-22.09],[-56.882,-22.282],[-56.473,-22.086],[-55.798,-22.357],[-55.611,-22.656],[-55.518,-23.572],[-55.401,-23.957],[-55.028,-24.001],[-54.653,-23.84],[-54.293,-24.021],[-54.293,-24.571],[-54.429,-25.162],[-54.625,-25.739]]]}},{"type":"Feature","properties":{"scalerank":1,"featurecla":"Admin-0 country","LABELRANK":5,"SOVEREIGNT":"Israel","SOV_A3":"IS1","ADM0_DIF":1,"LEVEL":2,"TYPE":"Disputed","ADMIN":"Palestine","ADM0_A3":"PSX","GEOU_DIF":0,"GEOUNIT":"Palestine","GU_A3":"PSX","SU_DIF":0,"SUBUNIT":"Palestine","SU_A3":"PSX","BRK_DIFF":0,"NAME":"Palestine","NAME_LONG":"Palestine","BRK_A3":"PSX","BRK_NAME":"Palestine","BRK_GROUP":null,"ABBREV":"Pal.","POSTAL":"PAL","FORMAL_EN":"West Bank and Gaza","FORMAL_FR":null,"NAME_CIAWF":null,"NOTE_ADM0":"Partial self-admin.","NOTE_BRK":"Partial self-admin.","NAME_SORT":"Palestine (West Bank and Gaza)","NAME_ALT":null,"MAPCOLOR7":3,"MAPCOLOR8":2,"MAPCOLOR9":5,"MAPCOLOR13":8,"POP_EST":4543126,"POP_RANK":12,"GDP_MD_EST":21220.77,"POP_YEAR":2017,"LASTCENSUS":2007,"GDP_YEAR":2016,"ECONOMY":"6. Developing region","INCOME_GRP":"4. Lower middle income","WIKIPEDIA":-99,"FIPS_10_":"-99","ISO_A2":"PS","ISO_A3":"PSE","ISO_A3_EH":"PSE","ISO_N3":"275","UN_A3":"275","WB_A2":"GZ","WB_A3":"WBG","WOE_ID":28289408,"WOE_ID_EH":28289408,"WOE_NOTE":"Exact WOE match as country","ADM0_A3_IS":"PSE","ADM0_A3_US":"PSX","ADM0_A3_UN":-99,"ADM0_A3_WB":-99,"CONTINENT":"Asia","REGION_UN":"Asia","SUBREGION":"Western Asia","REGION_WB":"Middle East & North Africa","NAME_LEN":9,"LONG_LEN":9,"ABBREV_LEN":4,"TINY":-99,"HOMEPART":-99,"MIN_ZOOM":7,"MIN_LABEL":4.5,"MAX_LABEL":9.5},"bbox":[34.927408,31.353435,35.545665,32.532511],"geometry":{"type":"Polygon","coordinates":[[[35.398,31.489],[34.927,31.353],[34.971,31.617],[35.226,31.754],[34.975,31.867],[35.184,32.533],[35.546,32.394],[35.545,31.783],[35.398,31.489]]]}},{"type":"Feature","properties":{"scalerank":1,"featurecla":"Admin-0 country","LABELRANK":5,"SOVEREIGNT":"Qatar","SOV_A3":"QAT","ADM0_DIF":0,"LEVEL":2,"TYPE":"Sovereign country","ADMIN":"Qatar","ADM0_A3":"QAT","GEOU_DIF":0,"GEOUNIT":"Qatar","GU_A3":"QAT","SU_DIF":0,"SUBUNIT":"Qatar","SU_A3":"QAT","BRK_DIFF":0,"NAME":"Qatar","NAME_LONG":"Qatar","BRK_A3":"QAT","BRK_NAME":"Qatar","BRK_GROUP":null,"ABBREV":"Qatar","POSTAL":"QA","FORMAL_EN":"State of Qatar","FORMAL_FR":null,"NAME_CIAWF":"Qatar","NOTE_ADM0":null,"NOTE_BRK":null,"NAME_SORT":"Qatar","NAME_ALT":null,"MAPCOLOR7":3,"MAPCOLOR8":6,"MAPCOLOR9":2,"MAPCOLOR13":4,"POP_EST":2314307,"POP_RANK":12,"GDP_MD_EST":334500,"POP_YEAR":2017,"LASTCENSUS":2010,"GDP_YEAR":2016,"ECONOMY":"6. Developing region","INCOME_GRP":"2. High income: nonOECD","WIKIPEDIA":-99,"FIPS_10_":"QA","ISO_A2":"QA","ISO_A3":"QAT","ISO_A3_EH":"QAT","ISO_N3":"634","UN_A3":"634","WB_A2":"QA","WB_A3":"QAT","WOE_ID":23424930,"WOE_ID_EH":23424930,"WOE_NOTE":"Exact WOE match as country","ADM0_A3_IS":"QAT","ADM0_A3_US":"QAT","ADM0_A3_UN":-99,"ADM0_A3_WB":-99,"CONTINENT":"Asia","REGION_UN":"Asia","SUBREGION":"Western Asia","REGION_WB":"Middle East & North Africa","NAME_LEN":5,"LONG_LEN":5,"ABBREV_LEN":5,"TINY":-99,"HOMEPART":1,"MIN_ZOOM":0,"MIN_LABEL":4,"MAX_LABEL":9},"bbox":[50.743911,24.556331,51.6067,26.114582],"geometry":{"type":"Polygon","coordinates":[[[50.81,24.755],[50.744,25.482],[51.013,26.007],[51.286,26.115],[51.589,25.801],[51.607,25.216],[51.39,24.627],[51.112,24.556],[50.81,24.755]]]}},{"type":"Feature","properties":{"scalerank":1,"featurecla":"Admin-0 country","LABELRANK":3,"SOVEREIGNT":"Romania","SOV_A3":"ROU","ADM0_DIF":0,"LEVEL":2,"TYPE":"Sovereign country","ADMIN":"Romania","ADM0_A3":"ROU","GEOU_DIF":0,"GEOUNIT":"Romania","GU_A3":"ROU","SU_DIF":0,"SUBUNIT":"Romania","SU_A3":"ROU","BRK_DIFF":0,"NAME":"Romania","NAME_LONG":"Romania","BRK_A3":"ROU","BRK_NAME":"Romania","BRK_GROUP":null,"ABBREV":"Rom.","POSTAL":"RO","FORMAL_EN":"Romania","FORMAL_FR":null,"NAME_CIAWF":"Romania","NOTE_ADM0":null,"NOTE_BRK":null,"NAME_SORT":"Romania","NAME_ALT":null,"MAPCOLOR7":1,"MAPCOLOR8":4,"MAPCOLOR9":3,"MAPCOLOR13":13,"POP_EST":21529967,"POP_RANK":15,"GDP_MD_EST":441000,"POP_YEAR":2017,"LASTCENSUS":2011,"GDP_YEAR":2016,"ECONOMY":"2. Developed region: nonG7","INCOME_GRP":"3. Upper middle income","WIKIPEDIA":-99,"FIPS_10_":"RO","ISO_A2":"RO","ISO_A3":"ROU","ISO_A3_EH":"ROU","ISO_N3":"642","UN_A3":"642","WB_A2":"RO","WB_A3":"ROM","WOE_ID":23424933,"WOE_ID_EH":23424933,"WOE_NOTE":"Exact WOE match as country","ADM0_A3_IS":"ROU","ADM0_A3_US":"ROU","ADM0_A3_UN":-99,"ADM0_A3_WB":-99,"CONTINENT":"Europe","REGION_UN":"Europe","SUBREGION":"Eastern Europe","REGION_WB":"Europe & Central Asia","NAME_LEN":7,"LONG_LEN":7,"ABBREV_LEN":4,"TINY":-99,"HOMEPART":1,"MIN_ZOOM":0,"MIN_LABEL":3,"MAX_LABEL":8},"bbox":[20.220192,43.688445,29.626543,48.220881],"geometry":{"type":"Polygon","coordinates":[[[28.558,43.707],[27.97,43.812],[27.242,44.176],[26.065,43.943],[25.569,43.688],[24.101,43.741],[23.332,43.897],[22.945,43.824],[22.657,44.235],[22.474,44.409],[22.706,44.578],[22.459,44.703],[22.145,44.478],[21.562,44.769],[21.484,45.181],[20.874,45.416],[20.762,45.735],[20.22,46.127],[21.022,46.316],[21.627,46.994],[22.1,47.672],[22.711,47.882],[23.142,48.096],[23.761,47.986],[24.402,47.982],[24.866,47.738],[25.208,47.891],[25.946,47.987],[26.197,48.221],[26.619,48.221],[26.924,48.123],[27.234,47.827],[27.551,47.405],[28.128,46.81],[28.16,46.372],[28.054,45.945],[28.234,45.488],[28.68,45.304],[29.15,45.465],[29.603,45.293],[29.627,45.035],[29.142,44.82],[28.838,44.914],[28.558,43.707]]]}},{"type":"Feature","properties":{"scalerank":1,"featurecla":"Admin-0 country","LABELRANK":3,"SOVEREIGNT":"Rwanda","SOV_A3":"RWA","ADM0_DIF":0,"LEVEL":2,"TYPE":"Sovereign country","ADMIN":"Rwanda","ADM0_A3":"RWA","GEOU_DIF":0,"GEOUNIT":"Rwanda","GU_A3":"RWA","SU_DIF":0,"SUBUNIT":"Rwanda","SU_A3":"RWA","BRK_DIFF":0,"NAME":"Rwanda","NAME_LONG":"Rwanda","BRK_A3":"RWA","BRK_NAME":"Rwanda","BRK_GROUP":null,"ABBREV":"Rwa.","POSTAL":"RW","FORMAL_EN":"Republic of Rwanda","FORMAL_FR":null,"NAME_CIAWF":"Rwanda","NOTE_ADM0":null,"NOTE_BRK":null,"NAME_SORT":"Rwanda","NAME_ALT":null,"MAPCOLOR7":5,"MAPCOLOR8":2,"MAPCOLOR9":3,"MAPCOLOR13":10,"POP_EST":11901484,"POP_RANK":14,"GDP_MD_EST":21970,"POP_YEAR":2017,"LASTCENSUS":2002,"GDP_YEAR":2016,"ECONOMY":"7. Least developed region","INCOME_GRP":"5. Low income","WIKIPEDIA":-99,"FIPS_10_":"RW","ISO_A2":"RW","ISO_A3":"RWA","ISO_A3_EH":"RWA","ISO_N3":"646","UN_A3":"646","WB_A2":"RW","WB_A3":"RWA","WOE_ID":23424937,"WOE_ID_EH":23424937,"WOE_NOTE":"Exact WOE match as country","ADM0_A3_IS":"RWA","ADM0_A3_US":"RWA","ADM0_A3_UN":-99,"ADM0_A3_WB":-99,"CONTINENT":"Africa","REGION_UN":"Africa","SUBREGION":"Eastern Africa","REGION_WB":"Sub-Saharan Africa","NAME_LEN":6,"LONG_LEN":6,"ABBREV_LEN":4,"TINY":-99,"HOMEPART":1,"MIN_ZOOM":0,"MIN_LABEL":3,"MAX_LABEL":8},"bbox":[29.024926,-2.917858,30.816135,-1.134659],"geometry":{"type":"Polygon","coordinates":[[[30.47,-2.414],[29.938,-2.348],[29.632,-2.918],[29.025,-2.839],[29.117,-2.292],[29.255,-2.215],[29.292,-1.62],[29.579,-1.341],[29.822,-1.443],[30.419,-1.135],[30.816,-1.699],[30.758,-2.287],[30.47,-2.414],[30.47,-2.414]]]}},{"type":"Feature","properties":{"scalerank":1,"featurecla":"Admin-0 country","LABELRANK":7,"SOVEREIGNT":"Western Sahara","SOV_A3":"SAH","ADM0_DIF":0,"LEVEL":2,"TYPE":"Indeterminate","ADMIN":"Western Sahara","ADM0_A3":"SAH","GEOU_DIF":0,"GEOUNIT":"Western Sahara","GU_A3":"SAH","SU_DIF":0,"SUBUNIT":"Western Sahara","SU_A3":"SAH","BRK_DIFF":1,"NAME":"W. Sahara","NAME_LONG":"Western Sahara","BRK_A3":"B28","BRK_NAME":"W. Sahara","BRK_GROUP":null,"ABBREV":"W. Sah.","POSTAL":"WS","FORMAL_EN":"Sahrawi Arab Democratic Republic","FORMAL_FR":null,"NAME_CIAWF":"Western Sahara","NOTE_ADM0":"Self admin.","NOTE_BRK":"Self admin.; Claimed by Morocco","NAME_SORT":"Western Sahara","NAME_ALT":null,"MAPCOLOR7":4,"MAPCOLOR8":7,"MAPCOLOR9":4,"MAPCOLOR13":4,"POP_EST":603253,"POP_RANK":11,"GDP_MD_EST":906.5,"POP_YEAR":2017,"LASTCENSUS":-99,"GDP_YEAR":2007,"ECONOMY":"7. Least developed region","INCOME_GRP":"5. Low income","WIKIPEDIA":-99,"FIPS_10_":"WI","ISO_A2":"EH","ISO_A3":"ESH","ISO_A3_EH":"ESH","ISO_N3":"732","UN_A3":"732","WB_A2":"-99","WB_A3":"-99","WOE_ID":23424990,"WOE_ID_EH":23424990,"WOE_NOTE":"Exact WOE match as country","ADM0_A3_IS":"MAR","ADM0_A3_US":"SAH","ADM0_A3_UN":-99,"ADM0_A3_WB":-99,"CONTINENT":"Africa","REGION_UN":"Africa","SUBREGION":"Northern Africa","REGION_WB":"Middle East & North Africa","NAME_LEN":9,"LONG_LEN":14,"ABBREV_LEN":7,"TINY":-99,"HOMEPART":1,"MIN_ZOOM":4.7,"MIN_LABEL":6,"MAX_LABEL":11},"bbox":[-17.063423,20.999752,-8.665124,27.656426],"geometry":{"type":"Polygon","coordinates":[[[-8.666,27.656],[-8.665,27.589],[-8.684,27.396],[-8.687,25.881],[-11.969,25.933],[-11.937,23.375],[-12.874,23.285],[-13.119,22.771],[-12.929,21.327],[-16.845,21.333],[-17.063,21],[-17.02,21.422],[-17.003,21.421],[-14.751,21.501],[-14.631,21.861],[-14.221,22.31],[-13.891,23.691],[-12.501,24.77],[-12.031,26.031],[-11.718,26.104],[-11.393,26.883],[-10.551,26.991],[-10.189,26.861],[-9.735,26.861],[-9.413,27.088],[-8.795,27.121],[-8.818,27.656],[-8.666,27.656]]]}},{"type":"Feature","properties":{"scalerank":1,"featurecla":"Admin-0 country","LABELRANK":2,"SOVEREIGNT":"Saudi Arabia","SOV_A3":"SAU","ADM0_DIF":0,"LEVEL":2,"TYPE":"Sovereign country","ADMIN":"Saudi Arabia","ADM0_A3":"SAU","GEOU_DIF":0,"GEOUNIT":"Saudi Arabia","GU_A3":"SAU","SU_DIF":0,"SUBUNIT":"Saudi Arabia","SU_A3":"SAU","BRK_DIFF":0,"NAME":"Saudi Arabia","NAME_LONG":"Saudi Arabia","BRK_A3":"SAU","BRK_NAME":"Saudi Arabia","BRK_GROUP":null,"ABBREV":"Saud.","POSTAL":"SA","FORMAL_EN":"Kingdom of Saudi Arabia","FORMAL_FR":null,"NAME_CIAWF":"Saudi Arabia","NOTE_ADM0":null,"NOTE_BRK":null,"NAME_SORT":"Saudi Arabia","NAME_ALT":null,"MAPCOLOR7":6,"MAPCOLOR8":1,"MAPCOLOR9":6,"MAPCOLOR13":7,"POP_EST":28571770,"POP_RANK":15,"GDP_MD_EST":1731000,"POP_YEAR":2017,"LASTCENSUS":2010,"GDP_YEAR":2016,"ECONOMY":"2. Developed region: nonG7","INCOME_GRP":"2. High income: nonOECD","WIKIPEDIA":-99,"FIPS_10_":"SA","ISO_A2":"SA","ISO_A3":"SAU","ISO_A3_EH":"SAU","ISO_N3":"682","UN_A3":"682","WB_A2":"SA","WB_A3":"SAU","WOE_ID":23424938,"WOE_ID_EH":23424938,"WOE_NOTE":"Exact WOE match as country","ADM0_A3_IS":"SAU","ADM0_A3_US":"SAU","ADM0_A3_UN":-99,"ADM0_A3_WB":-99,"CONTINENT":"Asia","REGION_UN":"Asia","SUBREGION":"Western Asia","REGION_WB":"Middle East & North Africa","NAME_LEN":12,"LONG_LEN":12,"ABBREV_LEN":5,"TINY":-99,"HOMEPART":1,"MIN_ZOOM":0,"MIN_LABEL":2.7,"MAX_LABEL":7},"bbox":[34.632336,16.347891,55.666659,32.161009],"geometry":{"type":"Polygon","coordinates":[[[51.58,24.245],[51.618,24.014],[52.001,23.001],[55.007,22.497],[55.208,22.708],[55.667,22],[55,20],[52,19],[49.117,18.617],[48.183,18.167],[47.467,17.117],[47,16.95],[46.75,17.283],[46.367,17.233],[45.4,17.333],[45.217,17.433],[44.063,17.41],[43.792,17.32],[43.381,17.58],[43.116,17.088],[43.218,16.667],[42.779,16.348],[42.65,16.775],[42.348,17.076],[42.271,17.475],[41.754,17.833],[41.221,18.672],[40.939,19.486],[40.248,20.175],[39.802,20.339],[39.139,21.292],[39.024,21.987],[39.066,22.58],[38.493,23.688],[38.024,24.079],[37.484,24.285],[37.155,24.858],[37.209,25.085],[36.932,25.603],[36.64,25.826],[36.249,26.57],[35.64,27.377],[35.13,28.063],[34.632,28.059],[34.788,28.607],[34.832,28.957],[34.956,29.357],[36.069,29.197],[36.501,29.505],[36.741,29.865],[37.504,30.004],[37.668,30.339],[37.999,30.509],[37.002,31.508],[39.005,32.01],[39.195,32.161],[40.4,31.89],[41.89,31.19],[44.709,29.179],[46.569,29.099],[47.46,29.003],[47.709,28.526],[48.416,28.552],[48.808,27.69],[49.3,27.461],[49.471,27.11],[50.152,26.69],[50.213,26.277],[50.113,25.944],[50.24,25.608],[50.527,25.328],[50.661,25],[50.81,24.755],[51.112,24.556],[51.39,24.627],[51.58,24.245]]]}},{"type":"Feature","properties":{"scalerank":1,"featurecla":"Admin-0 country","LABELRANK":3,"SOVEREIGNT":"Sudan","SOV_A3":"SDN","ADM0_DIF":0,"LEVEL":2,"TYPE":"Sovereign country","ADMIN":"Sudan","ADM0_A3":"SDN","GEOU_DIF":0,"GEOUNIT":"Sudan","GU_A3":"SDN","SU_DIF":0,"SUBUNIT":"Sudan","SU_A3":"SDN","BRK_DIFF":0,"NAME":"Sudan","NAME_LONG":"Sudan","BRK_A3":"SDN","BRK_NAME":"Sudan","BRK_GROUP":null,"ABBREV":"Sudan","POSTAL":"SD","FORMAL_EN":"Republic of the Sudan","FORMAL_FR":null,"NAME_CIAWF":"Sudan","NOTE_ADM0":null,"NOTE_BRK":null,"NAME_SORT":"Sudan","NAME_ALT":null,"MAPCOLOR7":2,"MAPCOLOR8":6,"MAPCOLOR9":4,"MAPCOLOR13":1,"POP_EST":37345935,"POP_RANK":15,"GDP_MD_EST":176300,"POP_YEAR":2017,"LASTCENSUS":2008,"GDP_YEAR":2016,"ECONOMY":"6. Developing region","INCOME_GRP":"4. Lower middle income","WIKIPEDIA":-99,"FIPS_10_":"SU","ISO_A2":"SD","ISO_A3":"SDN","ISO_A3_EH":"SDN","ISO_N3":"729","UN_A3":"729","WB_A2":"SD","WB_A3":"SDN","WOE_ID":-90,"WOE_ID_EH":23424952,"WOE_NOTE":"Almost all FLickr photos are in the north.","ADM0_A3_IS":"SDN","ADM0_A3_US":"SDN","ADM0_A3_UN":-99,"ADM0_A3_WB":-99,"CONTINENT":"Africa","REGION_UN":"Africa","SUBREGION":"Northern Africa","REGION_WB":"Sub-Saharan Africa","NAME_LEN":5,"LONG_LEN":5,"ABBREV_LEN":5,"TINY":-99,"HOMEPART":1,"MIN_ZOOM":0,"MIN_LABEL":3,"MAX_LABEL":8},"bbox":[21.93681,8.229188,38.41009,22],"geometry":{"type":"Polygon","coordinates":[[[24.567,8.229],[23.806,8.666],[23.459,8.954],[23.395,9.265],[23.557,9.681],[23.554,10.089],[22.978,10.714],[22.864,11.142],[22.876,11.385],[22.509,11.679],[22.498,12.26],[22.288,12.646],[21.937,12.588],[22.038,12.955],[22.297,13.372],[22.183,13.786],[22.512,14.093],[22.304,14.327],[22.568,14.944],[23.025,15.681],[23.887,15.611],[23.838,19.58],[23.85,20],[25,20.003],[25,22],[29.02,22],[32.9,22],[36.866,22],[37.189,21.019],[36.969,20.837],[37.115,19.808],[37.482,18.614],[37.863,18.368],[38.41,17.998],[37.904,17.428],[37.167,17.263],[36.853,16.957],[36.754,16.292],[36.323,14.822],[36.43,14.422],[36.27,13.563],[35.864,12.578],[35.26,12.083],[34.832,11.319],[34.731,10.91],[34.257,10.63],[33.962,9.584],[33.975,8.685],[33.963,9.464],[33.825,9.484],[33.842,9.982],[33.722,10.325],[33.207,10.72],[33.087,11.441],[33.207,12.179],[32.743,12.248],[32.675,12.025],[32.074,11.973],[32.314,11.681],[32.4,11.081],[31.851,10.531],[31.353,9.81],[30.838,9.707],[29.997,10.291],[29.619,10.085],[29.516,9.793],[29.001,9.604],[28.967,9.398],[27.971,9.398],[27.834,9.604],[27.113,9.639],[26.752,9.467],[26.477,9.553],[25.962,10.136],[25.791,10.411],[25.07,10.274],[24.795,9.81],[24.537,8.918],[24.194,8.729],[23.887,8.62],[24.567,8.229]]]}},{"type":"Feature","properties":{"scalerank":1,"featurecla":"Admin-0 country","LABELRANK":3,"SOVEREIGNT":"South Sudan","SOV_A3":"SDS","ADM0_DIF":0,"LEVEL":2,"TYPE":"Sovereign country","ADMIN":"South Sudan","ADM0_A3":"SDS","GEOU_DIF":0,"GEOUNIT":"South Sudan","GU_A3":"SDS","SU_DIF":0,"SUBUNIT":"South Sudan","SU_A3":"SDS","BRK_DIFF":0,"NAME":"S. Sudan","NAME_LONG":"South Sudan","BRK_A3":"SDS","BRK_NAME":"S. Sudan","BRK_GROUP":null,"ABBREV":"S. Sud.","POSTAL":"SS","FORMAL_EN":"Republic of South Sudan","FORMAL_FR":null,"NAME_CIAWF":"South Sudan","NOTE_ADM0":null,"NOTE_BRK":null,"NAME_SORT":"South Sudan","NAME_ALT":null,"MAPCOLOR7":1,"MAPCOLOR8":3,"MAPCOLOR9":3,"MAPCOLOR13":5,"POP_EST":13026129,"POP_RANK":14,"GDP_MD_EST":20880,"POP_YEAR":2017,"LASTCENSUS":2008,"GDP_YEAR":2016,"ECONOMY":"7. Least developed region","INCOME_GRP":"5. Low income","WIKIPEDIA":-99,"FIPS_10_":"-99","ISO_A2":"SS","ISO_A3":"SSD","ISO_A3_EH":"SSD","ISO_N3":"728","UN_A3":"728","WB_A2":"SS","WB_A3":"SSD","WOE_ID":-99,"WOE_ID_EH":-99,"WOE_NOTE":"Includes states of 20069899, 20069897, 20069898, 20069901, 20069909, and 20069908 but maybe more?","ADM0_A3_IS":"SSD","ADM0_A3_US":"SDS","ADM0_A3_UN":-99,"ADM0_A3_WB":-99,"CONTINENT":"Africa","REGION_UN":"Africa","SUBREGION":"Eastern Africa","REGION_WB":"Sub-Saharan Africa","NAME_LEN":8,"LONG_LEN":11,"ABBREV_LEN":7,"TINY":-99,"HOMEPART":1,"MIN_ZOOM":0,"MIN_LABEL":3,"MAX_LABEL":8},"bbox":[23.88698,3.509172,35.298007,12.248008],"geometry":{"type":"Polygon","coordinates":[[[27.374,5.234],[27.213,5.551],[26.466,5.947],[26.213,6.547],[25.797,6.979],[25.124,7.5],[25.115,7.825],[24.567,8.229],[23.887,8.62],[24.194,8.729],[24.537,8.918],[24.795,9.81],[25.07,10.274],[25.791,10.411],[25.962,10.136],[26.477,9.553],[26.752,9.467],[27.113,9.639],[27.834,9.604],[27.971,9.398],[28.967,9.398],[29.001,9.604],[29.516,9.793],[29.619,10.085],[29.997,10.291],[30.838,9.707],[31.353,9.81],[31.851,10.531],[32.4,11.081],[32.314,11.681],[32.074,11.973],[32.675,12.025],[32.743,12.248],[33.207,12.179],[33.087,11.441],[33.207,10.72],[33.722,10.325],[33.842,9.982],[33.825,9.484],[33.963,9.464],[33.975,8.685],[33.826,8.379],[33.295,8.355],[32.954,7.785],[33.568,7.713],[34.075,7.226],[34.25,6.826],[34.707,6.594],[35.298,5.506],[34.62,4.847],[34.005,4.25],[33.39,3.79],[32.686,3.792],[31.881,3.558],[31.246,3.782],[30.834,3.509],[29.954,4.174],[29.716,4.601],[29.159,4.389],[28.697,4.455],[28.429,4.287],[27.98,4.408],[27.374,5.234]]]}},{"type":"Feature","properties":{"scalerank":1,"featurecla":"Admin-0 country","LABELRANK":3,"SOVEREIGNT":"Senegal","SOV_A3":"SEN","ADM0_DIF":0,"LEVEL":2,"TYPE":"Sovereign country","ADMIN":"Senegal","ADM0_A3":"SEN","GEOU_DIF":0,"GEOUNIT":"Senegal","GU_A3":"SEN","SU_DIF":0,"SUBUNIT":"Senegal","SU_A3":"SEN","BRK_DIFF":0,"NAME":"Senegal","NAME_LONG":"Senegal","BRK_A3":"SEN","BRK_NAME":"Senegal","BRK_GROUP":null,"ABBREV":"Sen.","POSTAL":"SN","FORMAL_EN":"Republic of Senegal","FORMAL_FR":null,"NAME_CIAWF":"Senegal","NOTE_ADM0":null,"NOTE_BRK":null,"NAME_SORT":"Senegal","NAME_ALT":null,"MAPCOLOR7":2,"MAPCOLOR8":6,"MAPCOLOR9":5,"MAPCOLOR13":5,"POP_EST":14668522,"POP_RANK":14,"GDP_MD_EST":39720,"POP_YEAR":2017,"LASTCENSUS":2002,"GDP_YEAR":2016,"ECONOMY":"7. Least developed region","INCOME_GRP":"4. Lower middle income","WIKIPEDIA":-99,"FIPS_10_":"SG","ISO_A2":"SN","ISO_A3":"SEN","ISO_A3_EH":"SEN","ISO_N3":"686","UN_A3":"686","WB_A2":"SN","WB_A3":"SEN","WOE_ID":23424943,"WOE_ID_EH":23424943,"WOE_NOTE":"Exact WOE match as country","ADM0_A3_IS":"SEN","ADM0_A3_US":"SEN","ADM0_A3_UN":-99,"ADM0_A3_WB":-99,"CONTINENT":"Africa","REGION_UN":"Africa","SUBREGION":"Western Africa","REGION_WB":"Sub-Saharan Africa","NAME_LEN":7,"LONG_LEN":7,"ABBREV_LEN":4,"TINY":-99,"HOMEPART":1,"MIN_ZOOM":0,"MIN_LABEL":3,"MAX_LABEL":8},"bbox":[-17.625043,12.33209,-11.467899,16.598264],"geometry":{"type":"Polygon","coordinates":[[[-11.514,12.443],[-11.658,12.387],[-12.204,12.466],[-12.279,12.354],[-12.499,12.332],[-13.218,12.576],[-13.7,12.586],[-15.548,12.628],[-15.817,12.516],[-16.148,12.548],[-16.677,12.385],[-16.842,13.151],[-15.931,13.13],[-15.691,13.27],[-15.512,13.279],[-15.141,13.51],[-14.712,13.298],[-14.278,13.281],[-13.845,13.505],[-14.047,13.794],[-14.377,13.626],[-14.687,13.63],[-15.082,13.876],[-15.399,13.86],[-15.625,13.624],[-16.714,13.595],[-17.126,14.374],[-17.625,14.73],[-17.185,14.919],[-16.701,15.622],[-16.463,16.135],[-16.121,16.456],[-15.624,16.369],[-15.136,16.587],[-14.577,16.598],[-14.1,16.304],[-13.436,16.039],[-12.831,15.304],[-12.171,14.617],[-12.125,13.995],[-11.928,13.422],[-11.553,13.141],[-11.468,12.755],[-11.514,12.443]]]}},{"type":"Feature","properties":{"scalerank":1,"featurecla":"Admin-0 country","LABELRANK":3,"SOVEREIGNT":"Solomon Islands","SOV_A3":"SLB","ADM0_DIF":0,"LEVEL":2,"TYPE":"Sovereign country","ADMIN":"Solomon Islands","ADM0_A3":"SLB","GEOU_DIF":0,"GEOUNIT":"Solomon Islands","GU_A3":"SLB","SU_DIF":0,"SUBUNIT":"Solomon Islands","SU_A3":"SLB","BRK_DIFF":0,"NAME":"Solomon Is.","NAME_LONG":"Solomon Islands","BRK_A3":"SLB","BRK_NAME":"Solomon Is.","BRK_GROUP":null,"ABBREV":"S. Is.","POSTAL":"SB","FORMAL_EN":null,"FORMAL_FR":null,"NAME_CIAWF":"Solomon Islands","NOTE_ADM0":null,"NOTE_BRK":null,"NAME_SORT":"Solomon Islands","NAME_ALT":null,"MAPCOLOR7":1,"MAPCOLOR8":4,"MAPCOLOR9":1,"MAPCOLOR13":6,"POP_EST":647581,"POP_RANK":11,"GDP_MD_EST":1198,"POP_YEAR":2017,"LASTCENSUS":2009,"GDP_YEAR":2016,"ECONOMY":"7. Least developed region","INCOME_GRP":"4. Lower middle income","WIKIPEDIA":-99,"FIPS_10_":"BP","ISO_A2":"SB","ISO_A3":"SLB","ISO_A3_EH":"SLB","ISO_N3":"090","UN_A3":"090","WB_A2":"SB","WB_A3":"SLB","WOE_ID":23424766,"WOE_ID_EH":23424766,"WOE_NOTE":"Exact WOE match as country","ADM0_A3_IS":"SLB","ADM0_A3_US":"SLB","ADM0_A3_UN":-99,"ADM0_A3_WB":-99,"CONTINENT":"Oceania","REGION_UN":"Oceania","SUBREGION":"Melanesia","REGION_WB":"East Asia & Pacific","NAME_LEN":11,"LONG_LEN":15,"ABBREV_LEN":6,"TINY":-99,"HOMEPART":1,"MIN_ZOOM":0,"MIN_LABEL":3,"MAX_LABEL":8},"bbox":[156.491358,-10.826367,162.398646,-6.599338],"geometry":{"type":"MultiPolygon","coordinates":[[[[162.119,-10.483],[162.399,-10.826],[161.7,-10.82],[161.32,-10.205],[161.917,-10.447],[162.119,-10.483]]],[[[160.852,-9.873],[160.463,-9.895],[159.849,-9.794],[159.64,-9.64],[159.703,-9.243],[160.363,-9.4],[160.689,-9.61],[160.852,-9.873]]],[[[161.68,-9.6],[161.529,-9.784],[160.788,-8.918],[160.58,-8.32],[160.92,-8.32],[161.28,-9.12],[161.68,-9.6]]],[[[159.875,-8.337],[159.917,-8.538],[159.134,-8.114],[158.586,-7.755],[158.211,-7.422],[158.36,-7.32],[158.82,-7.56],[159.64,-8.02],[159.875,-8.337]]],[[[157.538,-7.348],[157.339,-7.405],[156.902,-7.177],[156.491,-6.766],[156.543,-6.599],[157.14,-7.022],[157.538,-7.348]]]]}},{"type":"Feature","properties":{"scalerank":1,"featurecla":"Admin-0 country","LABELRANK":4,"SOVEREIGNT":"Sierra Leone","SOV_A3":"SLE","ADM0_DIF":0,"LEVEL":2,"TYPE":"Sovereign country","ADMIN":"Sierra Leone","ADM0_A3":"SLE","GEOU_DIF":0,"GEOUNIT":"Sierra Leone","GU_A3":"SLE","SU_DIF":0,"SUBUNIT":"Sierra Leone","SU_A3":"SLE","BRK_DIFF":0,"NAME":"Sierra Leone","NAME_LONG":"Sierra Leone","BRK_A3":"SLE","BRK_NAME":"Sierra Leone","BRK_GROUP":null,"ABBREV":"S.L.","POSTAL":"SL","FORMAL_EN":"Republic of Sierra Leone","FORMAL_FR":null,"NAME_CIAWF":"Sierra Leone","NOTE_ADM0":null,"NOTE_BRK":null,"NAME_SORT":"Sierra Leone","NAME_ALT":null,"MAPCOLOR7":1,"MAPCOLOR8":4,"MAPCOLOR9":1,"MAPCOLOR13":7,"POP_EST":6163195,"POP_RANK":13,"GDP_MD_EST":10640,"POP_YEAR":2017,"LASTCENSUS":2004,"GDP_YEAR":2016,"ECONOMY":"7. Least developed region","INCOME_GRP":"5. Low income","WIKIPEDIA":-99,"FIPS_10_":"SL","ISO_A2":"SL","ISO_A3":"SLE","ISO_A3_EH":"SLE","ISO_N3":"694","UN_A3":"694","WB_A2":"SL","WB_A3":"SLE","WOE_ID":23424946,"WOE_ID_EH":23424946,"WOE_NOTE":"Exact WOE match as country","ADM0_A3_IS":"SLE","ADM0_A3_US":"SLE","ADM0_A3_UN":-99,"ADM0_A3_WB":-99,"CONTINENT":"Africa","REGION_UN":"Africa","SUBREGION":"Western Africa","REGION_WB":"Sub-Saharan Africa","NAME_LEN":12,"LONG_LEN":12,"ABBREV_LEN":4,"TINY":-99,"HOMEPART":1,"MIN_ZOOM":0,"MIN_LABEL":4,"MAX_LABEL":9},"bbox":[-13.24655,6.785917,-10.230094,10.046984],"geometry":{"type":"Polygon","coordinates":[[[-13.247,8.903],[-12.712,9.343],[-12.597,9.62],[-12.426,9.836],[-12.15,9.859],[-11.917,10.047],[-11.117,10.046],[-10.839,9.688],[-10.622,9.268],[-10.655,8.977],[-10.494,8.716],[-10.505,8.349],[-10.23,8.406],[-10.696,7.939],[-11.147,7.397],[-11.2,7.106],[-11.439,6.786],[-11.708,6.86],[-12.428,7.263],[-12.949,7.799],[-13.124,8.164],[-13.247,8.903]]]}},{"type":"Feature","properties":{"scalerank":1,"featurecla":"Admin-0 country","LABELRANK":6,"SOVEREIGNT":"El Salvador","SOV_A3":"SLV","ADM0_DIF":0,"LEVEL":2,"TYPE":"Sovereign country","ADMIN":"El Salvador","ADM0_A3":"SLV","GEOU_DIF":0,"GEOUNIT":"El Salvador","GU_A3":"SLV","SU_DIF":0,"SUBUNIT":"El Salvador","SU_A3":"SLV","BRK_DIFF":0,"NAME":"El Salvador","NAME_LONG":"El Salvador","BRK_A3":"SLV","BRK_NAME":"El Salvador","BRK_GROUP":null,"ABBREV":"El. S.","POSTAL":"SV","FORMAL_EN":"Republic of El Salvador","FORMAL_FR":null,"NAME_CIAWF":"El Salvador","NOTE_ADM0":null,"NOTE_BRK":null,"NAME_SORT":"El Salvador","NAME_ALT":null,"MAPCOLOR7":1,"MAPCOLOR8":4,"MAPCOLOR9":6,"MAPCOLOR13":8,"POP_EST":6172011,"POP_RANK":13,"GDP_MD_EST":54790,"POP_YEAR":2017,"LASTCENSUS":2007,"GDP_YEAR":2016,"ECONOMY":"6. Developing region","INCOME_GRP":"4. Lower middle income","WIKIPEDIA":-99,"FIPS_10_":"ES","ISO_A2":"SV","ISO_A3":"SLV","ISO_A3_EH":"SLV","ISO_N3":"222","UN_A3":"222","WB_A2":"SV","WB_A3":"SLV","WOE_ID":23424807,"WOE_ID_EH":23424807,"WOE_NOTE":"Exact WOE match as country","ADM0_A3_IS":"SLV","ADM0_A3_US":"SLV","ADM0_A3_UN":-99,"ADM0_A3_WB":-99,"CONTINENT":"North America","REGION_UN":"Americas","SUBREGION":"Central America","REGION_WB":"Latin America & Caribbean","NAME_LEN":11,"LONG_LEN":11,"ABBREV_LEN":6,"TINY":-99,"HOMEPART":1,"MIN_ZOOM":0,"MIN_LABEL":5,"MAX_LABEL":10},"bbox":[-90.095555,13.149017,-87.723503,14.424133],"geometry":{"type":"Polygon","coordinates":[[[-90.096,13.735],[-90.065,13.882],[-89.722,14.134],[-89.534,14.245],[-89.587,14.363],[-89.353,14.424],[-89.059,14.34],[-88.843,14.141],[-88.541,13.98],[-88.504,13.845],[-88.065,13.965],[-87.86,13.893],[-87.724,13.785],[-87.793,13.384],[-87.904,13.149],[-88.483,13.164],[-88.843,13.26],[-89.257,13.459],[-89.812,13.521],[-90.096,13.735]]]}},{"type":"Feature","properties":{"scalerank":1,"featurecla":"Admin-0 country","LABELRANK":5,"SOVEREIGNT":"Somaliland","SOV_A3":"SOL","ADM0_DIF":0,"LEVEL":2,"TYPE":"Indeterminate","ADMIN":"Somaliland","ADM0_A3":"SOL","GEOU_DIF":0,"GEOUNIT":"Somaliland","GU_A3":"SOL","SU_DIF":0,"SUBUNIT":"Somaliland","SU_A3":"SOL","BRK_DIFF":1,"NAME":"Somaliland","NAME_LONG":"Somaliland","BRK_A3":"B30","BRK_NAME":"Somaliland","BRK_GROUP":null,"ABBREV":"Solnd.","POSTAL":"SL","FORMAL_EN":"Republic of Somaliland","FORMAL_FR":null,"NAME_CIAWF":null,"NOTE_ADM0":"Self admin.","NOTE_BRK":"Self admin.; Claimed by Somalia","NAME_SORT":"Somaliland","NAME_ALT":null,"MAPCOLOR7":3,"MAPCOLOR8":6,"MAPCOLOR9":5,"MAPCOLOR13":2,"POP_EST":3500000,"POP_RANK":12,"GDP_MD_EST":12250,"POP_YEAR":2013,"LASTCENSUS":-99,"GDP_YEAR":2013,"ECONOMY":"6. Developing region","INCOME_GRP":"4. Lower middle income","WIKIPEDIA":-99,"FIPS_10_":"-99","ISO_A2":"-99","ISO_A3":"-99","ISO_A3_EH":"-99","ISO_N3":"-99","UN_A3":"-099","WB_A2":"-99","WB_A3":"-99","WOE_ID":-99,"WOE_ID_EH":-99,"WOE_NOTE":"Includes old states of 2347021, 2347020, 2347017 and portion of 2347016.","ADM0_A3_IS":"SOM","ADM0_A3_US":"SOM","ADM0_A3_UN":-99,"ADM0_A3_WB":-99,"CONTINENT":"Africa","REGION_UN":"Africa","SUBREGION":"Eastern Africa","REGION_WB":"Sub-Saharan Africa","NAME_LEN":10,"LONG_LEN":10,"ABBREV_LEN":6,"TINY":-99,"HOMEPART":1,"MIN_ZOOM":4,"MIN_LABEL":4.5,"MAX_LABEL":9},"bbox":[42.55876,7.99688,48.948206,11.46204],"geometry":{"type":"Polygon","coordinates":[[[42.777,10.927],[43.145,11.462],[43.471,11.278],[43.667,10.864],[44.118,10.446],[44.614,10.442],[45.557,10.698],[46.645,10.817],[47.526,11.127],[48.022,11.193],[48.379,11.375],[48.948,11.411],[48.948,11.411],[48.948,11.411],[48.942,11.394],[48.938,10.982],[48.938,9.974],[48.938,9.452],[48.487,8.838],[47.789,8.003],[46.948,7.997],[43.679,9.184],[43.297,9.54],[42.928,10.022],[42.559,10.573],[42.777,10.927]]]}},{"type":"Feature","properties":{"scalerank":1,"featurecla":"Admin-0 country","LABELRANK":6,"SOVEREIGNT":"Somalia","SOV_A3":"SOM","ADM0_DIF":0,"LEVEL":2,"TYPE":"Sovereign country","ADMIN":"Somalia","ADM0_A3":"SOM","GEOU_DIF":0,"GEOUNIT":"Somalia","GU_A3":"SOM","SU_DIF":0,"SUBUNIT":"Somalia","SU_A3":"SOM","BRK_DIFF":0,"NAME":"Somalia","NAME_LONG":"Somalia","BRK_A3":"SOM","BRK_NAME":"Somalia","BRK_GROUP":null,"ABBREV":"Som.","POSTAL":"SO","FORMAL_EN":"Federal Republic of Somalia","FORMAL_FR":null,"NAME_CIAWF":"Somalia","NOTE_ADM0":null,"NOTE_BRK":null,"NAME_SORT":"Somalia","NAME_ALT":null,"MAPCOLOR7":2,"MAPCOLOR8":8,"MAPCOLOR9":6,"MAPCOLOR13":7,"POP_EST":7531386,"POP_RANK":13,"GDP_MD_EST":4719,"POP_YEAR":2017,"LASTCENSUS":1987,"GDP_YEAR":2016,"ECONOMY":"7. Least developed region","INCOME_GRP":"5. Low income","WIKIPEDIA":-99,"FIPS_10_":"SO","ISO_A2":"SO","ISO_A3":"SOM","ISO_A3_EH":"SOM","ISO_N3":"706","UN_A3":"706","WB_A2":"SO","WB_A3":"SOM","WOE_ID":-90,"WOE_ID_EH":23424949,"WOE_NOTE":"Includes Somaliland (2347021, 2347020, 2347017 and portion of 2347016)","ADM0_A3_IS":"SOM","ADM0_A3_US":"SOM","ADM0_A3_UN":-99,"ADM0_A3_WB":-99,"CONTINENT":"Africa","REGION_UN":"Africa","SUBREGION":"Eastern Africa","REGION_WB":"Sub-Saharan Africa","NAME_LEN":7,"LONG_LEN":7,"ABBREV_LEN":4,"TINY":-99,"HOMEPART":1,"MIN_ZOOM":0,"MIN_LABEL":4,"MAX_LABEL":9},"bbox":[40.98105,-1.68325,51.13387,12.02464],"geometry":{"type":"Polygon","coordinates":[[[41.855,3.919],[42.129,4.234],[42.77,4.253],[43.661,4.958],[44.964,5.002],[47.789,8.003],[48.487,8.838],[48.938,9.452],[48.938,9.974],[48.938,10.982],[48.942,11.394],[48.948,11.411],[48.948,11.411],[49.268,11.43],[49.729,11.579],[50.259,11.68],[50.732,12.022],[51.111,12.025],[51.134,11.748],[51.042,11.167],[51.045,10.641],[50.834,10.28],[50.552,9.199],[50.071,8.082],[49.453,6.805],[48.595,5.339],[47.741,4.219],[46.565,2.855],[45.564,2.046],[44.068,1.053],[43.136,0.292],[42.042,-0.919],[41.811,-1.446],[41.585,-1.683],[40.993,-0.858],[40.981,2.785],[41.855,3.919]]]}},{"type":"Feature","properties":{"scalerank":1,"featurecla":"Admin-0 country","LABELRANK":5,"SOVEREIGNT":"Republic of Serbia","SOV_A3":"SRB","ADM0_DIF":0,"LEVEL":2,"TYPE":"Sovereign country","ADMIN":"Republic of Serbia","ADM0_A3":"SRB","GEOU_DIF":0,"GEOUNIT":"Republic of Serbia","GU_A3":"SRB","SU_DIF":0,"SUBUNIT":"Republic of Serbia","SU_A3":"SRB","BRK_DIFF":0,"NAME":"Serbia","NAME_LONG":"Serbia","BRK_A3":"SRB","BRK_NAME":"Serbia","BRK_GROUP":null,"ABBREV":"Serb.","POSTAL":"RS","FORMAL_EN":"Republic of Serbia","FORMAL_FR":null,"NAME_CIAWF":"Serbia","NOTE_ADM0":null,"NOTE_BRK":null,"NAME_SORT":"Serbia","NAME_ALT":null,"MAPCOLOR7":3,"MAPCOLOR8":3,"MAPCOLOR9":2,"MAPCOLOR13":10,"POP_EST":7111024,"POP_RANK":13,"GDP_MD_EST":101800,"POP_YEAR":2017,"LASTCENSUS":2011,"GDP_YEAR":2016,"ECONOMY":"6. Developing region","INCOME_GRP":"3. Upper middle income","WIKIPEDIA":-99,"FIPS_10_":"RI","ISO_A2":"RS","ISO_A3":"SRB","ISO_A3_EH":"SRB","ISO_N3":"688","UN_A3":"688","WB_A2":"YF","WB_A3":"SRB","WOE_ID":-90,"WOE_ID_EH":20069818,"WOE_NOTE":"Expired WOE also contains Kosovo.","ADM0_A3_IS":"SRB","ADM0_A3_US":"SRB","ADM0_A3_UN":-99,"ADM0_A3_WB":-99,"CONTINENT":"Europe","REGION_UN":"Europe","SUBREGION":"Southern Europe","REGION_WB":"Europe & Central Asia","NAME_LEN":6,"LONG_LEN":6,"ABBREV_LEN":5,"TINY":-99,"HOMEPART":1,"MIN_ZOOM":0,"MIN_LABEL":4,"MAX_LABEL":7},"bbox":[18.829825,42.245224,22.986019,46.17173],"geometry":{"type":"Polygon","coordinates":[[[22.657,44.235],[22.41,44.008],[22.5,43.643],[22.986,43.211],[22.605,42.899],[22.437,42.58],[22.545,42.461],[22.381,42.32],[21.917,42.304],[21.577,42.245],[21.543,42.32],[21.663,42.439],[21.775,42.683],[21.633,42.677],[21.439,42.863],[21.274,42.91],[21.143,43.069],[20.957,43.131],[20.814,43.272],[20.635,43.217],[20.497,42.885],[20.258,42.813],[20.34,42.899],[19.959,43.106],[19.63,43.214],[19.484,43.352],[19.219,43.524],[19.454,43.568],[19.6,44.038],[19.118,44.423],[19.368,44.863],[19.005,44.86],[19.005,44.86],[19.39,45.237],[19.073,45.522],[18.83,45.909],[18.83,45.909],[19.596,46.172],[20.22,46.127],[20.762,45.735],[20.874,45.416],[21.484,45.181],[21.562,44.769],[22.145,44.478],[22.459,44.703],[22.706,44.578],[22.474,44.409],[22.657,44.235]]]}},{"type":"Feature","properties":{"scalerank":1,"featurecla":"Admin-0 country","LABELRANK":4,"SOVEREIGNT":"Suriname","SOV_A3":"SUR","ADM0_DIF":0,"LEVEL":2,"TYPE":"Sovereign country","ADMIN":"Suriname","ADM0_A3":"SUR","GEOU_DIF":0,"GEOUNIT":"Suriname","GU_A3":"SUR","SU_DIF":0,"SUBUNIT":"Suriname","SU_A3":"SUR","BRK_DIFF":0,"NAME":"Suriname","NAME_LONG":"Suriname","BRK_A3":"SUR","BRK_NAME":"Suriname","BRK_GROUP":null,"ABBREV":"Sur.","POSTAL":"SR","FORMAL_EN":"Republic of Suriname","FORMAL_FR":null,"NAME_CIAWF":"Suriname","NOTE_ADM0":null,"NOTE_BRK":null,"NAME_SORT":"Suriname","NAME_ALT":null,"MAPCOLOR7":1,"MAPCOLOR8":4,"MAPCOLOR9":7,"MAPCOLOR13":6,"POP_EST":591919,"POP_RANK":11,"GDP_MD_EST":8547,"POP_YEAR":2017,"LASTCENSUS":2004,"GDP_YEAR":2016,"ECONOMY":"6. Developing region","INCOME_GRP":"3. Upper middle income","WIKIPEDIA":-99,"FIPS_10_":"NS","ISO_A2":"SR","ISO_A3":"SUR","ISO_A3_EH":"SUR","ISO_N3":"740","UN_A3":"740","WB_A2":"SR","WB_A3":"SUR","WOE_ID":23424913,"WOE_ID_EH":23424913,"WOE_NOTE":"Exact WOE match as country","ADM0_A3_IS":"SUR","ADM0_A3_US":"SUR","ADM0_A3_UN":-99,"ADM0_A3_WB":-99,"CONTINENT":"South America","REGION_UN":"Americas","SUBREGION":"South America","REGION_WB":"Latin America & Caribbean","NAME_LEN":8,"LONG_LEN":8,"ABBREV_LEN":4,"TINY":-99,"HOMEPART":1,"MIN_ZOOM":0,"MIN_LABEL":4,"MAX_LABEL":9},"bbox":[-58.044694,1.817667,-53.958045,6.025291],"geometry":{"type":"Polygon","coordinates":[[[-54.525,2.312],[-55.098,2.524],[-55.57,2.422],[-55.973,2.51],[-56.073,2.221],[-55.906,2.022],[-55.996,1.818],[-56.539,1.9],[-57.15,2.769],[-57.281,3.333],[-57.602,3.335],[-58.045,4.061],[-57.86,4.577],[-57.914,4.813],[-57.307,5.074],[-57.147,5.973],[-55.949,5.773],[-55.842,5.953],[-55.033,6.025],[-53.958,5.757],[-54.479,4.897],[-54.4,4.213],[-54.012,3.623],[-54.184,3.194],[-54.271,2.739],[-54.525,2.312]]]}},{"type":"Feature","properties":{"scalerank":1,"featurecla":"Admin-0 country","LABELRANK":6,"SOVEREIGNT":"Slovakia","SOV_A3":"SVK","ADM0_DIF":0,"LEVEL":2,"TYPE":"Sovereign country","ADMIN":"Slovakia","ADM0_A3":"SVK","GEOU_DIF":0,"GEOUNIT":"Slovakia","GU_A3":"SVK","SU_DIF":0,"SUBUNIT":"Slovakia","SU_A3":"SVK","BRK_DIFF":0,"NAME":"Slovakia","NAME_LONG":"Slovakia","BRK_A3":"SVK","BRK_NAME":"Slovakia","BRK_GROUP":null,"ABBREV":"Svk.","POSTAL":"SK","FORMAL_EN":"Slovak Republic","FORMAL_FR":null,"NAME_CIAWF":"Slovakia","NOTE_ADM0":null,"NOTE_BRK":null,"NAME_SORT":"Slovak Republic","NAME_ALT":null,"MAPCOLOR7":2,"MAPCOLOR8":4,"MAPCOLOR9":4,"MAPCOLOR13":9,"POP_EST":5445829,"POP_RANK":13,"GDP_MD_EST":168800,"POP_YEAR":2017,"LASTCENSUS":2011,"GDP_YEAR":2016,"ECONOMY":"2. Developed region: nonG7","INCOME_GRP":"1. High income: OECD","WIKIPEDIA":-99,"FIPS_10_":"LO","ISO_A2":"SK","ISO_A3":"SVK","ISO_A3_EH":"SVK","ISO_N3":"703","UN_A3":"703","WB_A2":"SK","WB_A3":"SVK","WOE_ID":23424877,"WOE_ID_EH":23424877,"WOE_NOTE":"Exact WOE match as country","ADM0_A3_IS":"SVK","ADM0_A3_US":"SVK","ADM0_A3_UN":-99,"ADM0_A3_WB":-99,"CONTINENT":"Europe","REGION_UN":"Europe","SUBREGION":"Eastern Europe","REGION_WB":"Europe & Central Asia","NAME_LEN":8,"LONG_LEN":8,"ABBREV_LEN":4,"TINY":-99,"HOMEPART":1,"MIN_ZOOM":0,"MIN_LABEL":4,"MAX_LABEL":9},"bbox":[16.879983,47.758429,22.558138,49.571574],"geometry":{"type":"Polygon","coordinates":[[[16.98,48.123],[16.88,48.47],[16.96,48.597],[17.102,48.817],[17.545,48.8],[17.886,48.903],[17.914,48.996],[18.105,49.044],[18.17,49.272],[18.4,49.315],[18.555,49.495],[18.853,49.496],[18.91,49.436],[19.321,49.572],[19.825,49.217],[20.416,49.431],[20.888,49.329],[21.608,49.47],[22.558,49.086],[22.281,48.825],[22.086,48.422],[21.872,48.32],[20.801,48.624],[20.474,48.563],[20.239,48.328],[19.769,48.203],[19.661,48.267],[19.174,48.111],[18.777,48.082],[18.697,47.881],[17.857,47.758],[17.488,47.867],[16.98,48.123]]]}},{"type":"Feature","properties":{"scalerank":1,"featurecla":"Admin-0 country","LABELRANK":6,"SOVEREIGNT":"Slovenia","SOV_A3":"SVN","ADM0_DIF":0,"LEVEL":2,"TYPE":"Sovereign country","ADMIN":"Slovenia","ADM0_A3":"SVN","GEOU_DIF":0,"GEOUNIT":"Slovenia","GU_A3":"SVN","SU_DIF":0,"SUBUNIT":"Slovenia","SU_A3":"SVN","BRK_DIFF":0,"NAME":"Slovenia","NAME_LONG":"Slovenia","BRK_A3":"SVN","BRK_NAME":"Slovenia","BRK_GROUP":null,"ABBREV":"Slo.","POSTAL":"SLO","FORMAL_EN":"Republic of Slovenia","FORMAL_FR":null,"NAME_CIAWF":"Slovenia","NOTE_ADM0":null,"NOTE_BRK":null,"NAME_SORT":"Slovenia","NAME_ALT":null,"MAPCOLOR7":2,"MAPCOLOR8":3,"MAPCOLOR9":2,"MAPCOLOR13":12,"POP_EST":1972126,"POP_RANK":12,"GDP_MD_EST":68350,"POP_YEAR":2017,"LASTCENSUS":2011,"GDP_YEAR":2016,"ECONOMY":"2. Developed region: nonG7","INCOME_GRP":"1. High income: OECD","WIKIPEDIA":-99,"FIPS_10_":"SI","ISO_A2":"SI","ISO_A3":"SVN","ISO_A3_EH":"SVN","ISO_N3":"705","UN_A3":"705","WB_A2":"SI","WB_A3":"SVN","WOE_ID":23424945,"WOE_ID_EH":23424945,"WOE_NOTE":"Exact WOE match as country","ADM0_A3_IS":"SVN","ADM0_A3_US":"SVN","ADM0_A3_UN":-99,"ADM0_A3_WB":-99,"CONTINENT":"Europe","REGION_UN":"Europe","SUBREGION":"Southern Europe","REGION_WB":"Europe & Central Asia","NAME_LEN":8,"LONG_LEN":8,"ABBREV_LEN":4,"TINY":-99,"HOMEPART":1,"MIN_ZOOM":0,"MIN_LABEL":5,"MAX_LABEL":10},"bbox":[13.69811,45.452316,16.564808,46.852386],"geometry":{"type":"Polygon","coordinates":[[[13.806,46.509],[14.632,46.432],[15.137,46.659],[16.012,46.684],[16.202,46.852],[16.371,46.841],[16.565,46.504],[15.769,46.238],[15.672,45.834],[15.324,45.732],[15.328,45.452],[14.935,45.472],[14.595,45.635],[14.412,45.466],[13.715,45.5],[13.938,45.591],[13.698,46.017],[13.806,46.509]]]}},{"type":"Feature","properties":{"scalerank":1,"featurecla":"Admin-0 country","LABELRANK":3,"SOVEREIGNT":"Sweden","SOV_A3":"SWE","ADM0_DIF":0,"LEVEL":2,"TYPE":"Sovereign country","ADMIN":"Sweden","ADM0_A3":"SWE","GEOU_DIF":0,"GEOUNIT":"Sweden","GU_A3":"SWE","SU_DIF":0,"SUBUNIT":"Sweden","SU_A3":"SWE","BRK_DIFF":0,"NAME":"Sweden","NAME_LONG":"Sweden","BRK_A3":"SWE","BRK_NAME":"Sweden","BRK_GROUP":null,"ABBREV":"Swe.","POSTAL":"S","FORMAL_EN":"Kingdom of Sweden","FORMAL_FR":null,"NAME_CIAWF":"Sweden","NOTE_ADM0":null,"NOTE_BRK":null,"NAME_SORT":"Sweden","NAME_ALT":null,"MAPCOLOR7":1,"MAPCOLOR8":4,"MAPCOLOR9":2,"MAPCOLOR13":4,"POP_EST":9960487,"POP_RANK":13,"GDP_MD_EST":498100,"POP_YEAR":2017,"LASTCENSUS":-99,"GDP_YEAR":2016,"ECONOMY":"2. Developed region: nonG7","INCOME_GRP":"1. High income: OECD","WIKIPEDIA":-99,"FIPS_10_":"SW","ISO_A2":"SE","ISO_A3":"SWE","ISO_A3_EH":"SWE","ISO_N3":"752","UN_A3":"752","WB_A2":"SE","WB_A3":"SWE","WOE_ID":23424954,"WOE_ID_EH":23424954,"WOE_NOTE":"Exact WOE match as country","ADM0_A3_IS":"SWE","ADM0_A3_US":"SWE","ADM0_A3_UN":-99,"ADM0_A3_WB":-99,"CONTINENT":"Europe","REGION_UN":"Europe","SUBREGION":"Northern Europe","REGION_WB":"Europe & Central Asia","NAME_LEN":6,"LONG_LEN":6,"ABBREV_LEN":4,"TINY":-99,"HOMEPART":1,"MIN_ZOOM":0,"MIN_LABEL":3,"MAX_LABEL":7},"bbox":[11.027369,55.361737,23.903379,69.106247],"geometry":{"type":"Polygon","coordinates":[[[20.646,69.106],[21.979,68.617],[23.539,67.936],[23.566,66.396],[23.903,66.007],[22.183,65.724],[21.214,65.026],[21.37,64.414],[19.779,63.61],[17.848,62.749],[17.12,61.341],[17.831,60.637],[18.788,60.082],[17.869,58.954],[16.829,58.72],[16.448,57.041],[15.88,56.104],[14.667,56.201],[14.101,55.408],[12.943,55.362],[12.625,56.307],[11.788,57.442],[11.027,58.856],[11.468,59.432],[12.3,60.118],[12.631,61.294],[11.992,61.8],[11.931,63.128],[12.58,64.066],[13.572,64.049],[13.92,64.445],[13.556,64.787],[15.108,66.194],[16.109,67.302],[16.769,68.014],[17.729,68.011],[17.994,68.567],[19.879,68.407],[20.025,69.065],[20.646,69.106]]]}},{"type":"Feature","properties":{"scalerank":1,"featurecla":"Admin-0 country","LABELRANK":4,"SOVEREIGNT":"Swaziland","SOV_A3":"SWZ","ADM0_DIF":0,"LEVEL":2,"TYPE":"Sovereign country","ADMIN":"Swaziland","ADM0_A3":"SWZ","GEOU_DIF":0,"GEOUNIT":"Swaziland","GU_A3":"SWZ","SU_DIF":0,"SUBUNIT":"Swaziland","SU_A3":"SWZ","BRK_DIFF":0,"NAME":"Swaziland","NAME_LONG":"Swaziland","BRK_A3":"SWZ","BRK_NAME":"Swaziland","BRK_GROUP":null,"ABBREV":"Swz.","POSTAL":"SW","FORMAL_EN":"Kingdom of Swaziland","FORMAL_FR":null,"NAME_CIAWF":"Swaziland","NOTE_ADM0":null,"NOTE_BRK":null,"NAME_SORT":"Swaziland","NAME_ALT":null,"MAPCOLOR7":3,"MAPCOLOR8":6,"MAPCOLOR9":2,"MAPCOLOR13":5,"POP_EST":1467152,"POP_RANK":12,"GDP_MD_EST":11060,"POP_YEAR":2017,"LASTCENSUS":2007,"GDP_YEAR":2016,"ECONOMY":"6. Developing region","INCOME_GRP":"4. Lower middle income","WIKIPEDIA":-99,"FIPS_10_":"WZ","ISO_A2":"SZ","ISO_A3":"SWZ","ISO_A3_EH":"SWZ","ISO_N3":"748","UN_A3":"748","WB_A2":"SZ","WB_A3":"SWZ","WOE_ID":23424993,"WOE_ID_EH":23424993,"WOE_NOTE":"Exact WOE match as country","ADM0_A3_IS":"SWZ","ADM0_A3_US":"SWZ","ADM0_A3_UN":-99,"ADM0_A3_WB":-99,"CONTINENT":"Africa","REGION_UN":"Africa","SUBREGION":"Southern Africa","REGION_WB":"Sub-Saharan Africa","NAME_LEN":9,"LONG_LEN":9,"ABBREV_LEN":4,"TINY":-99,"HOMEPART":1,"MIN_ZOOM":0,"MIN_LABEL":4,"MAX_LABEL":9},"bbox":[30.676609,-27.285879,32.071665,-25.660191],"geometry":{"type":"Polygon","coordinates":[[[31.838,-25.843],[31.986,-26.292],[32.072,-26.734],[31.868,-27.178],[31.283,-27.286],[30.686,-26.744],[30.677,-26.398],[30.95,-26.023],[31.044,-25.731],[31.333,-25.66],[31.838,-25.843]]]}},{"type":"Feature","properties":{"scalerank":1,"featurecla":"Admin-0 country","LABELRANK":3,"SOVEREIGNT":"Syria","SOV_A3":"SYR","ADM0_DIF":0,"LEVEL":2,"TYPE":"Sovereign country","ADMIN":"Syria","ADM0_A3":"SYR","GEOU_DIF":0,"GEOUNIT":"Syria","GU_A3":"SYR","SU_DIF":0,"SUBUNIT":"Syria","SU_A3":"SYR","BRK_DIFF":0,"NAME":"Syria","NAME_LONG":"Syria","BRK_A3":"SYR","BRK_NAME":"Syria","BRK_GROUP":null,"ABBREV":"Syria","POSTAL":"SYR","FORMAL_EN":"Syrian Arab Republic","FORMAL_FR":null,"NAME_CIAWF":"Syria","NOTE_ADM0":null,"NOTE_BRK":null,"NAME_SORT":"Syrian Arab Republic","NAME_ALT":null,"MAPCOLOR7":2,"MAPCOLOR8":6,"MAPCOLOR9":2,"MAPCOLOR13":6,"POP_EST":18028549,"POP_RANK":14,"GDP_MD_EST":50280,"POP_YEAR":2017,"LASTCENSUS":2004,"GDP_YEAR":2015,"ECONOMY":"6. Developing region","INCOME_GRP":"4. Lower middle income","WIKIPEDIA":-99,"FIPS_10_":"SY","ISO_A2":"SY","ISO_A3":"SYR","ISO_A3_EH":"SYR","ISO_N3":"760","UN_A3":"760","WB_A2":"SY","WB_A3":"SYR","WOE_ID":23424956,"WOE_ID_EH":23424956,"WOE_NOTE":"Exact WOE match as country","ADM0_A3_IS":"SYR","ADM0_A3_US":"SYR","ADM0_A3_UN":-99,"ADM0_A3_WB":-99,"CONTINENT":"Asia","REGION_UN":"Asia","SUBREGION":"Western Asia","REGION_WB":"Middle East & North Africa","NAME_LEN":5,"LONG_LEN":5,"ABBREV_LEN":5,"TINY":-99,"HOMEPART":1,"MIN_ZOOM":0,"MIN_LABEL":3,"MAX_LABEL":8},"bbox":[35.700798,32.312938,42.349591,37.229873],"geometry":{"type":"Polygon","coordinates":[[[42.35,37.23],[41.837,36.606],[41.29,36.359],[41.384,35.628],[41.006,34.419],[38.792,33.379],[36.834,32.313],[35.72,32.709],[35.701,32.716],[35.836,32.868],[35.821,33.277],[36.066,33.825],[36.612,34.202],[36.448,34.594],[35.998,34.645],[35.905,35.41],[36.15,35.822],[36.418,36.041],[36.685,36.26],[36.739,36.818],[37.067,36.623],[38.168,36.901],[38.7,36.713],[39.523,36.716],[40.673,37.091],[41.212,37.074],[42.35,37.23]]]}},{"type":"Feature","properties":{"scalerank":1,"featurecla":"Admin-0 country","LABELRANK":3,"SOVEREIGNT":"Chad","SOV_A3":"TCD","ADM0_DIF":0,"LEVEL":2,"TYPE":"Sovereign country","ADMIN":"Chad","ADM0_A3":"TCD","GEOU_DIF":0,"GEOUNIT":"Chad","GU_A3":"TCD","SU_DIF":0,"SUBUNIT":"Chad","SU_A3":"TCD","BRK_DIFF":0,"NAME":"Chad","NAME_LONG":"Chad","BRK_A3":"TCD","BRK_NAME":"Chad","BRK_GROUP":null,"ABBREV":"Chad","POSTAL":"TD","FORMAL_EN":"Republic of Chad","FORMAL_FR":null,"NAME_CIAWF":"Chad","NOTE_ADM0":null,"NOTE_BRK":null,"NAME_SORT":"Chad","NAME_ALT":null,"MAPCOLOR7":6,"MAPCOLOR8":1,"MAPCOLOR9":8,"MAPCOLOR13":6,"POP_EST":12075985,"POP_RANK":14,"GDP_MD_EST":30590,"POP_YEAR":2017,"LASTCENSUS":2009,"GDP_YEAR":2016,"ECONOMY":"7. Least developed region","INCOME_GRP":"5. Low income","WIKIPEDIA":-99,"FIPS_10_":"CD","ISO_A2":"TD","ISO_A3":"TCD","ISO_A3_EH":"TCD","ISO_N3":"148","UN_A3":"148","WB_A2":"TD","WB_A3":"TCD","WOE_ID":23424777,"WOE_ID_EH":23424777,"WOE_NOTE":"Exact WOE match as country","ADM0_A3_IS":"TCD","ADM0_A3_US":"TCD","ADM0_A3_UN":-99,"ADM0_A3_WB":-99,"CONTINENT":"Africa","REGION_UN":"Africa","SUBREGION":"Middle Africa","REGION_WB":"Sub-Saharan Africa","NAME_LEN":4,"LONG_LEN":4,"ABBREV_LEN":4,"TINY":-99,"HOMEPART":1,"MIN_ZOOM":0,"MIN_LABEL":3,"MAX_LABEL":8},"bbox":[13.540394,7.421925,23.88689,23.40972],"geometry":{"type":"Polygon","coordinates":[[[22.864,11.142],[22.231,10.972],[21.724,10.567],[21.001,9.476],[20.06,9.013],[19.094,9.075],[18.812,8.983],[18.911,8.631],[18.39,8.281],[17.965,7.891],[16.706,7.508],[16.456,7.735],[16.291,7.754],[16.106,7.497],[15.279,7.422],[15.436,7.693],[15.121,8.382],[14.98,8.796],[14.544,8.966],[13.954,9.549],[14.171,10.021],[14.627,9.921],[14.909,9.992],[15.468,9.982],[14.924,10.891],[14.96,11.556],[14.893,12.219],[14.496,12.859],[14.596,13.33],[13.954,13.353],[13.957,13.997],[13.54,14.367],[13.972,15.684],[15.248,16.627],[15.3,17.928],[15.686,19.957],[15.903,20.388],[15.487,20.73],[15.471,21.048],[15.097,21.309],[14.851,22.863],[15.861,23.41],[19.849,21.495],[23.838,19.58],[23.887,15.611],[23.025,15.681],[22.568,14.944],[22.304,14.327],[22.512,14.093],[22.183,13.786],[22.297,13.372],[22.038,12.955],[21.937,12.588],[22.288,12.646],[22.498,12.26],[22.509,11.679],[22.876,11.385],[22.864,11.142]]]}},{"type":"Feature","properties":{"scalerank":1,"featurecla":"Admin-0 country","LABELRANK":6,"SOVEREIGNT":"Togo","SOV_A3":"TGO","ADM0_DIF":0,"LEVEL":2,"TYPE":"Sovereign country","ADMIN":"Togo","ADM0_A3":"TGO","GEOU_DIF":0,"GEOUNIT":"Togo","GU_A3":"TGO","SU_DIF":0,"SUBUNIT":"Togo","SU_A3":"TGO","BRK_DIFF":0,"NAME":"Togo","NAME_LONG":"Togo","BRK_A3":"TGO","BRK_NAME":"Togo","BRK_GROUP":null,"ABBREV":"Togo","POSTAL":"TG","FORMAL_EN":"Togolese Republic","FORMAL_FR":"République Togolaise","NAME_CIAWF":"Togo","NOTE_ADM0":null,"NOTE_BRK":null,"NAME_SORT":"Togo","NAME_ALT":null,"MAPCOLOR7":3,"MAPCOLOR8":1,"MAPCOLOR9":3,"MAPCOLOR13":5,"POP_EST":7965055,"POP_RANK":13,"GDP_MD_EST":11610,"POP_YEAR":2017,"LASTCENSUS":2010,"GDP_YEAR":2016,"ECONOMY":"7. Least developed region","INCOME_GRP":"5. Low income","WIKIPEDIA":-99,"FIPS_10_":"TO","ISO_A2":"TG","ISO_A3":"TGO","ISO_A3_EH":"TGO","ISO_N3":"768","UN_A3":"768","WB_A2":"TG","WB_A3":"TGO","WOE_ID":23424965,"WOE_ID_EH":23424965,"WOE_NOTE":"Exact WOE match as country","ADM0_A3_IS":"TGO","ADM0_A3_US":"TGO","ADM0_A3_UN":-99,"ADM0_A3_WB":-99,"CONTINENT":"Africa","REGION_UN":"Africa","SUBREGION":"Western Africa","REGION_WB":"Sub-Saharan Africa","NAME_LEN":4,"LONG_LEN":4,"ABBREV_LEN":4,"TINY":-99,"HOMEPART":1,"MIN_ZOOM":0,"MIN_LABEL":5,"MAX_LABEL":10},"bbox":[-0.049785,5.928837,1.865241,11.018682],"geometry":{"type":"Polygon","coordinates":[[[0.9,10.997],[0.772,10.471],[1.078,10.176],[1.425,9.825],[1.463,9.335],[1.664,9.129],[1.619,6.832],[1.865,6.142],[1.06,5.929],[0.837,6.28],[0.57,6.914],[0.491,7.412],[0.712,8.312],[0.461,8.677],[0.366,9.465],[0.368,10.191],[-0.05,10.707],[0.024,11.019],[0.9,10.997]]]}},{"type":"Feature","properties":{"scalerank":1,"featurecla":"Admin-0 country","LABELRANK":3,"SOVEREIGNT":"Thailand","SOV_A3":"THA","ADM0_DIF":0,"LEVEL":2,"TYPE":"Sovereign country","ADMIN":"Thailand","ADM0_A3":"THA","GEOU_DIF":0,"GEOUNIT":"Thailand","GU_A3":"THA","SU_DIF":0,"SUBUNIT":"Thailand","SU_A3":"THA","BRK_DIFF":0,"NAME":"Thailand","NAME_LONG":"Thailand","BRK_A3":"THA","BRK_NAME":"Thailand","BRK_GROUP":null,"ABBREV":"Thai.","POSTAL":"TH","FORMAL_EN":"Kingdom of Thailand","FORMAL_FR":null,"NAME_CIAWF":"Thailand","NOTE_ADM0":null,"NOTE_BRK":null,"NAME_SORT":"Thailand","NAME_ALT":null,"MAPCOLOR7":3,"MAPCOLOR8":6,"MAPCOLOR9":8,"MAPCOLOR13":1,"POP_EST":68414135,"POP_RANK":16,"GDP_MD_EST":1161000,"POP_YEAR":2017,"LASTCENSUS":2010,"GDP_YEAR":2016,"ECONOMY":"5. Emerging region: G20","INCOME_GRP":"3. Upper middle income","WIKIPEDIA":-99,"FIPS_10_":"TH","ISO_A2":"TH","ISO_A3":"THA","ISO_A3_EH":"THA","ISO_N3":"764","UN_A3":"764","WB_A2":"TH","WB_A3":"THA","WOE_ID":23424960,"WOE_ID_EH":23424960,"WOE_NOTE":"Exact WOE match as country","ADM0_A3_IS":"THA","ADM0_A3_US":"THA","ADM0_A3_UN":-99,"ADM0_A3_WB":-99,"CONTINENT":"Asia","REGION_UN":"Asia","SUBREGION":"South-Eastern Asia","REGION_WB":"East Asia & Pacific","NAME_LEN":8,"LONG_LEN":8,"ABBREV_LEN":5,"TINY":-99,"HOMEPART":1,"MIN_ZOOM":0,"MIN_LABEL":3,"MAX_LABEL":8},"bbox":[97.375896,5.691384,105.589039,20.41785],"geometry":{"type":"Polygon","coordinates":[[[105.219,14.273],[104.281,14.417],[102.988,14.226],[102.348,13.394],[102.585,12.187],[101.687,12.646],[100.832,12.627],[100.978,13.413],[100.098,13.407],[100.019,12.307],[99.479,10.846],[99.154,9.963],[99.222,9.239],[99.874,9.208],[100.28,8.295],[100.459,7.43],[101.017,6.857],[101.623,6.741],[102.141,6.222],[101.814,5.811],[101.154,5.691],[101.076,6.205],[100.26,6.643],[100.086,6.464],[99.691,6.848],[99.52,7.343],[98.988,7.908],[98.504,8.382],[98.34,7.795],[98.15,8.35],[98.259,8.974],[98.554,9.933],[99.038,10.961],[99.587,11.893],[99.196,12.805],[99.212,13.269],[99.098,13.828],[98.431,14.622],[98.192,15.124],[98.537,15.308],[98.903,16.178],[98.494,16.838],[97.859,17.568],[97.376,18.445],[97.798,18.627],[98.254,19.708],[98.96,19.753],[99.543,20.187],[100.116,20.418],[100.549,20.109],[100.606,19.508],[101.282,19.463],[101.036,18.409],[101.06,17.512],[102.114,18.109],[102.413,17.933],[102.999,17.962],[103.2,18.31],[103.956,18.241],[104.717,17.429],[104.779,16.442],[105.589,15.57],[105.544,14.724],[105.219,14.273]]]}},{"type":"Feature","properties":{"scalerank":1,"featurecla":"Admin-0 country","LABELRANK":4,"SOVEREIGNT":"Tajikistan","SOV_A3":"TJK","ADM0_DIF":0,"LEVEL":2,"TYPE":"Sovereign country","ADMIN":"Tajikistan","ADM0_A3":"TJK","GEOU_DIF":0,"GEOUNIT":"Tajikistan","GU_A3":"TJK","SU_DIF":0,"SUBUNIT":"Tajikistan","SU_A3":"TJK","BRK_DIFF":0,"NAME":"Tajikistan","NAME_LONG":"Tajikistan","BRK_A3":"TJK","BRK_NAME":"Tajikistan","BRK_GROUP":null,"ABBREV":"Tjk.","POSTAL":"TJ","FORMAL_EN":"Republic of Tajikistan","FORMAL_FR":null,"NAME_CIAWF":"Tajikistan","NOTE_ADM0":null,"NOTE_BRK":null,"NAME_SORT":"Tajikistan","NAME_ALT":null,"MAPCOLOR7":3,"MAPCOLOR8":6,"MAPCOLOR9":2,"MAPCOLOR13":5,"POP_EST":8468555,"POP_RANK":13,"GDP_MD_EST":25810,"POP_YEAR":2017,"LASTCENSUS":2010,"GDP_YEAR":2016,"ECONOMY":"6. Developing region","INCOME_GRP":"5. Low income","WIKIPEDIA":-99,"FIPS_10_":"TI","ISO_A2":"TJ","ISO_A3":"TJK","ISO_A3_EH":"TJK","ISO_N3":"762","UN_A3":"762","WB_A2":"TJ","WB_A3":"TJK","WOE_ID":23424961,"WOE_ID_EH":23424961,"WOE_NOTE":"Exact WOE match as country","ADM0_A3_IS":"TJK","ADM0_A3_US":"TJK","ADM0_A3_UN":-99,"ADM0_A3_WB":-99,"CONTINENT":"Asia","REGION_UN":"Asia","SUBREGION":"Central Asia","REGION_WB":"Europe & Central Asia","NAME_LEN":10,"LONG_LEN":10,"ABBREV_LEN":4,"TINY":-99,"HOMEPART":1,"MIN_ZOOM":0,"MIN_LABEL":4,"MAX_LABEL":9},"bbox":[67.44222,36.738171,74.980002,40.960213],"geometry":{"type":"Polygon","coordinates":[[[74.98,37.42],[73.949,37.422],[73.26,37.495],[72.637,37.048],[72.193,36.948],[71.845,36.738],[71.449,37.066],[71.542,37.906],[71.239,37.953],[71.348,38.259],[70.807,38.486],[70.376,38.138],[70.271,37.735],[70.117,37.588],[69.519,37.609],[69.196,37.151],[68.859,37.344],[68.136,37.023],[67.83,37.145],[68.392,38.157],[68.176,38.902],[67.442,39.14],[67.701,39.58],[68.536,39.533],[69.012,40.086],[69.329,40.728],[70.667,40.96],[70.458,40.496],[70.601,40.219],[71.014,40.244],[70.648,39.936],[69.56,40.103],[69.465,39.527],[70.549,39.604],[71.785,39.279],[73.675,39.431],[73.929,38.506],[74.258,38.607],[74.865,38.379],[74.83,37.99],[74.98,37.42]]]}},{"type":"Feature","properties":{"scalerank":1,"featurecla":"Admin-0 country","LABELRANK":4,"SOVEREIGNT":"Turkmenistan","SOV_A3":"TKM","ADM0_DIF":0,"LEVEL":2,"TYPE":"Sovereign country","ADMIN":"Turkmenistan","ADM0_A3":"TKM","GEOU_DIF":0,"GEOUNIT":"Turkmenistan","GU_A3":"TKM","SU_DIF":0,"SUBUNIT":"Turkmenistan","SU_A3":"TKM","BRK_DIFF":0,"NAME":"Turkmenistan","NAME_LONG":"Turkmenistan","BRK_A3":"TKM","BRK_NAME":"Turkmenistan","BRK_GROUP":null,"ABBREV":"Turkm.","POSTAL":"TM","FORMAL_EN":"Turkmenistan","FORMAL_FR":null,"NAME_CIAWF":"Turkmenistan","NOTE_ADM0":null,"NOTE_BRK":null,"NAME_SORT":"Turkmenistan","NAME_ALT":null,"MAPCOLOR7":3,"MAPCOLOR8":2,"MAPCOLOR9":1,"MAPCOLOR13":9,"POP_EST":5351277,"POP_RANK":13,"GDP_MD_EST":94720,"POP_YEAR":2017,"LASTCENSUS":1995,"GDP_YEAR":2016,"ECONOMY":"6. Developing region","INCOME_GRP":"3. Upper middle income","WIKIPEDIA":-99,"FIPS_10_":"TX","ISO_A2":"TM","ISO_A3":"TKM","ISO_A3_EH":"TKM","ISO_N3":"795","UN_A3":"795","WB_A2":"TM","WB_A3":"TKM","WOE_ID":23424972,"WOE_ID_EH":23424972,"WOE_NOTE":"Exact WOE match as country","ADM0_A3_IS":"TKM","ADM0_A3_US":"TKM","ADM0_A3_UN":-99,"ADM0_A3_WB":-99,"CONTINENT":"Asia","REGION_UN":"Asia","SUBREGION":"Central Asia","REGION_WB":"Europe & Central Asia","NAME_LEN":12,"LONG_LEN":12,"ABBREV_LEN":6,"TINY":-99,"HOMEPART":1,"MIN_ZOOM":0,"MIN_LABEL":3,"MAX_LABEL":8},"bbox":[52.50246,35.270664,66.54615,42.751551],"geometry":{"type":"Polygon","coordinates":[[[66.519,37.363],[66.217,37.394],[65.746,37.661],[65.589,37.305],[64.746,37.112],[64.546,36.312],[63.983,36.008],[63.194,35.857],[62.985,35.404],[62.231,35.271],[61.211,35.65],[61.123,36.492],[60.378,36.527],[59.235,37.413],[58.436,37.522],[57.33,38.029],[56.619,38.121],[56.18,37.935],[55.512,37.964],[54.8,37.392],[53.922,37.199],[53.736,37.906],[53.881,38.952],[53.101,39.291],[53.358,39.975],[52.694,40.034],[52.915,40.877],[53.858,40.631],[54.737,40.951],[54.008,41.551],[53.722,42.123],[52.917,41.868],[52.815,41.135],[52.502,41.783],[52.944,42.116],[54.079,42.324],[54.755,42.044],[55.455,41.26],[55.968,41.309],[57.096,41.322],[56.932,41.826],[57.787,42.171],[58.629,42.752],[59.976,42.223],[60.083,41.425],[60.466,41.22],[61.547,41.266],[61.883,41.085],[62.374,40.054],[63.518,39.363],[64.17,38.892],[65.216,38.403],[66.546,37.975],[66.519,37.363]]]}},{"type":"Feature","properties":{"scalerank":1,"featurecla":"Admin-0 country","LABELRANK":5,"SOVEREIGNT":"East Timor","SOV_A3":"TLS","ADM0_DIF":0,"LEVEL":2,"TYPE":"Sovereign country","ADMIN":"East Timor","ADM0_A3":"TLS","GEOU_DIF":0,"GEOUNIT":"East Timor","GU_A3":"TLS","SU_DIF":0,"SUBUNIT":"East Timor","SU_A3":"TLS","BRK_DIFF":0,"NAME":"Timor-Leste","NAME_LONG":"Timor-Leste","BRK_A3":"TLS","BRK_NAME":"Timor-Leste","BRK_GROUP":null,"ABBREV":"T.L.","POSTAL":"TL","FORMAL_EN":"Democratic Republic of Timor-Leste","FORMAL_FR":null,"NAME_CIAWF":"Timor-Leste","NOTE_ADM0":null,"NOTE_BRK":null,"NAME_SORT":"Timor-Leste","NAME_ALT":"East Timor","MAPCOLOR7":2,"MAPCOLOR8":2,"MAPCOLOR9":4,"MAPCOLOR13":3,"POP_EST":1291358,"POP_RANK":12,"GDP_MD_EST":4975,"POP_YEAR":2017,"LASTCENSUS":2010,"GDP_YEAR":2016,"ECONOMY":"7. Least developed region","INCOME_GRP":"4. Lower middle income","WIKIPEDIA":-99,"FIPS_10_":"TT","ISO_A2":"TL","ISO_A3":"TLS","ISO_A3_EH":"TLS","ISO_N3":"626","UN_A3":"626","WB_A2":"TP","WB_A3":"TMP","WOE_ID":23424968,"WOE_ID_EH":23424968,"WOE_NOTE":"Exact WOE match as country","ADM0_A3_IS":"TLS","ADM0_A3_US":"TLS","ADM0_A3_UN":-99,"ADM0_A3_WB":-99,"CONTINENT":"Asia","REGION_UN":"Asia","SUBREGION":"South-Eastern Asia","REGION_WB":"East Asia & Pacific","NAME_LEN":11,"LONG_LEN":11,"ABBREV_LEN":4,"TINY":-99,"HOMEPART":1,"MIN_ZOOM":0,"MIN_LABEL":4,"MAX_LABEL":9},"bbox":[124.968682,-9.393173,127.335928,-8.273345],"geometry":{"type":"Polygon","coordinates":[[[125.089,-9.393],[125.07,-9.09],[124.969,-8.893],[125.086,-8.657],[125.947,-8.432],[126.645,-8.398],[126.957,-8.273],[127.336,-8.397],[126.968,-8.668],[125.926,-9.106],[125.089,-9.393]]]}},{"type":"Feature","properties":{"scalerank":1,"featurecla":"Admin-0 country","LABELRANK":5,"SOVEREIGNT":"Trinidad and Tobago","SOV_A3":"TTO","ADM0_DIF":0,"LEVEL":2,"TYPE":"Sovereign country","ADMIN":"Trinidad and Tobago","ADM0_A3":"TTO","GEOU_DIF":0,"GEOUNIT":"Trinidad and Tobago","GU_A3":"TTO","SU_DIF":0,"SUBUNIT":"Trinidad and Tobago","SU_A3":"TTO","BRK_DIFF":0,"NAME":"Trinidad and Tobago","NAME_LONG":"Trinidad and Tobago","BRK_A3":"TTO","BRK_NAME":"Trinidad and Tobago","BRK_GROUP":null,"ABBREV":"Tr.T.","POSTAL":"TT","FORMAL_EN":"Republic of Trinidad and Tobago","FORMAL_FR":null,"NAME_CIAWF":"Trinidad and Tobago","NOTE_ADM0":null,"NOTE_BRK":null,"NAME_SORT":"Trinidad and Tobago","NAME_ALT":null,"MAPCOLOR7":5,"MAPCOLOR8":6,"MAPCOLOR9":2,"MAPCOLOR13":5,"POP_EST":1218208,"POP_RANK":12,"GDP_MD_EST":43570,"POP_YEAR":2017,"LASTCENSUS":2011,"GDP_YEAR":2016,"ECONOMY":"6. Developing region","INCOME_GRP":"2. High income: nonOECD","WIKIPEDIA":-99,"FIPS_10_":"TD","ISO_A2":"TT","ISO_A3":"TTO","ISO_A3_EH":"TTO","ISO_N3":"780","UN_A3":"780","WB_A2":"TT","WB_A3":"TTO","WOE_ID":23424958,"WOE_ID_EH":23424958,"WOE_NOTE":"Exact WOE match as country","ADM0_A3_IS":"TTO","ADM0_A3_US":"TTO","ADM0_A3_UN":-99,"ADM0_A3_WB":-99,"CONTINENT":"North America","REGION_UN":"Americas","SUBREGION":"Caribbean","REGION_WB":"Latin America & Caribbean","NAME_LEN":19,"LONG_LEN":19,"ABBREV_LEN":5,"TINY":2,"HOMEPART":1,"MIN_ZOOM":0,"MIN_LABEL":4.5,"MAX_LABEL":9.5},"bbox":[-61.95,10,-60.895,10.89],"geometry":{"type":"Polygon","coordinates":[[[-61.68,10.76],[-61.105,10.89],[-60.895,10.855],[-60.935,10.11],[-61.77,10],[-61.95,10.09],[-61.66,10.365],[-61.68,10.76]]]}},{"type":"Feature","properties":{"scalerank":1,"featurecla":"Admin-0 country","LABELRANK":3,"SOVEREIGNT":"Tunisia","SOV_A3":"TUN","ADM0_DIF":0,"LEVEL":2,"TYPE":"Sovereign country","ADMIN":"Tunisia","ADM0_A3":"TUN","GEOU_DIF":0,"GEOUNIT":"Tunisia","GU_A3":"TUN","SU_DIF":0,"SUBUNIT":"Tunisia","SU_A3":"TUN","BRK_DIFF":0,"NAME":"Tunisia","NAME_LONG":"Tunisia","BRK_A3":"TUN","BRK_NAME":"Tunisia","BRK_GROUP":null,"ABBREV":"Tun.","POSTAL":"TN","FORMAL_EN":"Republic of Tunisia","FORMAL_FR":null,"NAME_CIAWF":"Tunisia","NOTE_ADM0":null,"NOTE_BRK":null,"NAME_SORT":"Tunisia","NAME_ALT":null,"MAPCOLOR7":4,"MAPCOLOR8":3,"MAPCOLOR9":3,"MAPCOLOR13":2,"POP_EST":11403800,"POP_RANK":14,"GDP_MD_EST":130800,"POP_YEAR":2017,"LASTCENSUS":2004,"GDP_YEAR":2016,"ECONOMY":"6. Developing region","INCOME_GRP":"3. Upper middle income","WIKIPEDIA":-99,"FIPS_10_":"TS","ISO_A2":"TN","ISO_A3":"TUN","ISO_A3_EH":"TUN","ISO_N3":"788","UN_A3":"788","WB_A2":"TN","WB_A3":"TUN","WOE_ID":23424967,"WOE_ID_EH":23424967,"WOE_NOTE":"Exact WOE match as country","ADM0_A3_IS":"TUN","ADM0_A3_US":"TUN","ADM0_A3_UN":-99,"ADM0_A3_WB":-99,"CONTINENT":"Africa","REGION_UN":"Africa","SUBREGION":"Northern Africa","REGION_WB":"Middle East & North Africa","NAME_LEN":7,"LONG_LEN":7,"ABBREV_LEN":4,"TINY":-99,"HOMEPART":1,"MIN_ZOOM":0,"MIN_LABEL":3,"MAX_LABEL":8},"bbox":[7.524482,30.307556,11.488787,37.349994],"geometry":{"type":"Polygon","coordinates":[[[9.482,30.308],[9.056,32.103],[8.439,32.506],[8.43,32.748],[7.613,33.344],[7.524,34.097],[8.141,34.655],[8.376,35.48],[8.218,36.433],[8.421,36.946],[9.51,37.35],[10.21,37.23],[10.181,36.724],[11.029,37.092],[11.1,36.9],[10.6,36.41],[10.593,35.947],[10.94,35.699],[10.808,34.834],[10.15,34.331],[10.34,33.786],[10.857,33.769],[11.109,33.293],[11.489,33.137],[11.432,32.369],[10.945,32.082],[10.637,31.761],[9.95,31.376],[10.057,30.962],[9.97,30.539],[9.482,30.308]]]}},{"type":"Feature","properties":{"scalerank":1,"featurecla":"Admin-0 country","LABELRANK":2,"SOVEREIGNT":"Turkey","SOV_A3":"TUR","ADM0_DIF":0,"LEVEL":2,"TYPE":"Sovereign country","ADMIN":"Turkey","ADM0_A3":"TUR","GEOU_DIF":0,"GEOUNIT":"Turkey","GU_A3":"TUR","SU_DIF":0,"SUBUNIT":"Turkey","SU_A3":"TUR","BRK_DIFF":0,"NAME":"Turkey","NAME_LONG":"Turkey","BRK_A3":"TUR","BRK_NAME":"Turkey","BRK_GROUP":null,"ABBREV":"Tur.","POSTAL":"TR","FORMAL_EN":"Republic of Turkey","FORMAL_FR":null,"NAME_CIAWF":"Turkey","NOTE_ADM0":null,"NOTE_BRK":null,"NAME_SORT":"Turkey","NAME_ALT":null,"MAPCOLOR7":6,"MAPCOLOR8":3,"MAPCOLOR9":8,"MAPCOLOR13":4,"POP_EST":80845215,"POP_RANK":16,"GDP_MD_EST":1670000,"POP_YEAR":2017,"LASTCENSUS":2000,"GDP_YEAR":2016,"ECONOMY":"4. Emerging region: MIKT","INCOME_GRP":"3. Upper middle income","WIKIPEDIA":-99,"FIPS_10_":"TU","ISO_A2":"TR","ISO_A3":"TUR","ISO_A3_EH":"TUR","ISO_N3":"792","UN_A3":"792","WB_A2":"TR","WB_A3":"TUR","WOE_ID":23424969,"WOE_ID_EH":23424969,"WOE_NOTE":"Exact WOE match as country","ADM0_A3_IS":"TUR","ADM0_A3_US":"TUR","ADM0_A3_UN":-99,"ADM0_A3_WB":-99,"CONTINENT":"Asia","REGION_UN":"Asia","SUBREGION":"Western Asia","REGION_WB":"Europe & Central Asia","NAME_LEN":6,"LONG_LEN":6,"ABBREV_LEN":4,"TINY":-99,"HOMEPART":1,"MIN_ZOOM":0,"MIN_LABEL":2,"MAX_LABEL":7},"bbox":[26.043351,35.821535,44.79399,42.141485],"geometry":{"type":"MultiPolygon","coordinates":[[[[43.583,41.092],[43.753,40.74],[43.656,40.254],[44.4,40.005],[44.794,39.713],[44.109,39.428],[44.421,38.281],[44.226,37.972],[44.773,37.17],[44.773,37.17],[44.293,37.002],[43.942,37.256],[42.779,37.385],[42.35,37.23],[41.212,37.074],[40.673,37.091],[39.523,36.716],[38.7,36.713],[38.168,36.901],[37.067,36.623],[36.739,36.818],[36.685,36.26],[36.418,36.041],[36.15,35.822],[35.782,36.275],[36.161,36.651],[35.551,36.565],[34.715,36.796],[34.027,36.22],[32.509,36.108],[31.7,36.644],[30.622,36.678],[30.391,36.263],[29.7,36.144],[28.733,36.677],[27.641,36.659],[27.049,37.653],[26.318,38.208],[26.805,38.986],[26.171,39.464],[27.28,40.42],[28.82,40.46],[29.24,41.22],[31.146,41.088],[32.348,41.736],[33.513,42.019],[35.168,42.04],[36.913,41.335],[38.348,40.949],[39.513,41.103],[40.373,41.014],[41.554,41.536],[42.62,41.583],[43.583,41.092]]],[[[26.117,41.827],[27.136,42.141],[27.997,42.007],[28.116,41.623],[28.988,41.3],[28.806,41.055],[27.619,41],[27.192,40.691],[26.358,40.152],[26.043,40.618],[26.057,40.824],[26.295,40.936],[26.604,41.562],[26.117,41.827]]]]}},{"type":"Feature","properties":{"scalerank":1,"featurecla":"Admin-0 country","LABELRANK":3,"SOVEREIGNT":"Taiwan","SOV_A3":"TWN","ADM0_DIF":0,"LEVEL":2,"TYPE":"Sovereign country","ADMIN":"Taiwan","ADM0_A3":"TWN","GEOU_DIF":0,"GEOUNIT":"Taiwan","GU_A3":"TWN","SU_DIF":0,"SUBUNIT":"Taiwan","SU_A3":"TWN","BRK_DIFF":1,"NAME":"Taiwan","NAME_LONG":"Taiwan","BRK_A3":"B77","BRK_NAME":"Taiwan","BRK_GROUP":null,"ABBREV":"Taiwan","POSTAL":"TW","FORMAL_EN":null,"FORMAL_FR":null,"NAME_CIAWF":"Taiwan","NOTE_ADM0":null,"NOTE_BRK":"Self admin.; Claimed by China","NAME_SORT":"Taiwan","NAME_ALT":null,"MAPCOLOR7":1,"MAPCOLOR8":5,"MAPCOLOR9":7,"MAPCOLOR13":2,"POP_EST":23508428,"POP_RANK":15,"GDP_MD_EST":1127000,"POP_YEAR":2017,"LASTCENSUS":-99,"GDP_YEAR":2016,"ECONOMY":"2. Developed region: nonG7","INCOME_GRP":"2. High income: nonOECD","WIKIPEDIA":-99,"FIPS_10_":"TW","ISO_A2":"TW","ISO_A3":"TWN","ISO_A3_EH":"TWN","ISO_N3":"158","UN_A3":"-099","WB_A2":"-99","WB_A3":"-99","WOE_ID":23424971,"WOE_ID_EH":23424971,"WOE_NOTE":"Exact WOE match as country","ADM0_A3_IS":"TWN","ADM0_A3_US":"TWN","ADM0_A3_UN":-99,"ADM0_A3_WB":-99,"CONTINENT":"Asia","REGION_UN":"Asia","SUBREGION":"Eastern Asia","REGION_WB":"East Asia & Pacific","NAME_LEN":6,"LONG_LEN":6,"ABBREV_LEN":6,"TINY":-99,"HOMEPART":1,"MIN_ZOOM":0,"MIN_LABEL":3,"MAX_LABEL":8},"bbox":[120.106189,21.970571,121.951244,25.295459],"geometry":{"type":"Polygon","coordinates":[[[121.778,24.394],[121.176,22.791],[120.747,21.971],[120.22,22.815],[120.106,23.556],[120.695,24.538],[121.495,25.295],[121.951,24.998],[121.778,24.394]]]}},{"type":"Feature","properties":{"scalerank":1,"featurecla":"Admin-0 country","LABELRANK":3,"SOVEREIGNT":"United Republic of Tanzania","SOV_A3":"TZA","ADM0_DIF":0,"LEVEL":2,"TYPE":"Sovereign country","ADMIN":"United Republic of Tanzania","ADM0_A3":"TZA","GEOU_DIF":0,"GEOUNIT":"Tanzania","GU_A3":"TZA","SU_DIF":0,"SUBUNIT":"Tanzania","SU_A3":"TZA","BRK_DIFF":0,"NAME":"Tanzania","NAME_LONG":"Tanzania","BRK_A3":"TZA","BRK_NAME":"Tanzania","BRK_GROUP":null,"ABBREV":"Tanz.","POSTAL":"TZ","FORMAL_EN":"United Republic of Tanzania","FORMAL_FR":null,"NAME_CIAWF":"Tanzania","NOTE_ADM0":null,"NOTE_BRK":null,"NAME_SORT":"Tanzania","NAME_ALT":null,"MAPCOLOR7":3,"MAPCOLOR8":6,"MAPCOLOR9":2,"MAPCOLOR13":2,"POP_EST":53950935,"POP_RANK":16,"GDP_MD_EST":150600,"POP_YEAR":2017,"LASTCENSUS":2002,"GDP_YEAR":2016,"ECONOMY":"7. Least developed region","INCOME_GRP":"5. Low income","WIKIPEDIA":-99,"FIPS_10_":"TZ","ISO_A2":"TZ","ISO_A3":"TZA","ISO_A3_EH":"TZA","ISO_N3":"834","UN_A3":"834","WB_A2":"TZ","WB_A3":"TZA","WOE_ID":23424973,"WOE_ID_EH":23424973,"WOE_NOTE":"Exact WOE match as country","ADM0_A3_IS":"TZA","ADM0_A3_US":"TZA","ADM0_A3_UN":-99,"ADM0_A3_WB":-99,"CONTINENT":"Africa","REGION_UN":"Africa","SUBREGION":"Eastern Africa","REGION_WB":"Sub-Saharan Africa","NAME_LEN":8,"LONG_LEN":8,"ABBREV_LEN":5,"TINY":-99,"HOMEPART":1,"MIN_ZOOM":0,"MIN_LABEL":3,"MAX_LABEL":8},"bbox":[29.339998,-11.720938,40.31659,-0.95],"geometry":{"type":"Polygon","coordinates":[[[29.34,-4.5],[29.754,-4.452],[30.116,-4.09],[30.506,-3.569],[30.752,-3.359],[30.743,-3.034],[30.528,-2.808],[30.47,-2.414],[30.47,-2.414],[30.758,-2.287],[30.816,-1.699],[30.419,-1.135],[30.77,-1.015],[31.866,-1.027],[33.904,-0.95],[34.073,-1.06],[37.699,-3.097],[37.767,-3.677],[39.202,-4.677],[38.741,-5.909],[38.8,-6.476],[39.44,-6.84],[39.47,-7.1],[39.195,-7.704],[39.252,-8.008],[39.187,-8.486],[39.536,-9.112],[39.95,-10.098],[40.317,-10.317],[40.317,-10.317],[39.521,-10.897],[38.428,-11.285],[37.828,-11.269],[37.471,-11.569],[36.775,-11.595],[36.514,-11.721],[35.312,-11.439],[34.56,-11.52],[34.28,-10.16],[33.941,-9.694],[33.74,-9.417],[32.759,-9.231],[32.192,-8.93],[31.556,-8.762],[31.158,-8.595],[30.74,-8.34],[30.74,-8.34],[30.2,-7.08],[29.62,-6.52],[29.42,-5.94],[29.52,-5.42],[29.34,-4.5]]]}},{"type":"Feature","properties":{"scalerank":1,"featurecla":"Admin-0 country","LABELRANK":3,"SOVEREIGNT":"Uganda","SOV_A3":"UGA","ADM0_DIF":0,"LEVEL":2,"TYPE":"Sovereign country","ADMIN":"Uganda","ADM0_A3":"UGA","GEOU_DIF":0,"GEOUNIT":"Uganda","GU_A3":"UGA","SU_DIF":0,"SUBUNIT":"Uganda","SU_A3":"UGA","BRK_DIFF":0,"NAME":"Uganda","NAME_LONG":"Uganda","BRK_A3":"UGA","BRK_NAME":"Uganda","BRK_GROUP":null,"ABBREV":"Uga.","POSTAL":"UG","FORMAL_EN":"Republic of Uganda","FORMAL_FR":null,"NAME_CIAWF":"Uganda","NOTE_ADM0":null,"NOTE_BRK":null,"NAME_SORT":"Uganda","NAME_ALT":null,"MAPCOLOR7":6,"MAPCOLOR8":3,"MAPCOLOR9":6,"MAPCOLOR13":4,"POP_EST":39570125,"POP_RANK":15,"GDP_MD_EST":84930,"POP_YEAR":2017,"LASTCENSUS":2002,"GDP_YEAR":2016,"ECONOMY":"7. Least developed region","INCOME_GRP":"5. Low income","WIKIPEDIA":-99,"FIPS_10_":"UG","ISO_A2":"UG","ISO_A3":"UGA","ISO_A3_EH":"UGA","ISO_N3":"800","UN_A3":"800","WB_A2":"UG","WB_A3":"UGA","WOE_ID":23424974,"WOE_ID_EH":23424974,"WOE_NOTE":"Exact WOE match as country","ADM0_A3_IS":"UGA","ADM0_A3_US":"UGA","ADM0_A3_UN":-99,"ADM0_A3_WB":-99,"CONTINENT":"Africa","REGION_UN":"Africa","SUBREGION":"Eastern Africa","REGION_WB":"Sub-Saharan Africa","NAME_LEN":6,"LONG_LEN":6,"ABBREV_LEN":4,"TINY":-99,"HOMEPART":1,"MIN_ZOOM":0,"MIN_LABEL":3,"MAX_LABEL":8},"bbox":[29.579466,-1.443322,35.03599,4.249885],"geometry":{"type":"Polygon","coordinates":[[[29.579,-1.341],[29.588,-0.587],[29.82,-0.205],[29.876,0.597],[30.086,1.062],[30.469,1.584],[30.853,1.849],[31.174,2.204],[30.773,2.34],[30.834,3.509],[30.834,3.509],[31.246,3.782],[31.881,3.558],[32.686,3.792],[33.39,3.79],[34.005,4.25],[34.479,3.556],[34.596,3.054],[35.036,1.906],[34.672,1.177],[34.18,0.515],[33.894,0.11],[33.904,-0.95],[31.866,-1.027],[30.77,-1.015],[30.419,-1.135],[29.822,-1.443],[29.579,-1.341]]]}},{"type":"Feature","properties":{"scalerank":1,"featurecla":"Admin-0 country","LABELRANK":3,"SOVEREIGNT":"Ukraine","SOV_A3":"UKR","ADM0_DIF":0,"LEVEL":2,"TYPE":"Sovereign country","ADMIN":"Ukraine","ADM0_A3":"UKR","GEOU_DIF":0,"GEOUNIT":"Ukraine","GU_A3":"UKR","SU_DIF":0,"SUBUNIT":"Ukraine","SU_A3":"UKR","BRK_DIFF":0,"NAME":"Ukraine","NAME_LONG":"Ukraine","BRK_A3":"UKR","BRK_NAME":"Ukraine","BRK_GROUP":null,"ABBREV":"Ukr.","POSTAL":"UA","FORMAL_EN":"Ukraine","FORMAL_FR":null,"NAME_CIAWF":"Ukraine","NOTE_ADM0":null,"NOTE_BRK":null,"NAME_SORT":"Ukraine","NAME_ALT":null,"MAPCOLOR7":5,"MAPCOLOR8":1,"MAPCOLOR9":6,"MAPCOLOR13":3,"POP_EST":44033874,"POP_RANK":15,"GDP_MD_EST":352600,"POP_YEAR":2017,"LASTCENSUS":2001,"GDP_YEAR":2016,"ECONOMY":"6. Developing region","INCOME_GRP":"4. Lower middle income","WIKIPEDIA":-99,"FIPS_10_":"UP","ISO_A2":"UA","ISO_A3":"UKR","ISO_A3_EH":"UKR","ISO_N3":"804","UN_A3":"804","WB_A2":"UA","WB_A3":"UKR","WOE_ID":23424976,"WOE_ID_EH":23424976,"WOE_NOTE":"Exact WOE match as country","ADM0_A3_IS":"UKR","ADM0_A3_US":"UKR","ADM0_A3_UN":-99,"ADM0_A3_WB":-99,"CONTINENT":"Europe","REGION_UN":"Europe","SUBREGION":"Eastern Europe","REGION_WB":"Europe & Central Asia","NAME_LEN":7,"LONG_LEN":7,"ABBREV_LEN":4,"TINY":-99,"HOMEPART":1,"MIN_ZOOM":0,"MIN_LABEL":3,"MAX_LABEL":7},"bbox":[22.085608,45.293308,40.080789,52.335075],"geometry":{"type":"Polygon","coordinates":[[[23.527,51.578],[24.005,51.617],[24.553,51.888],[25.328,51.911],[26.338,51.832],[27.454,51.592],[28.242,51.572],[28.618,51.428],[28.993,51.602],[29.255,51.368],[30.157,51.416],[30.555,51.32],[30.619,51.823],[30.928,52.042],[31.786,52.102],[32.159,52.061],[32.412,52.289],[32.716,52.238],[33.753,52.335],[34.392,51.769],[34.142,51.566],[34.225,51.256],[35.022,51.208],[35.378,50.774],[35.356,50.577],[36.626,50.226],[37.393,50.384],[38.011,49.916],[38.595,49.926],[40.069,49.601],[40.081,49.307],[39.675,48.784],[39.896,48.232],[39.738,47.899],[38.771,47.826],[38.255,47.546],[38.224,47.102],[37.425,47.022],[36.76,46.699],[35.824,46.646],[34.962,46.273],[35.013,45.738],[34.862,45.768],[34.732,45.966],[34.41,46.005],[33.699,46.22],[33.436,45.972],[33.299,46.081],[31.744,46.333],[31.675,46.706],[30.749,46.583],[30.378,46.032],[29.603,45.293],[29.15,45.465],[28.68,45.304],[28.234,45.488],[28.485,45.597],[28.66,45.94],[28.934,46.259],[28.863,46.438],[29.072,46.518],[29.171,46.379],[29.76,46.35],[30.025,46.424],[29.838,46.525],[29.909,46.674],[29.56,46.929],[29.415,47.347],[29.051,47.51],[29.123,47.849],[28.671,48.118],[28.26,48.156],[27.523,48.467],[26.858,48.368],[26.619,48.221],[26.197,48.221],[25.946,47.987],[25.208,47.891],[24.866,47.738],[24.402,47.982],[23.761,47.986],[23.142,48.096],[22.711,47.882],[22.641,48.15],[22.086,48.422],[22.281,48.825],[22.558,49.086],[22.776,49.027],[22.518,49.477],[23.427,50.309],[23.923,50.425],[24.03,50.705],[23.527,51.578]]]}},{"type":"Feature","properties":{"scalerank":1,"featurecla":"Admin-0 country","LABELRANK":4,"SOVEREIGNT":"Uruguay","SOV_A3":"URY","ADM0_DIF":0,"LEVEL":2,"TYPE":"Sovereign country","ADMIN":"Uruguay","ADM0_A3":"URY","GEOU_DIF":0,"GEOUNIT":"Uruguay","GU_A3":"URY","SU_DIF":0,"SUBUNIT":"Uruguay","SU_A3":"URY","BRK_DIFF":0,"NAME":"Uruguay","NAME_LONG":"Uruguay","BRK_A3":"URY","BRK_NAME":"Uruguay","BRK_GROUP":null,"ABBREV":"Ury.","POSTAL":"UY","FORMAL_EN":"Oriental Republic of Uruguay","FORMAL_FR":null,"NAME_CIAWF":"Uruguay","NOTE_ADM0":null,"NOTE_BRK":null,"NAME_SORT":"Uruguay","NAME_ALT":null,"MAPCOLOR7":1,"MAPCOLOR8":2,"MAPCOLOR9":2,"MAPCOLOR13":10,"POP_EST":3360148,"POP_RANK":12,"GDP_MD_EST":73250,"POP_YEAR":2017,"LASTCENSUS":2004,"GDP_YEAR":2016,"ECONOMY":"5. Emerging region: G20","INCOME_GRP":"3. Upper middle income","WIKIPEDIA":-99,"FIPS_10_":"UY","ISO_A2":"UY","ISO_A3":"URY","ISO_A3_EH":"URY","ISO_N3":"858","UN_A3":"858","WB_A2":"UY","WB_A3":"URY","WOE_ID":23424979,"WOE_ID_EH":23424979,"WOE_NOTE":"Exact WOE match as country","ADM0_A3_IS":"URY","ADM0_A3_US":"URY","ADM0_A3_UN":-99,"ADM0_A3_WB":-99,"CONTINENT":"South America","REGION_UN":"Americas","SUBREGION":"South America","REGION_WB":"Latin America & Caribbean","NAME_LEN":7,"LONG_LEN":7,"ABBREV_LEN":4,"TINY":-99,"HOMEPART":1,"MIN_ZOOM":0,"MIN_LABEL":3,"MAX_LABEL":8},"bbox":[-58.427074,-34.952647,-53.209589,-30.109686],"geometry":{"type":"Polygon","coordinates":[[[-58.427,-33.909],[-58.35,-33.263],[-58.133,-33.041],[-58.142,-32.045],[-57.875,-31.017],[-57.625,-30.216],[-56.976,-30.11],[-55.973,-30.883],[-55.602,-30.854],[-54.572,-31.495],[-53.788,-32.047],[-53.21,-32.728],[-53.651,-33.202],[-53.374,-33.768],[-53.806,-34.397],[-54.936,-34.953],[-55.674,-34.753],[-56.215,-34.86],[-57.14,-34.43],[-57.818,-34.463],[-58.427,-33.909]]]}},{"type":"Feature","properties":{"scalerank":1,"featurecla":"Admin-0 country","LABELRANK":2,"SOVEREIGNT":"United States of America","SOV_A3":"US1","ADM0_DIF":1,"LEVEL":2,"TYPE":"Country","ADMIN":"United States of America","ADM0_A3":"USA","GEOU_DIF":0,"GEOUNIT":"United States of America","GU_A3":"USA","SU_DIF":0,"SUBUNIT":"United States","SU_A3":"USA","BRK_DIFF":0,"NAME":"United States of America","NAME_LONG":"United States","BRK_A3":"USA","BRK_NAME":"United States","BRK_GROUP":null,"ABBREV":"U.S.A.","POSTAL":"US","FORMAL_EN":"United States of America","FORMAL_FR":null,"NAME_CIAWF":"United States","NOTE_ADM0":null,"NOTE_BRK":null,"NAME_SORT":"United States of America","NAME_ALT":null,"MAPCOLOR7":4,"MAPCOLOR8":5,"MAPCOLOR9":1,"MAPCOLOR13":1,"POP_EST":326625791,"POP_RANK":17,"GDP_MD_EST":18560000,"POP_YEAR":2017,"LASTCENSUS":2010,"GDP_YEAR":2016,"ECONOMY":"1. Developed region: G7","INCOME_GRP":"1. High income: OECD","WIKIPEDIA":0,"FIPS_10_":"US","ISO_A2":"US","ISO_A3":"USA","ISO_A3_EH":"USA","ISO_N3":"840","UN_A3":"840","WB_A2":"US","WB_A3":"USA","WOE_ID":23424977,"WOE_ID_EH":23424977,"WOE_NOTE":"Exact WOE match as country","ADM0_A3_IS":"USA","ADM0_A3_US":"USA","ADM0_A3_UN":-99,"ADM0_A3_WB":-99,"CONTINENT":"North America","REGION_UN":"Americas","SUBREGION":"Northern America","REGION_WB":"North America","NAME_LEN":24,"LONG_LEN":13,"ABBREV_LEN":6,"TINY":-99,"HOMEPART":1,"MIN_ZOOM":0,"MIN_LABEL":1.7,"MAX_LABEL":5.7},"bbox":[-171.791111,18.91619,-66.96466,71.357764],"geometry":{"type":"MultiPolygon","coordinates":[[[[-122.84,49],[-120,49],[-117.031,49],[-116.048,49],[-113,49],[-110.05,49],[-107.05,49],[-104.048,49],[-100.65,49],[-97.229,49.001],[-95.159,49],[-95.156,49.384],[-94.818,49.389],[-94.64,48.84],[-94.329,48.671],[-93.631,48.609],[-92.61,48.45],[-91.64,48.14],[-90.83,48.27],[-89.6,48.01],[-89.273,48.02],[-88.378,48.303],[-87.44,47.94],[-86.462,47.553],[-85.652,47.22],[-84.876,46.9],[-84.779,46.637],[-84.544,46.539],[-84.605,46.44],[-84.337,46.409],[-84.142,46.512],[-84.092,46.275],[-83.891,46.117],[-83.616,46.117],[-83.47,45.995],[-83.593,45.817],[-82.551,45.348],[-82.338,44.44],[-82.138,43.571],[-82.43,42.98],[-82.9,42.43],[-83.12,42.08],[-83.142,41.976],[-83.03,41.833],[-82.69,41.675],[-82.439,41.675],[-81.278,42.209],[-80.247,42.366],[-78.939,42.864],[-78.92,42.965],[-79.01,43.27],[-79.172,43.466],[-78.72,43.625],[-77.738,43.629],[-76.82,43.629],[-76.5,44.018],[-76.375,44.096],[-75.318,44.816],[-74.867,45],[-73.348,45.007],[-71.505,45.008],[-71.405,45.255],[-71.085,45.305],[-70.66,45.46],[-70.305,45.915],[-70,46.693],[-69.237,47.448],[-68.905,47.185],[-68.234,47.355],[-67.79,47.066],[-67.791,45.703],[-67.137,45.138],[-66.965,44.81],[-68.033,44.325],[-69.06,43.98],[-70.116,43.684],[-70.645,43.09],[-70.815,42.865],[-70.825,42.335],[-70.495,41.805],[-70.08,41.78],[-70.185,42.145],[-69.885,41.923],[-69.965,41.637],[-70.64,41.475],[-71.12,41.494],[-71.86,41.32],[-72.295,41.27],[-72.876,41.221],[-73.71,40.931],[-72.241,41.119],[-71.945,40.93],[-73.345,40.63],[-73.982,40.628],[-73.952,40.751],[-74.257,40.474],[-73.962,40.428],[-74.178,39.709],[-74.906,38.94],[-74.98,39.196],[-75.2,39.248],[-75.528,39.499],[-75.32,38.96],[-75.072,38.782],[-75.057,38.404],[-75.377,38.016],[-75.94,37.217],[-76.031,37.257],[-75.722,37.937],[-76.233,38.319],[-76.35,39.15],[-76.543,38.718],[-76.329,38.083],[-76.99,38.24],[-76.302,37.918],[-76.259,36.966],[-75.972,36.897],[-75.868,36.551],[-75.727,35.551],[-76.363,34.809],[-77.398,34.512],[-78.055,33.925],[-78.554,33.861],[-79.061,33.494],[-79.204,33.158],[-80.301,32.509],[-80.865,32.033],[-81.336,31.44],[-81.49,30.73],[-81.314,30.036],[-80.98,29.18],[-80.536,28.472],[-80.53,28.04],[-80.057,26.88],[-80.088,26.206],[-80.132,25.817],[-80.381,25.206],[-80.68,25.08],[-81.172,25.201],[-81.33,25.64],[-81.71,25.87],[-82.24,26.73],[-82.705,27.495],[-82.855,27.886],[-82.65,28.55],[-82.93,29.1],[-83.71,29.937],[-84.1,30.09],[-85.109,29.636],[-85.288,29.686],[-85.773,30.153],[-86.4,30.4],[-87.53,30.274],[-88.418,30.385],[-89.18,30.316],[-89.594,30.16],[-89.414,29.894],[-89.43,29.489],[-89.218,29.291],[-89.408,29.16],[-89.779,29.307],[-90.155,29.117],[-90.88,29.149],[-91.627,29.677],[-92.499,29.552],[-93.226,29.784],[-93.848,29.714],[-94.69,29.48],[-95.6,28.739],[-96.594,28.307],[-97.14,27.83],[-97.37,27.38],[-97.38,26.69],[-97.33,26.21],[-97.14,25.87],[-97.53,25.84],[-98.24,26.06],[-99.02,26.37],[-99.3,26.84],[-99.52,27.54],[-100.11,28.11],[-100.456,28.696],[-100.958,29.381],[-101.662,29.779],[-102.48,29.76],[-103.11,28.97],[-103.94,29.27],[-104.457,29.572],[-104.706,30.122],[-105.037,30.644],[-105.632,31.084],[-106.143,31.4],[-106.508,31.755],[-108.24,31.755],[-108.242,31.342],[-109.035,31.342],[-111.024,31.335],[-113.305,32.039],[-114.815,32.525],[-114.721,32.721],[-115.991,32.612],[-117.128,32.535],[-117.296,33.046],[-117.944,33.621],[-118.411,33.741],[-118.52,34.028],[-119.081,34.078],[-119.439,34.348],[-120.368,34.447],[-120.623,34.609],[-120.744,35.157],[-121.715,36.162],[-122.547,37.552],[-122.512,37.783],[-122.953,38.114],[-123.727,38.952],[-123.865,39.767],[-124.398,40.313],[-124.179,41.142],[-124.214,42],[-124.533,42.766],[-124.142,43.708],[-124.021,44.616],[-123.899,45.523],[-124.08,46.865],[-124.396,47.72],[-124.687,48.184],[-124.566,48.38],[-123.12,48.04],[-122.587,47.096],[-122.34,47.36],[-122.5,48.18],[-122.84,49]]],[[[-140.986,69.712],[-140.986,69.712],[-140.992,66],[-140.998,60.306],[-140.013,60.277],[-139.039,60],[-138.341,59.562],[-137.452,58.905],[-136.48,59.464],[-135.476,59.788],[-134.945,59.271],[-134.271,58.861],[-133.356,58.41],[-132.73,57.693],[-131.708,56.552],[-130.008,55.916],[-129.98,55.285],[-130.536,54.803],[-130.536,54.803],[-130.536,54.803],[-131.086,55.179],[-131.967,55.498],[-132.25,56.37],[-133.539,57.179],[-134.078,58.123],[-135.038,58.188],[-136.628,58.212],[-137.8,58.5],[-139.868,59.538],[-140.825,59.728],[-142.574,60.084],[-143.959,59.999],[-145.926,60.459],[-147.114,60.885],[-148.224,60.673],[-148.018,59.978],[-148.571,59.914],[-149.728,59.706],[-150.608,59.368],[-151.716,59.156],[-151.859,59.745],[-151.41,60.726],[-150.347,61.034],[-150.621,61.284],[-151.896,60.727],[-152.578,60.062],[-154.019,59.35],[-153.288,58.865],[-154.232,58.146],[-155.307,57.728],[-156.308,57.423],[-156.556,56.98],[-158.117,56.464],[-158.433,55.994],[-159.603,55.567],[-160.29,55.644],[-161.223,55.365],[-162.238,55.024],[-163.069,54.69],[-164.786,54.404],[-164.942,54.572],[-163.848,55.039],[-162.87,55.348],[-161.804,55.895],[-160.564,56.008],[-160.071,56.418],[-158.684,57.017],[-158.461,57.217],[-157.723,57.57],[-157.55,58.328],[-157.042,58.919],[-158.195,58.616],[-158.517,58.788],[-159.059,58.424],[-159.712,58.931],[-159.981,58.573],[-160.355,59.071],[-161.355,58.671],[-161.969,58.672],[-162.055,59.267],[-161.874,59.634],[-162.518,59.99],[-163.818,59.798],[-164.662,60.267],[-165.346,60.507],[-165.351,61.074],[-166.121,61.5],[-165.734,62.075],[-164.919,62.633],[-164.563,63.146],[-163.753,63.219],[-163.067,63.059],[-162.261,63.542],[-161.534,63.456],[-160.773,63.766],[-160.958,64.223],[-161.518,64.403],[-160.778,64.789],[-161.392,64.777],[-162.453,64.559],[-162.758,64.339],[-163.546,64.559],[-164.961,64.447],[-166.425,64.687],[-166.845,65.089],[-168.111,65.67],[-166.705,66.088],[-164.475,66.577],[-163.653,66.577],[-163.789,66.077],[-161.678,66.116],[-162.49,66.736],[-163.72,67.116],[-164.431,67.616],[-165.39,68.043],[-166.764,68.359],[-166.205,68.883],[-164.431,68.916],[-163.169,69.371],[-162.931,69.858],[-161.909,70.333],[-160.935,70.448],[-159.039,70.892],[-158.12,70.825],[-156.581,71.358],[-155.068,71.148],[-154.344,70.696],[-153.9,70.89],[-152.21,70.83],[-152.27,70.6],[-150.74,70.43],[-149.72,70.53],[-147.613,70.214],[-145.69,70.12],[-144.92,69.99],[-143.589,70.153],[-142.073,69.852],[-140.986,69.712],[-140.986,69.712]]],[[[-155.542,19.083],[-155.688,18.916],[-155.937,19.059],[-155.908,19.339],[-156.073,19.703],[-156.024,19.814],[-155.85,19.977],[-155.919,20.174],[-155.861,20.267],[-155.785,20.249],[-155.402,20.08],[-155.225,19.993],[-155.062,19.859],[-154.807,19.509],[-154.831,19.453],[-155.222,19.24],[-155.542,19.083]]],[[[-156.079,20.644],[-156.414,20.572],[-156.587,20.783],[-156.702,20.864],[-156.711,20.927],[-156.613,21.012],[-156.257,20.917],[-155.996,20.764],[-156.079,20.644]]],[[[-156.758,21.177],[-156.789,21.069],[-157.325,21.098],[-157.25,21.22],[-156.758,21.177]]],[[[-157.653,21.322],[-157.707,21.264],[-157.779,21.277],[-158.127,21.312],[-158.254,21.539],[-158.293,21.579],[-158.025,21.717],[-157.942,21.653],[-157.653,21.322]]],[[[-159.345,21.982],[-159.464,21.883],[-159.801,22.065],[-159.749,22.138],[-159.596,22.236],[-159.366,22.215],[-159.345,21.982]]],[[[-153.006,57.116],[-154.005,56.735],[-154.516,56.993],[-154.671,57.461],[-153.763,57.817],[-153.229,57.969],[-152.565,57.901],[-152.141,57.591],[-153.006,57.116]]],[[[-165.579,59.91],[-166.193,59.754],[-166.848,59.941],[-167.455,60.213],[-166.468,60.384],[-165.674,60.294],[-165.579,59.91]]],[[[-171.732,63.783],[-171.114,63.592],[-170.491,63.695],[-169.683,63.431],[-168.689,63.298],[-168.772,63.189],[-169.529,62.977],[-170.291,63.194],[-170.671,63.376],[-171.553,63.318],[-171.791,63.406],[-171.732,63.783]]]]}},{"type":"Feature","properties":{"scalerank":1,"featurecla":"Admin-0 country","LABELRANK":3,"SOVEREIGNT":"Uzbekistan","SOV_A3":"UZB","ADM0_DIF":0,"LEVEL":2,"TYPE":"Sovereign country","ADMIN":"Uzbekistan","ADM0_A3":"UZB","GEOU_DIF":0,"GEOUNIT":"Uzbekistan","GU_A3":"UZB","SU_DIF":0,"SUBUNIT":"Uzbekistan","SU_A3":"UZB","BRK_DIFF":0,"NAME":"Uzbekistan","NAME_LONG":"Uzbekistan","BRK_A3":"UZB","BRK_NAME":"Uzbekistan","BRK_GROUP":null,"ABBREV":"Uzb.","POSTAL":"UZ","FORMAL_EN":"Republic of Uzbekistan","FORMAL_FR":null,"NAME_CIAWF":"Uzbekistan","NOTE_ADM0":null,"NOTE_BRK":null,"NAME_SORT":"Uzbekistan","NAME_ALT":null,"MAPCOLOR7":2,"MAPCOLOR8":3,"MAPCOLOR9":5,"MAPCOLOR13":4,"POP_EST":29748859,"POP_RANK":15,"GDP_MD_EST":202300,"POP_YEAR":2017,"LASTCENSUS":1989,"GDP_YEAR":2016,"ECONOMY":"6. Developing region","INCOME_GRP":"4. Lower middle income","WIKIPEDIA":-99,"FIPS_10_":"UZ","ISO_A2":"UZ","ISO_A3":"UZB","ISO_A3_EH":"UZB","ISO_N3":"860","UN_A3":"860","WB_A2":"UZ","WB_A3":"UZB","WOE_ID":23424980,"WOE_ID_EH":23424980,"WOE_NOTE":"Exact WOE match as country","ADM0_A3_IS":"UZB","ADM0_A3_US":"UZB","ADM0_A3_UN":-99,"ADM0_A3_WB":-99,"CONTINENT":"Asia","REGION_UN":"Asia","SUBREGION":"Central Asia","REGION_WB":"Europe & Central Asia","NAME_LEN":10,"LONG_LEN":10,"ABBREV_LEN":4,"TINY":5,"HOMEPART":1,"MIN_ZOOM":0,"MIN_LABEL":3,"MAX_LABEL":8},"bbox":[55.928917,37.144994,73.055417,45.586804],"geometry":{"type":"Polygon","coordinates":[[[67.83,37.145],[67.076,37.356],[66.519,37.363],[66.546,37.975],[65.216,38.403],[64.17,38.892],[63.518,39.363],[62.374,40.054],[61.883,41.085],[61.547,41.266],[60.466,41.22],[60.083,41.425],[59.976,42.223],[58.629,42.752],[57.787,42.171],[56.932,41.826],[57.096,41.322],[55.968,41.309],[55.929,44.996],[58.503,45.587],[58.69,45.5],[60.24,44.784],[61.058,44.406],[62.013,43.504],[63.186,43.65],[64.901,43.728],[66.098,42.998],[66.023,41.995],[66.511,41.988],[66.714,41.168],[67.986,41.136],[68.26,40.662],[68.632,40.669],[69.07,41.384],[70.389,42.081],[70.962,42.266],[71.259,42.168],[70.42,41.52],[71.158,41.144],[71.87,41.393],[73.055,40.866],[71.775,40.146],[71.014,40.244],[70.601,40.219],[70.458,40.496],[70.667,40.96],[69.329,40.728],[69.012,40.086],[68.536,39.533],[67.701,39.58],[67.442,39.14],[68.176,38.902],[68.392,38.157],[67.83,37.145]]]}},{"type":"Feature","properties":{"scalerank":1,"featurecla":"Admin-0 country","LABELRANK":3,"SOVEREIGNT":"Venezuela","SOV_A3":"VEN","ADM0_DIF":0,"LEVEL":2,"TYPE":"Sovereign country","ADMIN":"Venezuela","ADM0_A3":"VEN","GEOU_DIF":0,"GEOUNIT":"Venezuela","GU_A3":"VEN","SU_DIF":0,"SUBUNIT":"Venezuela","SU_A3":"VEN","BRK_DIFF":0,"NAME":"Venezuela","NAME_LONG":"Venezuela","BRK_A3":"VEN","BRK_NAME":"Venezuela","BRK_GROUP":null,"ABBREV":"Ven.","POSTAL":"VE","FORMAL_EN":"Bolivarian Republic of Venezuela","FORMAL_FR":"República Bolivariana de Venezuela","NAME_CIAWF":"Venezuela","NOTE_ADM0":null,"NOTE_BRK":null,"NAME_SORT":"Venezuela, RB","NAME_ALT":null,"MAPCOLOR7":1,"MAPCOLOR8":3,"MAPCOLOR9":1,"MAPCOLOR13":4,"POP_EST":31304016,"POP_RANK":15,"GDP_MD_EST":468600,"POP_YEAR":2017,"LASTCENSUS":2001,"GDP_YEAR":2016,"ECONOMY":"5. Emerging region: G20","INCOME_GRP":"3. Upper middle income","WIKIPEDIA":-99,"FIPS_10_":"VE","ISO_A2":"VE","ISO_A3":"VEN","ISO_A3_EH":"VEN","ISO_N3":"862","UN_A3":"862","WB_A2":"VE","WB_A3":"VEN","WOE_ID":23424982,"WOE_ID_EH":23424982,"WOE_NOTE":"Exact WOE match as country","ADM0_A3_IS":"VEN","ADM0_A3_US":"VEN","ADM0_A3_UN":-99,"ADM0_A3_WB":-99,"CONTINENT":"South America","REGION_UN":"Americas","SUBREGION":"South America","REGION_WB":"Latin America & Caribbean","NAME_LEN":9,"LONG_LEN":9,"ABBREV_LEN":4,"TINY":-99,"HOMEPART":1,"MIN_ZOOM":0,"MIN_LABEL":3,"MAX_LABEL":7.5},"bbox":[-73.304952,0.724452,-59.758285,12.162307],"geometry":{"type":"Polygon","coordinates":[[[-60.734,5.2],[-60.601,4.918],[-60.967,4.536],[-62.085,4.162],[-62.805,4.007],[-63.093,3.771],[-63.888,4.021],[-64.629,4.148],[-64.816,4.056],[-64.368,3.797],[-64.409,3.127],[-64.27,2.497],[-63.423,2.411],[-63.369,2.201],[-64.083,1.916],[-64.199,1.493],[-64.611,1.329],[-65.355,1.095],[-65.548,0.789],[-66.326,0.724],[-66.876,1.253],[-67.181,2.251],[-67.447,2.6],[-67.81,2.821],[-67.303,3.318],[-67.338,3.542],[-67.622,3.839],[-67.823,4.504],[-67.745,5.221],[-67.522,5.557],[-67.341,6.095],[-67.695,6.267],[-68.265,6.153],[-68.985,6.207],[-69.389,6.1],[-70.093,6.96],[-70.674,7.088],[-71.96,6.992],[-72.198,7.34],[-72.444,7.424],[-72.48,7.633],[-72.361,8.003],[-72.44,8.405],[-72.66,8.625],[-72.789,9.085],[-73.305,9.152],[-73.028,9.737],[-72.905,10.45],[-72.615,10.822],[-72.228,11.109],[-71.974,11.609],[-71.332,11.776],[-71.36,11.54],[-71.947,11.423],[-71.621,10.969],[-71.633,10.446],[-72.074,9.866],[-71.696,9.072],[-71.265,9.137],[-71.04,9.86],[-71.35,10.212],[-71.401,10.969],[-70.155,11.375],[-70.294,11.847],[-69.943,12.162],[-69.584,11.46],[-68.883,11.443],[-68.233,10.886],[-68.194,10.555],[-67.296,10.546],[-66.228,10.649],[-65.655,10.201],[-64.89,10.077],[-64.329,10.39],[-64.318,10.641],[-63.079,10.702],[-61.881,10.716],[-62.73,10.42],[-62.389,9.948],[-61.589,9.873],[-60.831,9.381],[-60.671,8.58],[-60.15,8.603],[-59.758,8.367],[-60.551,7.78],[-60.638,7.415],[-60.296,7.044],[-60.544,6.857],[-61.159,6.696],[-61.139,6.234],[-61.41,5.959],[-60.734,5.2]]]}},{"type":"Feature","properties":{"scalerank":1,"featurecla":"Admin-0 country","LABELRANK":2,"SOVEREIGNT":"Vietnam","SOV_A3":"VNM","ADM0_DIF":0,"LEVEL":2,"TYPE":"Sovereign country","ADMIN":"Vietnam","ADM0_A3":"VNM","GEOU_DIF":0,"GEOUNIT":"Vietnam","GU_A3":"VNM","SU_DIF":0,"SUBUNIT":"Vietnam","SU_A3":"VNM","BRK_DIFF":0,"NAME":"Vietnam","NAME_LONG":"Vietnam","BRK_A3":"VNM","BRK_NAME":"Vietnam","BRK_GROUP":null,"ABBREV":"Viet.","POSTAL":"VN","FORMAL_EN":"Socialist Republic of Vietnam","FORMAL_FR":null,"NAME_CIAWF":"Vietnam","NOTE_ADM0":null,"NOTE_BRK":null,"NAME_SORT":"Vietnam","NAME_ALT":null,"MAPCOLOR7":5,"MAPCOLOR8":6,"MAPCOLOR9":5,"MAPCOLOR13":4,"POP_EST":96160163,"POP_RANK":16,"GDP_MD_EST":594900,"POP_YEAR":2017,"LASTCENSUS":2009,"GDP_YEAR":2016,"ECONOMY":"5. Emerging region: G20","INCOME_GRP":"4. Lower middle income","WIKIPEDIA":-99,"FIPS_10_":"VM","ISO_A2":"VN","ISO_A3":"VNM","ISO_A3_EH":"VNM","ISO_N3":"704","UN_A3":"704","WB_A2":"VN","WB_A3":"VNM","WOE_ID":23424984,"WOE_ID_EH":23424984,"WOE_NOTE":"Exact WOE match as country","ADM0_A3_IS":"VNM","ADM0_A3_US":"VNM","ADM0_A3_UN":-99,"ADM0_A3_WB":-99,"CONTINENT":"Asia","REGION_UN":"Asia","SUBREGION":"South-Eastern Asia","REGION_WB":"East Asia & Pacific","NAME_LEN":7,"LONG_LEN":7,"ABBREV_LEN":5,"TINY":2,"HOMEPART":1,"MIN_ZOOM":0,"MIN_LABEL":2,"MAX_LABEL":7},"bbox":[102.170436,8.59976,109.33527,23.352063],"geometry":{"type":"Polygon","coordinates":[[[102.17,22.465],[102.707,22.709],[103.505,22.704],[104.477,22.819],[105.329,23.352],[105.811,22.977],[106.725,22.794],[106.567,22.218],[107.043,21.812],[108.05,21.552],[106.715,20.697],[105.882,19.752],[105.662,19.058],[106.427,18.004],[107.362,16.697],[108.269,16.08],[108.877,15.277],[109.335,13.426],[109.2,11.667],[108.366,11.008],[107.221,10.364],[106.405,9.531],[105.158,8.6],[104.795,9.241],[105.076,9.918],[104.334,10.487],[105.2,10.889],[106.25,10.962],[105.811,11.568],[107.491,12.337],[107.615,13.536],[107.383,14.202],[107.565,15.202],[107.313,15.909],[106.556,16.604],[105.926,17.485],[105.095,18.667],[103.897,19.265],[104.183,19.625],[104.823,19.887],[104.435,20.759],[103.204,20.767],[102.755,21.675],[102.17,22.465]]]}},{"type":"Feature","properties":{"scalerank":1,"featurecla":"Admin-0 country","LABELRANK":4,"SOVEREIGNT":"Vanuatu","SOV_A3":"VUT","ADM0_DIF":0,"LEVEL":2,"TYPE":"Sovereign country","ADMIN":"Vanuatu","ADM0_A3":"VUT","GEOU_DIF":0,"GEOUNIT":"Vanuatu","GU_A3":"VUT","SU_DIF":0,"SUBUNIT":"Vanuatu","SU_A3":"VUT","BRK_DIFF":0,"NAME":"Vanuatu","NAME_LONG":"Vanuatu","BRK_A3":"VUT","BRK_NAME":"Vanuatu","BRK_GROUP":null,"ABBREV":"Van.","POSTAL":"VU","FORMAL_EN":"Republic of Vanuatu","FORMAL_FR":null,"NAME_CIAWF":"Vanuatu","NOTE_ADM0":null,"NOTE_BRK":null,"NAME_SORT":"Vanuatu","NAME_ALT":null,"MAPCOLOR7":6,"MAPCOLOR8":3,"MAPCOLOR9":7,"MAPCOLOR13":3,"POP_EST":282814,"POP_RANK":10,"GDP_MD_EST":723,"POP_YEAR":2017,"LASTCENSUS":2009,"GDP_YEAR":2016,"ECONOMY":"7. Least developed region","INCOME_GRP":"4. Lower middle income","WIKIPEDIA":-99,"FIPS_10_":"NH","ISO_A2":"VU","ISO_A3":"VUT","ISO_A3_EH":"VUT","ISO_N3":"548","UN_A3":"548","WB_A2":"VU","WB_A3":"VUT","WOE_ID":23424907,"WOE_ID_EH":23424907,"WOE_NOTE":"Exact WOE match as country","ADM0_A3_IS":"VUT","ADM0_A3_US":"VUT","ADM0_A3_UN":-99,"ADM0_A3_WB":-99,"CONTINENT":"Oceania","REGION_UN":"Oceania","SUBREGION":"Melanesia","REGION_WB":"East Asia & Pacific","NAME_LEN":7,"LONG_LEN":7,"ABBREV_LEN":4,"TINY":2,"HOMEPART":1,"MIN_ZOOM":0,"MIN_LABEL":4,"MAX_LABEL":9},"bbox":[166.629137,-16.59785,167.844877,-14.626497],"geometry":{"type":"MultiPolygon","coordinates":[[[[167.845,-16.466],[167.515,-16.598],[167.18,-16.16],[167.217,-15.892],[167.845,-16.466]]],[[[167.108,-14.934],[167.27,-15.74],[167.001,-15.615],[166.793,-15.669],[166.65,-15.393],[166.629,-14.626],[167.108,-14.934]]]]}},{"type":"Feature","properties":{"scalerank":1,"featurecla":"Admin-0 country","LABELRANK":3,"SOVEREIGNT":"Yemen","SOV_A3":"YEM","ADM0_DIF":0,"LEVEL":2,"TYPE":"Sovereign country","ADMIN":"Yemen","ADM0_A3":"YEM","GEOU_DIF":0,"GEOUNIT":"Yemen","GU_A3":"YEM","SU_DIF":0,"SUBUNIT":"Yemen","SU_A3":"YEM","BRK_DIFF":0,"NAME":"Yemen","NAME_LONG":"Yemen","BRK_A3":"YEM","BRK_NAME":"Yemen","BRK_GROUP":null,"ABBREV":"Yem.","POSTAL":"YE","FORMAL_EN":"Republic of Yemen","FORMAL_FR":null,"NAME_CIAWF":"Yemen","NOTE_ADM0":null,"NOTE_BRK":null,"NAME_SORT":"Yemen, Rep.","NAME_ALT":null,"MAPCOLOR7":5,"MAPCOLOR8":3,"MAPCOLOR9":3,"MAPCOLOR13":11,"POP_EST":28036829,"POP_RANK":15,"GDP_MD_EST":73450,"POP_YEAR":2017,"LASTCENSUS":2004,"GDP_YEAR":2016,"ECONOMY":"7. Least developed region","INCOME_GRP":"4. Lower middle income","WIKIPEDIA":-99,"FIPS_10_":"YM","ISO_A2":"YE","ISO_A3":"YEM","ISO_A3_EH":"YEM","ISO_N3":"887","UN_A3":"887","WB_A2":"RY","WB_A3":"YEM","WOE_ID":23425002,"WOE_ID_EH":23425002,"WOE_NOTE":"Exact WOE match as country","ADM0_A3_IS":"YEM","ADM0_A3_US":"YEM","ADM0_A3_UN":-99,"ADM0_A3_WB":-99,"CONTINENT":"Asia","REGION_UN":"Asia","SUBREGION":"Western Asia","REGION_WB":"Middle East & North Africa","NAME_LEN":5,"LONG_LEN":5,"ABBREV_LEN":4,"TINY":-99,"HOMEPART":1,"MIN_ZOOM":0,"MIN_LABEL":3,"MAX_LABEL":8},"bbox":[42.604873,12.58595,53.108573,19.000003],"geometry":{"type":"Polygon","coordinates":[[[52,19],[52.782,17.35],[53.109,16.651],[52.385,16.382],[52.192,15.938],[52.168,15.597],[51.173,15.175],[49.575,14.709],[48.679,14.003],[48.239,13.948],[47.939,14.007],[47.354,13.592],[46.717,13.4],[45.878,13.348],[45.625,13.291],[45.406,13.027],[45.144,12.954],[44.99,12.7],[44.495,12.722],[44.175,12.586],[43.483,12.637],[43.223,13.221],[43.251,13.768],[43.088,14.063],[42.892,14.802],[42.605,15.213],[42.805,15.262],[42.702,15.719],[42.824,15.912],[42.779,16.348],[43.218,16.667],[43.116,17.088],[43.381,17.58],[43.792,17.32],[44.063,17.41],[45.217,17.433],[45.4,17.333],[46.367,17.233],[46.75,17.283],[47,16.95],[47.467,17.117],[48.183,18.167],[49.117,18.617],[52,19]]]}},{"type":"Feature","properties":{"scalerank":1,"featurecla":"Admin-0 country","LABELRANK":2,"SOVEREIGNT":"South Africa","SOV_A3":"ZAF","ADM0_DIF":0,"LEVEL":2,"TYPE":"Sovereign country","ADMIN":"South Africa","ADM0_A3":"ZAF","GEOU_DIF":0,"GEOUNIT":"South Africa","GU_A3":"ZAF","SU_DIF":0,"SUBUNIT":"South Africa","SU_A3":"ZAF","BRK_DIFF":0,"NAME":"South Africa","NAME_LONG":"South Africa","BRK_A3":"ZAF","BRK_NAME":"South Africa","BRK_GROUP":null,"ABBREV":"S.Af.","POSTAL":"ZA","FORMAL_EN":"Republic of South Africa","FORMAL_FR":null,"NAME_CIAWF":"South Africa","NOTE_ADM0":null,"NOTE_BRK":null,"NAME_SORT":"South Africa","NAME_ALT":null,"MAPCOLOR7":2,"MAPCOLOR8":3,"MAPCOLOR9":4,"MAPCOLOR13":2,"POP_EST":54841552,"POP_RANK":16,"GDP_MD_EST":739100,"POP_YEAR":2017,"LASTCENSUS":2001,"GDP_YEAR":2016,"ECONOMY":"5. Emerging region: G20","INCOME_GRP":"3. Upper middle income","WIKIPEDIA":-99,"FIPS_10_":"SF","ISO_A2":"ZA","ISO_A3":"ZAF","ISO_A3_EH":"ZAF","ISO_N3":"710","UN_A3":"710","WB_A2":"ZA","WB_A3":"ZAF","WOE_ID":23424942,"WOE_ID_EH":23424942,"WOE_NOTE":"Exact WOE match as country","ADM0_A3_IS":"ZAF","ADM0_A3_US":"ZAF","ADM0_A3_UN":-99,"ADM0_A3_WB":-99,"CONTINENT":"Africa","REGION_UN":"Africa","SUBREGION":"Southern Africa","REGION_WB":"Sub-Saharan Africa","NAME_LEN":12,"LONG_LEN":12,"ABBREV_LEN":5,"TINY":-99,"HOMEPART":1,"MIN_ZOOM":0,"MIN_LABEL":1.7,"MAX_LABEL":6.7},"bbox":[16.344977,-34.819166,32.83012,-22.091313],"geometry":{"type":"Polygon","coordinates":[[[19.896,-24.768],[20.166,-24.918],[20.759,-25.868],[20.666,-26.477],[20.89,-26.829],[21.606,-26.727],[22.106,-26.28],[22.58,-25.979],[22.824,-25.5],[23.312,-25.269],[23.734,-25.39],[24.211,-25.67],[25.025,-25.72],[25.665,-25.487],[25.766,-25.175],[25.942,-24.696],[26.486,-24.616],[26.786,-24.241],[27.119,-23.574],[28.017,-22.828],[29.432,-22.091],[29.839,-22.102],[30.323,-22.272],[30.66,-22.152],[31.191,-22.252],[31.67,-23.659],[31.931,-24.369],[31.752,-25.484],[31.838,-25.843],[31.333,-25.66],[31.044,-25.731],[30.95,-26.023],[30.677,-26.398],[30.686,-26.744],[31.283,-27.286],[31.868,-27.178],[32.072,-26.734],[32.83,-26.742],[32.58,-27.47],[32.462,-28.301],[32.203,-28.752],[31.521,-29.257],[31.326,-29.402],[30.902,-29.91],[30.623,-30.424],[30.056,-31.14],[28.926,-32.172],[28.22,-32.772],[27.465,-33.227],[26.419,-33.615],[25.91,-33.667],[25.781,-33.945],[25.173,-33.797],[24.678,-33.987],[23.594,-33.794],[22.988,-33.916],[22.574,-33.864],[21.543,-34.259],[20.689,-34.417],[20.071,-34.795],[19.616,-34.819],[19.193,-34.463],[18.855,-34.444],[18.425,-33.998],[18.377,-34.137],[18.244,-33.868],[18.25,-33.281],[17.925,-32.611],[18.248,-32.429],[18.222,-31.662],[17.567,-30.726],[17.064,-29.879],[17.063,-29.876],[16.345,-28.577],[16.824,-28.082],[17.219,-28.356],[17.387,-28.784],[17.836,-28.856],[18.465,-29.045],[19.002,-28.972],[19.895,-28.461],[19.896,-24.768]],[[28.978,-28.956],[28.542,-28.648],[28.074,-28.851],[27.533,-29.243],[26.999,-29.876],[27.749,-30.645],[28.107,-30.546],[28.291,-30.226],[28.848,-30.07],[29.018,-29.744],[29.325,-29.257],[28.978,-28.956]]]}},{"type":"Feature","properties":{"scalerank":1,"featurecla":"Admin-0 country","LABELRANK":3,"SOVEREIGNT":"Zambia","SOV_A3":"ZMB","ADM0_DIF":0,"LEVEL":2,"TYPE":"Sovereign country","ADMIN":"Zambia","ADM0_A3":"ZMB","GEOU_DIF":0,"GEOUNIT":"Zambia","GU_A3":"ZMB","SU_DIF":0,"SUBUNIT":"Zambia","SU_A3":"ZMB","BRK_DIFF":0,"NAME":"Zambia","NAME_LONG":"Zambia","BRK_A3":"ZMB","BRK_NAME":"Zambia","BRK_GROUP":null,"ABBREV":"Zambia","POSTAL":"ZM","FORMAL_EN":"Republic of Zambia","FORMAL_FR":null,"NAME_CIAWF":"Zambia","NOTE_ADM0":null,"NOTE_BRK":null,"NAME_SORT":"Zambia","NAME_ALT":null,"MAPCOLOR7":5,"MAPCOLOR8":8,"MAPCOLOR9":5,"MAPCOLOR13":13,"POP_EST":15972000,"POP_RANK":14,"GDP_MD_EST":65170,"POP_YEAR":2017,"LASTCENSUS":2010,"GDP_YEAR":2016,"ECONOMY":"7. Least developed region","INCOME_GRP":"4. Lower middle income","WIKIPEDIA":-99,"FIPS_10_":"ZA","ISO_A2":"ZM","ISO_A3":"ZMB","ISO_A3_EH":"ZMB","ISO_N3":"894","UN_A3":"894","WB_A2":"ZM","WB_A3":"ZMB","WOE_ID":23425003,"WOE_ID_EH":23425003,"WOE_NOTE":"Exact WOE match as country","ADM0_A3_IS":"ZMB","ADM0_A3_US":"ZMB","ADM0_A3_UN":-99,"ADM0_A3_WB":-99,"CONTINENT":"Africa","REGION_UN":"Africa","SUBREGION":"Eastern Africa","REGION_WB":"Sub-Saharan Africa","NAME_LEN":6,"LONG_LEN":6,"ABBREV_LEN":6,"TINY":-99,"HOMEPART":1,"MIN_ZOOM":0,"MIN_LABEL":3,"MAX_LABEL":8},"bbox":[21.887843,-17.961229,33.485688,-8.238257],"geometry":{"type":"Polygon","coordinates":[[[23.215,-17.523],[22.562,-16.898],[21.888,-16.08],[21.934,-12.898],[24.016,-12.911],[23.931,-12.566],[24.08,-12.191],[23.904,-11.722],[24.018,-11.237],[23.912,-10.927],[24.257,-10.952],[24.315,-11.263],[24.783,-11.239],[25.418,-11.331],[25.752,-11.785],[26.553,-11.924],[27.164,-11.609],[27.389,-12.133],[28.155,-12.272],[28.524,-12.699],[28.934,-13.249],[29.7,-13.257],[29.616,-12.179],[29.342,-12.361],[28.642,-11.972],[28.372,-11.794],[28.496,-10.79],[28.674,-9.606],[28.45,-9.165],[28.735,-8.527],[29.003,-8.407],[30.346,-8.238],[30.74,-8.34],[31.158,-8.595],[31.556,-8.762],[32.192,-8.93],[32.759,-9.231],[33.231,-9.677],[33.486,-10.526],[33.315,-10.797],[33.114,-11.607],[33.306,-12.436],[32.992,-12.784],[32.688,-13.713],[33.214,-13.972],[30.179,-14.796],[30.274,-15.508],[29.517,-15.645],[28.947,-16.043],[28.826,-16.39],[28.468,-16.468],[27.598,-17.291],[27.044,-17.938],[26.707,-17.961],[26.382,-17.846],[25.264,-17.737],[25.084,-17.662],[25.077,-17.579],[24.682,-17.353],[24.034,-17.296],[23.215,-17.523]]]}},{"type":"Feature","properties":{"scalerank":1,"featurecla":"Admin-0 country","LABELRANK":3,"SOVEREIGNT":"Zimbabwe","SOV_A3":"ZWE","ADM0_DIF":0,"LEVEL":2,"TYPE":"Sovereign country","ADMIN":"Zimbabwe","ADM0_A3":"ZWE","GEOU_DIF":0,"GEOUNIT":"Zimbabwe","GU_A3":"ZWE","SU_DIF":0,"SUBUNIT":"Zimbabwe","SU_A3":"ZWE","BRK_DIFF":0,"NAME":"Zimbabwe","NAME_LONG":"Zimbabwe","BRK_A3":"ZWE","BRK_NAME":"Zimbabwe","BRK_GROUP":null,"ABBREV":"Zimb.","POSTAL":"ZW","FORMAL_EN":"Republic of Zimbabwe","FORMAL_FR":null,"NAME_CIAWF":"Zimbabwe","NOTE_ADM0":null,"NOTE_BRK":null,"NAME_SORT":"Zimbabwe","NAME_ALT":null,"MAPCOLOR7":1,"MAPCOLOR8":5,"MAPCOLOR9":3,"MAPCOLOR13":9,"POP_EST":13805084,"POP_RANK":14,"GDP_MD_EST":28330,"POP_YEAR":2017,"LASTCENSUS":2002,"GDP_YEAR":2016,"ECONOMY":"5. Emerging region: G20","INCOME_GRP":"5. Low income","WIKIPEDIA":-99,"FIPS_10_":"ZI","ISO_A2":"ZW","ISO_A3":"ZWE","ISO_A3_EH":"ZWE","ISO_N3":"716","UN_A3":"716","WB_A2":"ZW","WB_A3":"ZWE","WOE_ID":23425004,"WOE_ID_EH":23425004,"WOE_NOTE":"Exact WOE match as country","ADM0_A3_IS":"ZWE","ADM0_A3_US":"ZWE","ADM0_A3_UN":-99,"ADM0_A3_WB":-99,"CONTINENT":"Africa","REGION_UN":"Africa","SUBREGION":"Eastern Africa","REGION_WB":"Sub-Saharan Africa","NAME_LEN":8,"LONG_LEN":8,"ABBREV_LEN":5,"TINY":-99,"HOMEPART":1,"MIN_ZOOM":0,"MIN_LABEL":3,"MAX_LABEL":8},"bbox":[25.264226,-22.271612,32.849861,-15.507787],"geometry":{"type":"Polygon","coordinates":[[[29.432,-22.091],[28.795,-21.639],[28.021,-21.486],[27.727,-20.852],[27.725,-20.499],[27.297,-20.392],[26.165,-19.293],[25.85,-18.714],[25.649,-18.536],[25.264,-17.737],[26.382,-17.846],[26.707,-17.961],[27.044,-17.938],[27.598,-17.291],[28.468,-16.468],[28.826,-16.39],[28.947,-16.043],[29.517,-15.645],[30.274,-15.508],[30.339,-15.881],[31.173,-15.861],[31.636,-16.072],[31.852,-16.319],[32.328,-16.392],[32.848,-16.713],[32.85,-17.979],[32.655,-18.672],[32.612,-19.419],[32.773,-19.716],[32.66,-20.304],[32.509,-20.395],[32.245,-21.116],[31.191,-22.252],[30.66,-22.152],[30.323,-22.272],[29.839,-22.102],[29.432,-22.091]]]}}],"bbox":[-180,-90,180,83.64513]}